{
"type": "FeatureCollection",
"name": "farleder",
"crs": { "type": "name", "properties": { "name": "urn:ogc:def:crs:OGC:1.3:CRS84" } },
"features": [
{ "type": "Feature", "properties": { "gml_id": "id65984d77-75ec-4b49-bf55-6e028197ca0b", "lokalid": "370f8e40-c263-4d13-8878-6bfe8927f941", "navnerom": "https://data.geonorge.no/sosi/samferdsel/hovedled_og_biled", "versjonId": 20210101, "datauttaksdato": "2026-01-01T23:00:57", "farlednavn": "Torsetsundet - Dromnessundet", "farlednummer": 2495, "farledtype": "Biled" }, "geometry": { "type": "LineString", "coordinates": [ [ 8.158609423140438, 63.27436927606194 ], [ 8.233983461284245, 63.280254878292943 ], [ 8.326592662125005, 63.28742853239202 ], [ 8.380401831988115, 63.290398905574747 ], [ 8.435727801348643, 63.293874848579563 ], [ 8.489396290247008, 63.300969632466909 ], [ 8.552150141874705, 63.310992651233974 ], [ 8.615517765797231, 63.317828528511086 ], [ 8.655573220632165, 63.323847916218178 ], [ 8.710327593659741, 63.335187146652011 ], [ 8.709806453258444, 63.344050689291301 ], [ 8.696328161538135, 63.345793407996574 ], [ 8.702481549774388, 63.356289591532672 ], [ 8.699448156872826, 63.359375719055031 ], [ 8.670981560521133, 63.372242383537603 ], [ 8.646620387987543, 63.389697893478967 ], [ 8.640634908429355, 63.422163882747576 ] ] } },
{ "type": "Feature", "properties": { "gml_id": "id9a7e241d-6669-46c5-a983-5ccc7b6c0811", "lokalid": "cd4e72c5-e054-417c-ba66-7e5af1302100", "navnerom": "https://data.geonorge.no/sosi/samferdsel/hovedled_og_biled", "versjonId": 20210101, "datauttaksdato": "2026-01-01T23:00:58", "farlednavn": "Aursundet", "farlednummer": 2484, "farledtype": "Biled" }, "geometry": { "type": "LineString", "coordinates": [ [ 8.608623281286977, 63.177909068284059 ], [ 8.575306321632699, 63.204556389979423 ], [ 8.560773161085727, 63.224684027672517 ], [ 8.522625895971411, 63.255959040140034 ], [ 8.520148135470066, 63.262789589321827 ], [ 8.504876618330867, 63.272465643141054 ], [ 8.478931117530745, 63.278532894438406 ], [ 8.435685812662946, 63.293884820101972 ] ] } },
{ "type": "Feature", "properties": { "gml_id": "id5c37868c-7485-42b1-b606-e7e6e8e564e3", "lokalid": "9ac231e0-004c-4933-83b6-7d5346341846", "navnerom": "https://data.geonorge.no/sosi/samferdsel/hovedled_og_biled", "versjonId": 20210101, "datauttaksdato": "2026-01-01T23:00:58", "farlednavn": "Barstindleia", "farlednummer": 2861, "farledtype": "Biled" }, "geometry": { "type": "LineString", "coordinates": [ [ 16.82807407572102, 69.489218726844101 ], [ 17.011707578845737, 69.444385570027265 ], [ 17.114271023067094, 69.419463337643393 ], [ 17.132950103678287, 69.414911735230817 ] ] } },
{ "type": "Feature", "properties": { "gml_id": "id11785001-f0b3-4472-a087-5a7aae8920f1", "lokalid": "13309cff-0c8d-4cc9-802b-8bc4682ae726", "navnerom": "https://data.geonorge.no/sosi/samferdsel/hovedled_og_biled", "versjonId": 20210101, "datauttaksdato": "2026-01-01T23:00:58", "farlednavn": "Tvedestrandsfjorden", "farlednummer": 2080, "farledtype": "Biled" }, "geometry": { "type": "LineString", "coordinates": [ [ 8.942912523000757, 58.615717388048083 ], [ 8.9464249252689, 58.603519238615178 ], [ 8.94872585525769, 58.596731055789299 ], [ 8.957101139389881, 58.595780992263826 ], [ 8.962168740281465, 58.597342074819892 ], [ 8.968936371739119, 58.598838078227196 ], [ 8.969719628863761, 58.596219485558876 ], [ 8.968330125035958, 58.593160415714983 ], [ 8.971209129288898, 58.591238550096044 ], [ 8.971215994603156, 58.591215586807671 ], [ 8.986603454436999, 58.58309442780093 ], [ 8.996790520639516, 58.568775543186668 ], [ 9.006529541588899, 58.561278633014332 ], [ 9.00239382120712, 58.556137838130773 ], [ 9.001955537006284, 58.555592948948473 ], [ 9.00009631367892, 58.553281305666843 ], [ 8.999368117687569, 58.550124236243029 ], [ 8.998856431054287, 58.549042552337085 ], [ 9.01525765114733, 58.534434900450165 ] ] } },
{ "type": "Feature", "properties": { "gml_id": "id5cab832e-e581-4cec-bf2e-c363d4b8f44a", "lokalid": "574e8cd2-6fa9-49d5-a4ad-573d2a4dbb5d", "navnerom": "https://data.geonorge.no/sosi/samferdsel/hovedled_og_biled", "versjonId": 20210101, "datauttaksdato": "2026-01-01T23:00:58", "farlednavn": "Vestre Ombofjorden - Sandsfjorden", "farlednummer": 2122, "farledtype": "Biled" }, "geometry": { "type": "LineString", "coordinates": [ [ 5.913317696913839, 59.29706389754336 ], [ 5.974312051186582, 59.320548428749191 ] ] } },
{ "type": "Feature", "properties": { "gml_id": "id0c95794d-d81d-4f4c-918f-76014d2c9844", "lokalid": "91cd1ec2-cd90-4682-8871-be77680ef5de", "navnerom": "https://data.geonorge.no/sosi/samferdsel/hovedled_og_biled", "versjonId": 20210101, "datauttaksdato": "2026-01-01T23:00:58", "farlednavn": "Vestre Ombofjorden - Sandsfjorden", "farlednummer": 2122, "farledtype": "Biled" }, "geometry": { "type": "LineString", "coordinates": [ [ 5.974289107657747, 59.320546826669478 ], [ 5.994278243840597, 59.330375333339937 ], [ 6.011541911035784, 59.363075639318708 ] ] } },
{ "type": "Feature", "properties": { "gml_id": "ide59abc1a-634c-4601-9d9f-5b5bb1577a3f", "lokalid": "2b48c5ec-8b88-4641-bdfc-945f458ac5cf", "navnerom": "https://data.geonorge.no/sosi/samferdsel/hovedled_og_biled", "versjonId": 20210101, "datauttaksdato": "2026-01-01T23:00:58", "farlednavn": "Jelsafjorden - Erfjorden", "farlednummer": 2135, "farledtype": "Biled" }, "geometry": { "type": "LineString", "coordinates": [ [ 5.974203602425884, 59.320516964086458 ], [ 6.076098724777408, 59.311368552764385 ], [ 6.125851679920988, 59.311081681803557 ], [ 6.181120498993977, 59.313163213825284 ], [ 6.249317053453412, 59.321562541728042 ] ] } },
{ "type": "Feature", "properties": { "gml_id": "id0c8c018f-679b-4f67-8cdf-2012217335f9", "lokalid": "82d7cec2-1ed5-4f29-bab9-95966d0cc68d", "navnerom": "https://data.geonorge.no/sosi/samferdsel/hovedled_og_biled", "versjonId": 20210101, "datauttaksdato": "2026-01-01T23:00:58", "farlednavn": "Skatestraumen", "farlednummer": 1521, "farledtype": "Hovedled" }, "geometry": { "type": "LineString", "coordinates": [ [ 5.262051695420137, 61.833081684917801 ], [ 5.268688361572267, 61.862191684967968 ], [ 5.220903362149036, 61.872225014755408 ], [ 5.212524373528661, 61.874275191029497 ], [ 5.183192058283734, 61.876401833247073 ], [ 5.173505030190843, 61.878495016101098 ], [ 5.1686100311834, 61.886390015492907 ], [ 5.167891697240946, 61.887545015785555 ], [ 5.13374641440828, 61.904653637148861 ], [ 5.119686699991262, 61.911690016662234 ] ] } },
{ "type": "Feature", "properties": { "gml_id": "id29b1930d-d5cd-4ae6-ba21-d125663acded", "lokalid": "1b7fb983-013e-4e0f-967a-2293df34bb28", "navnerom": "https://data.geonorge.no/sosi/samferdsel/hovedled_og_biled", "versjonId": 20210101, "datauttaksdato": "2026-01-01T23:00:58", "farlednavn": "Årsnesfjorden - Skålvikfjorden", "farlednummer": 2483, "farledtype": "Biled" }, "geometry": { "type": "LineString", "coordinates": [ [ 7.900442090336338, 63.114669224536861 ], [ 8.100185900722069, 63.136204552835572 ], [ 8.205366847758008, 63.148142346617739 ], [ 8.225258148255508, 63.150478339423294 ], [ 8.231863372126639, 63.143570068373755 ], [ 8.235217655906673, 63.141649877341862 ], [ 8.241398668068792, 63.134881906076984 ], [ 8.248515016600562, 63.12827365410498 ], [ 8.249429845271292, 63.125932881521187 ], [ 8.250563290977404, 63.124460973090571 ], [ 8.268750990120479, 63.116189612163176 ], [ 8.286857360211945, 63.116369332901854 ], [ 8.290666071243352, 63.115749187929332 ], [ 8.292401230214583, 63.113714297248137 ], [ 8.301703930507616, 63.102972940539637 ], [ 8.310892815375009, 63.096956347364568 ], [ 8.315073327564944, 63.091406292037775 ], [ 8.308290813954825, 63.080602617295519 ] ] } },
{ "type": "Feature", "properties": { "gml_id": "iddac91ea7-628b-4de6-bdee-f3fa8d33f64b", "lokalid": "8ce575c8-2e5d-432a-b44a-2d6b31ead6f7", "navnerom": "https://data.geonorge.no/sosi/samferdsel/hovedled_og_biled", "versjonId": 20210101, "datauttaksdato": "2026-01-01T23:00:58", "farlednavn": "Nordgulen", "farlednummer": 2333, "farledtype": "Biled" }, "geometry": { "type": "LineString", "coordinates": [ [ 5.284412932720513, 61.771195156109286 ], [ 5.254625136409723, 61.772557334977947 ], [ 5.221833135921921, 61.768934187327034 ], [ 5.187781898639794, 61.76547509110565 ], [ 5.163197704898525, 61.767767147444879 ], [ 5.153221245351555, 61.765177657533421 ], [ 5.146228571307237, 61.759141366920517 ], [ 5.138300188423552, 61.755071338265083 ], [ 5.108003105875787, 61.753179995150106 ], [ 5.030624074608893, 61.772142462820092 ] ] } },
{ "type": "Feature", "properties": { "gml_id": "id56cf4257-6d4a-4f90-98d3-4411fa5d06d8", "lokalid": "68a416b5-3fbe-483a-b6cb-e3d2da9f5f84", "navnerom": "https://data.geonorge.no/sosi/samferdsel/hovedled_og_biled", "versjonId": 20210101, "datauttaksdato": "2026-01-01T23:00:58", "farlednavn": "Tranøy - Tysfjorden", "farlednummer": 2712, "farledtype": "Biled" }, "geometry": { "type": "LineString", "coordinates": [ [ 15.594792883020457, 68.212318372074222 ], [ 15.691052256393341, 68.234351305611014 ], [ 15.828596715743622, 68.256042497422598 ], [ 15.96121853492974, 68.276810821716083 ], [ 16.054747488774847, 68.273146082940571 ], [ 16.083124828486902, 68.264892121113277 ], [ 16.083385215852019, 68.264816333839207 ], [ 16.083680076327525, 68.264575217010346 ], [ 16.084399957752783, 68.263986522715498 ], [ 16.12513004868137, 68.230624410102678 ], [ 16.150051858670025, 68.210158038343039 ], [ 16.181315697511081, 68.167357650714564 ], [ 16.20326859983907, 68.137205301448816 ], [ 16.341842242129431, 68.091674889367141 ], [ 16.353725852171038, 68.091874780645654 ] ] } },
{ "type": "Feature", "properties": { "gml_id": "idf26ff64c-088b-484a-9223-b4d420e27af8", "lokalid": "eb080cdf-dbd5-41f2-be39-a190ab3b27db", "navnerom": "https://data.geonorge.no/sosi/samferdsel/hovedled_og_biled", "versjonId": 20210101, "datauttaksdato": "2026-01-01T23:00:58", "farlednavn": "Brønnøyleden", "farlednummer": 1561, "farledtype": "Hovedled" }, "geometry": { "type": "LineString", "coordinates": [ [ 10.864851912383815, 65.282655885832213 ], [ 10.908524963160776, 65.286037452248138 ], [ 11.186623151374627, 65.33956865565618 ], [ 11.403145483604039, 65.389176491118505 ], [ 11.650771113912333, 65.459459979199877 ], [ 12.063686788318947, 65.550271748988763 ] ] } },
{ "type": "Feature", "properties": { "gml_id": "ida56ad39a-ef95-4bf3-93a5-3bcdce56154f", "lokalid": "9831cbbe-9f0b-48c3-b973-2ca7e2ef17d2", "navnerom": "https://data.geonorge.no/sosi/samferdsel/hovedled_og_biled", "versjonId": 20210101, "datauttaksdato": "2026-01-01T23:00:58", "farlednavn": "Innseiling nord av Vikna", "farlednummer": 1554, "farledtype": "Hovedled" }, "geometry": { "type": "LineString", "coordinates": [ [ 11.389153545011641, 64.957485435294444 ], [ 11.196942808397589, 65.081931744011229 ], [ 11.082366935447494, 65.148570026009565 ], [ 10.876353149596625, 65.164948896036933 ], [ 10.781341808937631, 65.20275151367899 ] ] } },
{ "type": "Feature", "properties": { "gml_id": "idfc4089e7-bd0a-4a46-91cf-609371d4f191", "lokalid": "f399c0ff-142e-4c55-9333-e3049f51f353", "navnerom": "https://data.geonorge.no/sosi/samferdsel/hovedled_og_biled", "versjonId": 20210101, "datauttaksdato": "2026-01-01T23:00:58", "farlednavn": "Røingen - Bindalsfjorden - Sklinna", "farlednummer": 2565, "farledtype": "Biled" }, "geometry": { "type": "LineString", "coordinates": [ [ 10.6378392519001, 65.055343826882094 ], [ 10.715757861023263, 65.063973057030253 ], [ 10.928696379753738, 65.085517444259992 ], [ 11.037249842445245, 65.095182669287325 ], [ 11.162467180156282, 65.111754294239248 ], [ 11.317468690893946, 65.129428504434742 ], [ 11.549942205449055, 65.160619778222397 ], [ 11.640885800093917, 65.166930831930131 ], [ 11.741644922923467, 65.163452852235636 ], [ 11.84129022845368, 65.165139229275667 ], [ 12.067403989829188, 65.199037715362934 ], [ 12.183105125034681, 65.216581482960734 ], [ 12.221066057935957, 65.222413674093247 ], [ 12.264266698337934, 65.210766430348116 ], [ 12.301819731504194, 65.184241498945823 ], [ 12.313406048102044, 65.161558174915555 ], [ 12.29412816128673, 65.132483122838977 ], [ 12.345834284426472, 65.113060933564782 ], [ 12.370218073911929, 65.092899360060599 ] ] } },
{ "type": "Feature", "properties": { "gml_id": "idedb45c99-7f9d-4e44-9638-aec6b7ea15f1", "lokalid": "03633f5c-e4cc-436b-ba34-e078bd224753", "navnerom": "https://data.geonorge.no/sosi/samferdsel/hovedled_og_biled", "versjonId": 20210101, "datauttaksdato": "2026-01-01T23:00:58", "farlednavn": "Ferge Brattvåg - Dryna", "farlednummer": 2434, "farledtype": "Biled" }, "geometry": { "type": "LineString", "coordinates": [ [ 6.512082369684466, 62.632034258309687 ], [ 6.529651369027994, 62.636150877744662 ], [ 6.530370928393661, 62.639006365556973 ], [ 6.525425435346204, 62.639667956242263 ] ] } },
{ "type": "Feature", "properties": { "gml_id": "idffd55d8e-c2ef-4c04-83e5-1a18f6be14e6", "lokalid": "b86a92b7-3a02-4259-96fa-ff2131a594d0", "navnerom": "https://data.geonorge.no/sosi/samferdsel/hovedled_og_biled", "versjonId": 20210101, "datauttaksdato": "2026-01-01T23:00:58", "farlednavn": "Ferge Brattvåg - Dryna", "farlednummer": 2434, "farledtype": "Biled" }, "geometry": { "type": "LineString", "coordinates": [ [ 6.512082369684466, 62.632034258309687 ], [ 6.509057162107674, 62.63129820390386 ], [ 6.445334466162476, 62.615703533745233 ], [ 6.44688638369459, 62.614405123589876 ] ] } },
{ "type": "Feature", "properties": { "gml_id": "ide9047955-7a28-4a5d-9b9a-a95b0f95f4bc", "lokalid": "00aeebae-e95a-4537-a746-054b1fd1b77a", "navnerom": "https://data.geonorge.no/sosi/samferdsel/hovedled_og_biled", "versjonId": 20210101, "datauttaksdato": "2026-01-01T23:00:58", "farlednavn": "Ferge", "farlednummer": 2580, "farledtype": "Biled" }, "geometry": { "type": "LineString", "coordinates": [ [ 12.458275455215189, 65.715058493110377 ], [ 12.45428867788196, 65.722361335051843 ], [ 12.452308136038734, 65.722800826450069 ], [ 12.463414175132916, 65.727233068381125 ], [ 12.517260033676376, 65.748689269404053 ], [ 12.540519622519875, 65.759925234896372 ], [ 12.555295035441848, 65.761715448080309 ], [ 12.513757487083174, 65.782984175866289 ] ] } },
{ "type": "Feature", "properties": { "gml_id": "idb7880e10-29fa-483b-a541-3c6cdd5547b8", "lokalid": "070b3d11-259e-4391-8ab0-dc201ef2af5c", "navnerom": "https://data.geonorge.no/sosi/samferdsel/hovedled_og_biled", "versjonId": 20210101, "datauttaksdato": "2026-01-01T23:00:58", "farlednavn": "Tranøy - Barøya", "farlednummer": 1183, "farledtype": "Hovedled" }, "geometry": { "type": "LineString", "coordinates": [ [ 15.594792883020457, 68.212318372074222 ], [ 15.750356614226153, 68.219451000055713 ], [ 15.828596715743622, 68.256042497422598 ], [ 16.01040406824038, 68.340477961006329 ], [ 16.059485954600103, 68.363131625986995 ] ] } },
{ "type": "Feature", "properties": { "gml_id": "id993b79cf-7d6b-431b-820d-2439d52ad819", "lokalid": "d4ef0257-8ada-43e3-81e6-f1eb4d47c675", "navnerom": "https://data.geonorge.no/sosi/samferdsel/hovedled_og_biled", "versjonId": 20210101, "datauttaksdato": "2026-01-01T23:00:58", "farlednavn": "Fauskevika", "farlednummer": 2655, "farledtype": "Biled" }, "geometry": { "type": "LineString", "coordinates": [ [ 15.29494106787614, 67.215820185250607 ], [ 15.355962820607765, 67.234858261916287 ], [ 15.421460098324115, 67.25448323860887 ] ] } },
{ "type": "Feature", "properties": { "gml_id": "id9fa8567b-0949-4d58-86da-b88582276798", "lokalid": "c4061b76-3876-42d1-bccd-eda3d0313397", "navnerom": "https://data.geonorge.no/sosi/samferdsel/hovedled_og_biled", "versjonId": 20210101, "datauttaksdato": "2026-01-01T23:00:58", "farlednavn": "Sigerfjorden", "farlednummer": 2780, "farledtype": "Biled" }, "geometry": { "type": "LineString", "coordinates": [ [ 15.325619331559819, 68.629989411061572 ], [ 15.498354569857099, 68.634446809599126 ], [ 15.50956821718235, 68.637664600447096 ] ] } },
{ "type": "Feature", "properties": { "gml_id": "ida1a6698e-c1a9-4140-985a-eb479d72deaa", "lokalid": "5f8cf4f6-b41c-4f69-a45f-f27907256621", "navnerom": "https://data.geonorge.no/sosi/samferdsel/hovedled_og_biled", "versjonId": 20210101, "datauttaksdato": "2026-01-01T23:00:58", "farlednavn": "Karlsøyfjorden", "farlednummer": 2690, "farledtype": "Biled" }, "geometry": { "type": "LineString", "coordinates": [ [ 14.732448183267035, 67.548629285448072 ], [ 15.016319299299727, 67.605941467697804 ] ] } },
{ "type": "Feature", "properties": { "gml_id": "idb9e7010f-9f39-4893-abdb-83e7fbd12f61", "lokalid": "e70b01fb-b2b0-45a4-b47f-3c2461a1e8e0", "navnerom": "https://data.geonorge.no/sosi/samferdsel/hovedled_og_biled", "versjonId": 20210101, "datauttaksdato": "2026-01-01T23:00:58", "farlednavn": "Søvik Herøy", "farlednummer": 2602, "farledtype": "Biled" }, "geometry": { "type": "LineString", "coordinates": [ [ 12.432610675137306, 65.929847524880429 ], [ 12.431044611228526, 65.930958641488559 ], [ 12.408211288804683, 65.936617076144657 ], [ 12.312107915986934, 65.960368098017966 ], [ 12.309062730641454, 65.96106798532422 ], [ 12.303001676628087, 65.963280952427368 ], [ 12.297708418712439, 65.964821832181315 ], [ 12.290802952321529, 65.967800674096011 ] ] } },
{ "type": "Feature", "properties": { "gml_id": "idd43c14f1-50ef-4688-b9c4-812a3cda5add", "lokalid": "3003b6a4-2309-4470-9706-004e5dd6eed3", "navnerom": "https://data.geonorge.no/sosi/samferdsel/hovedled_og_biled", "versjonId": 20210101, "datauttaksdato": "2026-01-01T23:00:58", "farlednavn": "Ferge Sørvik - Herøy - Brasøy", "farlednummer": 2602, "farledtype": "Biled" }, "geometry": { "type": "LineString", "coordinates": [ [ 12.431044611228526, 65.930958641488559 ], [ 12.405064987491427, 65.934411929585778 ], [ 12.357271594226024, 65.940750832032776 ], [ 12.324931317679075, 65.934018826605822 ], [ 12.322409839452094, 65.937509692717029 ], [ 12.314478914701336, 65.948483101966801 ], [ 12.312107915986934, 65.960368098017966 ] ] } },
{ "type": "Feature", "properties": { "gml_id": "id7d2a7c6b-44d2-499b-9d92-388222108fd4", "lokalid": "9336dc05-dd78-4f66-afbd-cd77b5ec427f", "navnerom": "https://data.geonorge.no/sosi/samferdsel/hovedled_og_biled", "versjonId": 20210101, "datauttaksdato": "2026-01-01T23:00:58", "farlednavn": "Ferge Sørvik - Brasøy - Herøy", "farlednummer": 2602, "farledtype": "Biled" }, "geometry": { "type": "LineString", "coordinates": [ [ 12.322409839452094, 65.937509692717029 ], [ 12.293115465377031, 65.934853391534403 ], [ 12.217892684925255, 65.915676296078018 ], [ 12.194781515415885, 65.91437004549671 ] ] } },
{ "type": "Feature", "properties": { "gml_id": "idaaab2f33-35e4-4f12-97c5-7703ad8b7d1a", "lokalid": "f190f322-ed4d-45ef-832c-4c4198e637e2", "navnerom": "https://data.geonorge.no/sosi/samferdsel/hovedled_og_biled", "versjonId": 20210101, "datauttaksdato": "2026-01-01T23:00:58", "farlednavn": "Iddefjorden", "farlednummer": 2000, "farledtype": "Biled" }, "geometry": { "type": "LineString", "coordinates": [ [ 11.351815783057376, 59.108158696317886 ], [ 11.365969841370148, 59.103235826617386 ], [ 11.370347698599867, 59.098176615033353 ], [ 11.391212845927216, 59.07705794591984 ], [ 11.408587802954855, 59.051098514144229 ], [ 11.412736576262077, 59.048312683281907 ], [ 11.424175352405252, 59.052501547621908 ], [ 11.429553720428657, 59.061638993835025 ] ] } },
{ "type": "Feature", "properties": { "gml_id": "ide8c8eb5f-6041-4093-b0ca-2ac9055e73aa", "lokalid": "f5bacef6-3837-4e2d-9d55-a97d743d965e", "navnerom": "https://data.geonorge.no/sosi/samferdsel/hovedled_og_biled", "versjonId": 20210101, "datauttaksdato": "2026-01-01T23:00:58", "farlednavn": "Kaldfjord", "farlednummer": 2895, "farledtype": "Biled" }, "geometry": { "type": "LineString", "coordinates": [ [ 18.647493424965479, 69.830213256232838 ], [ 18.649704851064531, 69.826339805985896 ], [ 18.653116897384326, 69.820360602371167 ], [ 18.663454523479491, 69.802224416755053 ], [ 18.671987766656802, 69.697241050022257 ], [ 18.704682329296283, 69.68879660687368 ], [ 18.727024353282822, 69.688269866377581 ] ] } },
{ "type": "Feature", "properties": { "gml_id": "idf4ad258d-f4cf-4919-9c6c-05e1ba8f8280", "lokalid": "87dd40fc-309c-48bb-b163-e7e0486b42b1", "navnerom": "https://data.geonorge.no/sosi/samferdsel/hovedled_og_biled", "versjonId": 20210101, "datauttaksdato": "2026-01-01T23:00:58", "farlednavn": "Alsvåg", "farlednummer": 2166, "farledtype": "Biled" }, "geometry": { "type": "LineString", "coordinates": [ [ 5.127121894114234, 59.716379016239465 ], [ 5.152087007666299, 59.72142111483771 ], [ 5.165589520173299, 59.72803842150963 ], [ 5.175481883531413, 59.738761271015292 ], [ 5.167939242547322, 59.755994002480399 ], [ 5.171967715578234, 59.761432686010075 ], [ 5.173292548299241, 59.765335256377107 ] ] } },
{ "type": "Feature", "properties": { "gml_id": "id2349d770-a8b9-45f0-a267-29fff882bbe2", "lokalid": "bdd77765-0757-4233-966a-2aed306d1598", "navnerom": "https://data.geonorge.no/sosi/samferdsel/hovedled_og_biled", "versjonId": 20210101, "datauttaksdato": "2026-01-01T23:00:58", "farlednavn": "Lovud Træna", "farlednummer": 2622, "farledtype": "Biled" }, "geometry": { "type": "LineString", "coordinates": [ [ 12.372449171908297, 66.373015604917043 ], [ 12.371743095657001, 66.375235391545772 ], [ 12.371746958294832, 66.37632756455271 ], [ 12.373208474213792, 66.377064459456477 ], [ 12.373763011446155, 66.37770295727185 ], [ 12.372124356888802, 66.378090799926682 ], [ 12.370601144513051, 66.378082904637552 ], [ 12.36906580422067, 66.377908599089295 ], [ 12.365506707304492, 66.377421104315488 ], [ 12.363092172699517, 66.377587991804972 ], [ 12.361539489628122, 66.378000922044805 ], [ 12.359878376269833, 66.378880897003953 ], [ 12.357991423422767, 66.37965612412961 ], [ 12.347212768717696, 66.383627774456315 ], [ 12.341756158746938, 66.38595644592948 ], [ 12.329370751779342, 66.391062875191807 ], [ 12.325147421297579, 66.395121562309797 ], [ 12.325272944615698, 66.399492249579183 ], [ 12.330402630974373, 66.401384566160942 ], [ 12.331249824684349, 66.403440877429688 ], [ 12.163890085394451, 66.501018573585 ] ] } },
{ "type": "Feature", "properties": { "gml_id": "id8b110d48-ba9f-4e49-9f92-e252b22caebe", "lokalid": "3dd492ce-be4a-40e8-9fa4-f8ca06fec7d2", "navnerom": "https://data.geonorge.no/sosi/samferdsel/hovedled_og_biled", "versjonId": 20210101, "datauttaksdato": "2026-01-01T23:00:58", "farlednavn": "Senjahestneset -Sveinsgrunn", "farlednummer": 2826, "farledtype": "Biled" }, "geometry": { "type": "LineString", "coordinates": [ [ 16.795251440117536, 69.485052100951975 ], [ 16.640680528880782, 69.282177124068127 ], [ 16.684982175120332, 69.231456795164632 ], [ 16.723884123035301, 69.06101601929123 ], [ 16.725174602495628, 69.05718337077262 ] ] } },
{ "type": "Feature", "properties": { "gml_id": "ide3ec5992-1512-444a-ad8f-6ae3971e949b", "lokalid": "78be3853-e88e-46fb-9868-7cd6b71ee9f9", "navnerom": "https://data.geonorge.no/sosi/samferdsel/hovedled_og_biled", "versjonId": 20210101, "datauttaksdato": "2026-01-01T23:00:58", "farlednavn": "Tronheimsfjorden-Malm", "farlednummer": 1140, "farledtype": "Biled" }, "geometry": { "type": "LineString", "coordinates": [ [ 11.216768251062334, 63.958747617416755 ], [ 11.232778273271109, 64.021330830995552 ], [ 11.232085013313615, 64.02967765125652 ], [ 11.22695409104559, 64.038764698116168 ], [ 11.227739995718139, 64.065020265611366 ], [ 11.227778779244019, 64.065936174768481 ] ] } },
{ "type": "Feature", "properties": { "gml_id": "id7955035f-37cc-45bc-a69e-65f79d0714fd", "lokalid": "011a7f91-484d-4b85-9b30-120e4a08fd49", "navnerom": "https://data.geonorge.no/sosi/samferdsel/hovedled_og_biled", "versjonId": 20210101, "datauttaksdato": "2026-01-01T23:00:58", "farlednavn": "Trollfjorden-Svartsundet", "farlednummer": 2765, "farledtype": "Biled" }, "geometry": { "type": "LineString", "coordinates": [ [ 14.994671473066759, 68.364286812877026 ], [ 15.018164616805327, 68.36700169077983 ], [ 15.050242312377229, 68.36824034941489 ] ] } },
{ "type": "Feature", "properties": { "gml_id": "ide1f5349c-163c-4a92-8c83-e05938aa5467", "lokalid": "24c88d74-8cd4-48a9-bef1-06739d96d31b", "navnerom": "https://data.geonorge.no/sosi/samferdsel/hovedled_og_biled", "versjonId": 20210101, "datauttaksdato": "2026-01-01T23:00:58", "farlednavn": "Vistenfjorden", "farlednummer": 2580, "farledtype": "Biled" }, "geometry": { "type": "LineString", "coordinates": [ [ 12.517561696455379, 65.748778536493091 ], [ 12.534876478420335, 65.742791357778842 ], [ 12.596257801165869, 65.71461675136932 ], [ 12.618051735388692, 65.698340437285651 ], [ 12.639170356368206, 65.695487685452875 ], [ 12.656082205467021, 65.686869906792282 ], [ 12.652700768592258, 65.679695928061477 ], [ 12.647945912226433, 65.672453172290602 ], [ 12.64426373880001, 65.659766624967318 ], [ 12.643923205590594, 65.65591547819065 ], [ 12.64512774860335, 65.65151846867343 ], [ 12.650082222601812, 65.64888865100788 ], [ 12.66188762386113, 65.648073311881689 ], [ 12.684502525139706, 65.649843270580334 ], [ 12.713052561978099, 65.646951229852036 ], [ 12.725835162737823, 65.642822163741897 ], [ 12.751219255473522, 65.640492992769936 ], [ 12.753823470695027, 65.639629363690943 ] ] } },
{ "type": "Feature", "properties": { "gml_id": "id745f6642-2a28-43f1-ba51-2d0d2e9cd5eb", "lokalid": "5ae0fdf1-0714-4bac-afc1-574b454b465a", "navnerom": "https://data.geonorge.no/sosi/samferdsel/hovedled_og_biled", "versjonId": 20210101, "datauttaksdato": "2026-01-01T23:00:58", "farlednavn": "Lovund - Nordåsværfjorden", "farlednummer": 1163, "farledtype": "Biled" }, "geometry": { "type": "LineString", "coordinates": [ [ 12.388343392523893, 66.260642997624856 ], [ 12.371778079355735, 66.295216191488223 ], [ 12.371295713014977, 66.302093114969864 ], [ 12.381412456069592, 66.32961411296958 ], [ 12.400669815537395, 66.349025031482284 ], [ 12.404492477540536, 66.353219778538161 ], [ 12.402403158083732, 66.357410849303008 ], [ 12.388907065209985, 66.364354952956106 ] ] } },
{ "type": "Feature", "properties": { "gml_id": "idce2097f9-99f9-4eb7-a1f0-81926e39c375", "lokalid": "032b0cfc-c434-487e-ba15-3a91720065af", "navnerom": "https://data.geonorge.no/sosi/samferdsel/hovedled_og_biled", "versjonId": 20210101, "datauttaksdato": "2026-01-01T23:00:58", "farlednavn": "Vega - Herøy", "farlednummer": 2000, "farledtype": "Biled" }, "geometry": { "type": "LineString", "coordinates": [ [ 11.923417671004366, 65.714511262430051 ], [ 11.925095281596098, 65.714954768592435 ], [ 11.93052766640912, 65.715230438876134 ], [ 11.933749651534082, 65.715663359019516 ], [ 11.935216625046563, 65.716304381999151 ], [ 11.93689456907491, 65.718938607406855 ], [ 11.938264414570208, 65.722593768839815 ], [ 11.939715813256875, 65.72385783793419 ], [ 11.941775487408872, 65.737780386198153 ], [ 11.945074744857742, 65.741123801370037 ], [ 11.973944837601339, 65.762787444427872 ], [ 11.981432549235535, 65.77385979877667 ], [ 11.982481851416823, 65.778725162499256 ], [ 11.986849359767731, 65.784890863946757 ], [ 11.992446217587547, 65.788967016696233 ], [ 11.994867508045481, 65.79300429943406 ], [ 12.000594944190743, 65.800953579154964 ], [ 12.004363167207661, 65.805373294899383 ], [ 12.008707432258861, 65.810326611938365 ], [ 12.011933699166184, 65.812954418387591 ], [ 12.011014586429919, 65.823860414697933 ], [ 12.010505157935379, 65.829241193905318 ], [ 12.00986837977703, 65.864612784259137 ], [ 12.00889163576282, 65.871005583354986 ], [ 12.00463599533896, 65.876146961897248 ], [ 12.004009548580234, 65.877535832957619 ], [ 12.004843065850336, 65.878962641899449 ], [ 12.005453456995017, 65.880446921098084 ], [ 12.005794835578142, 65.882495886656159 ], [ 12.005493549723774, 65.885211573694491 ], [ 12.005261202427851, 65.887201838250121 ], [ 12.004987146829045, 65.890046203222695 ], [ 12.006004545102215, 65.892274598591214 ], [ 12.007180653937056, 65.894254265769916 ], [ 12.008644349601107, 65.895149606394853 ], [ 12.009770165419566, 65.896836353392018 ], [ 12.011542875137499, 65.899183819884072 ], [ 12.013664081225311, 65.900806803052234 ], [ 12.014754353163886, 65.901421709955542 ], [ 12.016813489340015, 65.901699239502378 ], [ 12.018922248729169, 65.902414566767973 ], [ 12.020554322789533, 65.90450288569572 ], [ 12.023315304488092, 65.90574384444119 ], [ 12.024103609916839, 65.906575953534485 ], [ 12.026167624320555, 65.907316516317664 ], [ 12.026737039537982, 65.908303655246499 ], [ 12.025749310268552, 65.909804340314935 ], [ 12.024453072955138, 65.913460044285813 ], [ 12.027335218912267, 65.917172975940048 ], [ 12.033298897920337, 65.921895311042647 ], [ 12.04566791064182, 65.93008908641805 ], [ 12.059259505914365, 65.935811740474151 ], [ 12.069655363163339, 65.940023622158989 ], [ 12.08047903088776, 65.941535782729758 ], [ 12.107639401664919, 65.944210475427326 ], [ 12.134873158776264, 65.944198387349502 ], [ 12.152024227983269, 65.943282527223573 ], [ 12.169492741772725, 65.937906520148942 ], [ 12.182307225247586, 65.931944667699867 ], [ 12.186726889051968, 65.925068408059175 ], [ 12.18830033608946, 65.920799385670861 ], [ 12.189600591680165, 65.915836746635961 ], [ 12.19009628884668, 65.914751087099717 ], [ 12.192148046580096, 65.914325607317309 ], [ 12.194760397602881, 65.914374040560304 ], [ 12.206200756071297, 65.916044803328774 ], [ 12.221797470696657, 65.921219258845923 ], [ 12.227839471086517, 65.923940367006338 ], [ 12.240607049203316, 65.930628799027687 ], [ 12.246886282096931, 65.934967960658852 ], [ 12.253510918007525, 65.939360497154311 ], [ 12.261122236264399, 65.944340161377468 ], [ 12.26818627403239, 65.947932531219948 ], [ 12.276623758958459, 65.951762586242012 ], [ 12.285579124849251, 65.955672518657721 ], [ 12.291960690620435, 65.960272616680527 ], [ 12.294250071993387, 65.963945684670151 ], [ 12.292859280752431, 65.966081859044607 ] ] } },
{ "type": "Feature", "properties": { "gml_id": "id835123c8-88e6-46ff-a813-6966b9fd7706", "lokalid": "7273f65b-4b21-4687-a9bb-96d5a5aec3fa", "navnerom": "https://data.geonorge.no/sosi/samferdsel/hovedled_og_biled", "versjonId": 20210101, "datauttaksdato": "2026-01-01T23:00:58", "farlednavn": "Slemmestad - Vollen - Oslo", "farlednummer": 2019, "farledtype": "Biled" }, "geometry": { "type": "LineString", "coordinates": [ [ 10.582898231579639, 59.842277094576552 ], [ 10.562614139019436, 59.836884923846988 ], [ 10.521932446388359, 59.821068738363024 ], [ 10.497845230866902, 59.811635902112592 ], [ 10.499313422919331, 59.809854939138702 ], [ 10.507319488033902, 59.807203791537781 ], [ 10.510719309427282, 59.804394783053354 ], [ 10.511428870703813, 59.797022596852152 ], [ 10.508125985802312, 59.788609423153211 ], [ 10.507231874989346, 59.78543948616791 ], [ 10.513779587616174, 59.787970367084519 ], [ 10.531356125250616, 59.798701218555742 ], [ 10.552893438494131, 59.810966779484552 ], [ 10.590185903434891, 59.834555052243893 ], [ 10.615635831047857, 59.844716977706547 ], [ 10.615683290256611, 59.844737883019285 ] ] } },
{ "type": "Feature", "properties": { "gml_id": "idd0b477d5-34b0-4b40-aec4-e0e24c93521d", "lokalid": "e8eceb7d-7c3d-4ce5-97b1-ff15a284a521", "navnerom": "https://data.geonorge.no/sosi/samferdsel/hovedled_og_biled", "versjonId": 20210101, "datauttaksdato": "2026-01-01T23:00:58", "farlednavn": "Gimsøystraumen - Gaukværflaket", "farlednummer": 2746, "farledtype": "Biled" }, "geometry": { "type": "LineString", "coordinates": [ [ 14.283283622611842, 68.370150042166941 ], [ 14.350053140117451, 68.561198093491527 ] ] } },
{ "type": "Feature", "properties": { "gml_id": "id49656493-4b24-4707-931c-ff2da1f8bbae", "lokalid": "1a2eb421-3aa1-4adc-a63b-7796056ba94a", "navnerom": "https://data.geonorge.no/sosi/samferdsel/hovedled_og_biled", "versjonId": 20210101, "datauttaksdato": "2026-01-01T23:00:58", "farlednavn": "Norangfjorden", "farlednummer": 2395, "farledtype": "Biled" }, "geometry": { "type": "LineString", "coordinates": [ [ 6.505176400963833, 62.218059296072653 ], [ 6.5186099238957, 62.206142089081688 ], [ 6.522945363615528, 62.202293632258922 ], [ 6.539595570506335, 62.203152570400491 ], [ 6.599653727978355, 62.20684297241732 ], [ 6.626175693649299, 62.201973986296302 ], [ 6.644219646736944, 62.196669590924486 ] ] } },
{ "type": "Feature", "properties": { "gml_id": "id5cc45990-5cac-4ad9-ad02-650b881ec7dd", "lokalid": "32cc8463-5c4a-4250-8751-c68bf4ddcee0", "navnerom": "https://data.geonorge.no/sosi/samferdsel/hovedled_og_biled", "versjonId": 20210101, "datauttaksdato": "2026-01-01T23:00:58", "farlednavn": "Ferge Standal - Trandal - Sæbø - Leknes - Skår", "farlednummer": 2396, "farledtype": "Biled" }, "geometry": { "type": "LineString", "coordinates": [ [ 6.432894760356652, 62.264039235563288 ], [ 6.475298479107845, 62.262320309128498 ], [ 6.496795206468444, 62.260303278526195 ], [ 6.495929906358009, 62.254325669755723 ], [ 6.497924760832179, 62.230769849101854 ], [ 6.498533023444788, 62.217698952848309 ], [ 6.484531694644772, 62.210061165955779 ], [ 6.502086066348999, 62.209127593614419 ], [ 6.5186099238957, 62.206142089081688 ], [ 6.529256916545245, 62.204029931676779 ], [ 6.534624574749636, 62.204312302983354 ], [ 6.537318354593661, 62.204645110702785 ], [ 6.539595570506335, 62.203152570400491 ], [ 6.542135540926346, 62.194443151409132 ], [ 6.535911325587652, 62.182591650491652 ] ] } },
{ "type": "Feature", "properties": { "gml_id": "idb6eb5396-b125-4633-a6a0-008535b40511", "lokalid": "17a9e5e3-ce99-4039-9ae5-5bed57120c24", "navnerom": "https://data.geonorge.no/sosi/samferdsel/hovedled_og_biled", "versjonId": 20210101, "datauttaksdato": "2026-01-01T23:00:58", "farlednavn": "Vanylvsfjorden - Kjødepollen", "farlednummer": 2362, "farledtype": "Biled" }, "geometry": { "type": "LineString", "coordinates": [ [ 5.462430331144209, 62.006397803924841 ], [ 5.472010778813742, 62.00926673911713 ], [ 5.482722115267809, 62.011782951061605 ], [ 5.487208573747093, 62.021138668393981 ], [ 5.490230628150581, 62.0277127745073 ], [ 5.498841771900143, 62.035631865369105 ], [ 5.503263820199018, 62.042302671758101 ], [ 5.503635023549512, 62.054181681114791 ], [ 5.430661739729186, 62.093085187686533 ], [ 5.365620027330681, 62.127640012064283 ], [ 5.354673157660636, 62.169695275090959 ] ] } },
{ "type": "Feature", "properties": { "gml_id": "id24df6ee7-7271-478f-8721-89b174822877", "lokalid": "cea735e9-98fd-482a-8d5f-c9bfbc2a1afd", "navnerom": "https://data.geonorge.no/sosi/samferdsel/hovedled_og_biled", "versjonId": 20210101, "datauttaksdato": "2026-01-01T23:00:58", "farlednavn": "Dypingen", "farlednummer": 2041, "farledtype": "Biled" }, "geometry": { "type": "LineString", "coordinates": [ [ 9.761187814168808, 59.014683481470065 ], [ 9.767817312722597, 59.010483344898127 ], [ 9.776101357659282, 59.007495508093278 ], [ 9.786422095630002, 58.997646442959756 ], [ 9.782655846718312, 58.985790098678095 ] ] } },
{ "type": "Feature", "properties": { "gml_id": "ide9a90e13-80b7-49f1-8e29-504596886da9", "lokalid": "60229382-1ddb-423a-9263-d69fc893b171", "navnerom": "https://data.geonorge.no/sosi/samferdsel/hovedled_og_biled", "versjonId": 20210101, "datauttaksdato": "2026-01-01T23:00:58", "farlednavn": "Gunnarsnes - Ingøy", "farlednummer": 2965, "farledtype": "Biled" }, "geometry": { "type": "LineString", "coordinates": [ [ 24.102517667181512, 71.087707451649678 ], [ 24.08196734706474, 71.081471877614291 ], [ 24.079846867694222, 71.081396282104436 ], [ 24.077828783107574, 71.081183921480914 ], [ 24.075404864478184, 71.080733986686894 ], [ 24.073188565042347, 71.080848621363998 ], [ 24.070905419396706, 71.082216313849543 ], [ 24.068792335620817, 71.084020197259974 ], [ 24.066829961546702, 71.084403695302626 ], [ 24.064000302081624, 71.084123152812282 ] ] } },
{ "type": "Feature", "properties": { "gml_id": "ide132288b-2f6d-4019-b2e3-077b2d6e8089", "lokalid": "0b2fa871-0d72-43ad-8e82-005239f14aef", "navnerom": "https://data.geonorge.no/sosi/samferdsel/hovedled_og_biled", "versjonId": 20210101, "datauttaksdato": "2026-01-01T23:00:58", "farlednavn": "Mefjorden - Mefjordvær", "farlednummer": 2866, "farledtype": "Biled" }, "geometry": { "type": "LineString", "coordinates": [ [ 17.446944102957548, 69.518301090482367 ], [ 17.447755344580326, 69.518432106173663 ], [ 17.472998955625556, 69.528845435513674 ] ] } },
{ "type": "Feature", "properties": { "gml_id": "idf0fd8586-119f-414a-92fa-74be1caa4fb6", "lokalid": "891e61e8-2bc0-45c2-840a-beff73a6aad2", "navnerom": "https://data.geonorge.no/sosi/samferdsel/hovedled_og_biled", "versjonId": 20210101, "datauttaksdato": "2026-01-01T23:00:58", "farlednavn": "Breisund - Ingøy", "farlednummer": 2965, "farledtype": "Biled" }, "geometry": { "type": "LineString", "coordinates": [ [ 24.601579175669368, 70.992045035923027 ], [ 24.529592665301077, 71.00613753789716 ], [ 24.305720260591634, 71.060731339691174 ], [ 24.19793794959439, 71.08651011356352 ], [ 24.186668065858854, 71.088983068056393 ], [ 24.167855772245868, 71.090610444559417 ], [ 24.15436828428706, 71.09069784967032 ], [ 24.142570113837284, 71.089663240559247 ], [ 24.13533508354837, 71.089818663797516 ], [ 24.117747269441864, 71.093597530885745 ], [ 24.080566469865634, 71.095629168967918 ], [ 24.062434507024783, 71.096113653822883 ], [ 24.055263819657323, 71.094748797827336 ], [ 24.050044045134911, 71.092885878265648 ], [ 24.050384956026022, 71.091798389169398 ], [ 24.050927946017676, 71.091292662820905 ], [ 24.060946844285215, 71.089592288967353 ], [ 24.064454594710583, 71.087604672847633 ], [ 24.064000141273276, 71.084121055433087 ], [ 24.063979787665392, 71.084129963559974 ] ] } },
{ "type": "Feature", "properties": { "gml_id": "ida293da32-c3a5-4346-b6f2-cf9d33784e16", "lokalid": "de05aca9-8fe9-471f-acb1-5bae44c72556", "navnerom": "https://data.geonorge.no/sosi/samferdsel/hovedled_og_biled", "versjonId": 20210101, "datauttaksdato": "2026-01-01T23:00:58", "farlednavn": "Nesseby", "farlednummer": 2962, "farledtype": "Biled" }, "geometry": { "type": "LineString", "coordinates": [ [ 28.872724266316069, 70.142953991328085 ], [ 28.872717176219165, 70.142953813104597 ], [ 28.856142382919977, 70.113863525280038 ] ] } },
{ "type": "Feature", "properties": { "gml_id": "ide092a24d-a30b-46a6-a5bd-353a988d7fad", "lokalid": "1bda2c9d-d2f1-4c05-9264-b77fa768b8a3", "navnerom": "https://data.geonorge.no/sosi/samferdsel/hovedled_og_biled", "versjonId": 20210101, "datauttaksdato": "2026-01-01T23:00:58", "farlednavn": "Hurtigbåt Namsos - Rørvik", "farlednummer": 2553, "farledtype": "Biled" }, "geometry": { "type": "LineString", "coordinates": [ [ 11.482044558151991, 64.457746042640608 ], [ 11.470988048696567, 64.452750494321151 ], [ 11.463066758556586, 64.451245008868597 ], [ 11.445692516885851, 64.450425061137679 ], [ 11.427299696640699, 64.45226720588299 ], [ 11.426856707482086, 64.456080053682427 ], [ 11.42463853163609, 64.475154035829917 ], [ 11.42980138457764, 64.493287611287684 ], [ 11.442746438270499, 64.507089592163894 ], [ 11.454899593077704, 64.516987083493149 ], [ 11.457163285268285, 64.52480962040049 ], [ 11.444454957515502, 64.533520798014095 ], [ 11.377876658616675, 64.552270321591664 ], [ 11.361664627596095, 64.553553825276637 ], [ 11.337094155123266, 64.559082212608772 ] ] } },
{ "type": "Feature", "properties": { "gml_id": "id2f1e500e-21b3-4c0e-90aa-8fe28002a8b0", "lokalid": "6b2710ca-47a5-49a1-8afa-8cee0b0b59e4", "navnerom": "https://data.geonorge.no/sosi/samferdsel/hovedled_og_biled", "versjonId": 20210101, "datauttaksdato": "2026-01-01T23:00:58", "farlednavn": "Ferge Hundeidv. - Festøy-Solavåg", "farlednummer": 2393, "farledtype": "Biled" }, "geometry": { "type": "LineString", "coordinates": [ [ 6.422165891471748, 62.371613599544361 ], [ 6.366530128910838, 62.37392900689786 ], [ 6.339724916371917, 62.378228383649031 ], [ 6.328344476458861, 62.390688935529049 ], [ 6.323682091955398, 62.406850931893068 ], [ 6.325262536525007, 62.412948118298928 ] ] } },
{ "type": "Feature", "properties": { "gml_id": "id773aae51-20aa-4be2-b45d-b9ef6bc6c88e", "lokalid": "00b484a6-66bf-43e1-9325-144057707904", "navnerom": "https://data.geonorge.no/sosi/samferdsel/hovedled_og_biled", "versjonId": 20210101, "datauttaksdato": "2026-01-01T23:00:58", "farlednavn": "Hjørundfjord", "farlednummer": 2394, "farledtype": "Biled" }, "geometry": { "type": "LineString", "coordinates": [ [ 6.34697116085253, 62.393897507722158 ], [ 6.366530128910838, 62.37392900689786 ], [ 6.475298476609154, 62.262320305378729 ], [ 6.486498671736924, 62.25077317526263 ], [ 6.497924758374938, 62.230769845409277 ], [ 6.505176398542124, 62.218059292391452 ], [ 6.484546193632926, 62.210067846505474 ] ] } },
{ "type": "Feature", "properties": { "gml_id": "id43fdd0a5-fdb7-430a-8717-94e1a64f7725", "lokalid": "8e7216eb-7b7a-4075-8dfa-6eb0688a6056", "navnerom": "https://data.geonorge.no/sosi/samferdsel/hovedled_og_biled", "versjonId": 20210101, "datauttaksdato": "2026-01-01T23:00:58", "farlednavn": "Ørstafjorden", "farlednummer": 2373, "farledtype": "Biled" }, "geometry": { "type": "LineString", "coordinates": [ [ 5.908221161963729, 62.225936702602503 ], [ 5.908676973845108, 62.22598871789144 ], [ 5.974706631102636, 62.233506058421106 ], [ 5.980515596580486, 62.233475088485143 ], [ 5.991159904215485, 62.229278733880491 ], [ 6.004932124091276, 62.213395425538494 ], [ 6.113428697200511, 62.197546269798323 ] ] } },
{ "type": "Feature", "properties": { "gml_id": "idf9457e82-12ed-4b40-8e36-e43bf5bd3ebe", "lokalid": "b907b9b6-2335-4a89-b176-e44253f4b1e2", "navnerom": "https://data.geonorge.no/sosi/samferdsel/hovedled_og_biled", "versjonId": 20210101, "datauttaksdato": "2026-01-01T23:00:58", "farlednavn": "Vik i Sogn", "farlednummer": 2295, "farledtype": "Biled" }, "geometry": { "type": "LineString", "coordinates": [ [ 6.529063423009626, 61.11432403064925 ], [ 6.575146676161804, 61.105980005667618 ], [ 6.581746654937009, 61.097514750568344 ] ] } },
{ "type": "Feature", "properties": { "gml_id": "id936e49ba-9c4b-4604-849f-63299ecd45c9", "lokalid": "e08aa510-e982-4a54-8142-df6f7ec0c5b3", "navnerom": "https://data.geonorge.no/sosi/samferdsel/hovedled_og_biled", "versjonId": 20210101, "datauttaksdato": "2026-01-01T23:00:58", "farlednavn": "Byfjorden-Skolten", "farlednummer": 2256, "farledtype": "Biled" }, "geometry": { "type": "LineString", "coordinates": [ [ 5.281437218348785, 60.402651833774961 ], [ 5.303644830881456, 60.402081657605855 ] ] } },
{ "type": "Feature", "properties": { "gml_id": "idf7c66121-3215-41f3-aa5f-181a1912ccc6", "lokalid": "41ea6bb8-358a-4489-9865-18312aab64ce", "navnerom": "https://data.geonorge.no/sosi/samferdsel/hovedled_og_biled", "versjonId": 20210101, "datauttaksdato": "2026-01-01T23:00:58", "farlednavn": "Eidsvåg", "farlednummer": 2255, "farledtype": "Biled" }, "geometry": { "type": "LineString", "coordinates": [ [ 5.25855767237575, 60.45231082456695 ], [ 5.287535726927103, 60.44728543000236 ], [ 5.290695363338498, 60.44650751059752 ], [ 5.292795741474234, 60.445967847559821 ] ] } },
{ "type": "Feature", "properties": { "gml_id": "id8912403c-1a5e-49f1-be4e-35ac5981943a", "lokalid": "7a8dc0c6-3021-44f3-b2e1-93a5940acb92", "navnerom": "https://data.geonorge.no/sosi/samferdsel/hovedled_og_biled", "versjonId": 20210101, "datauttaksdato": "2026-01-01T23:00:58", "farlednavn": "Hardangerfjorden - Jondal", "farlednummer": 2197, "farledtype": "Biled" }, "geometry": { "type": "LineString", "coordinates": [ [ 6.210172957127656, 60.287384502863766 ], [ 6.239896690173166, 60.27813951316643 ], [ 6.244641515455725, 60.277140272650598 ] ] } },
{ "type": "Feature", "properties": { "gml_id": "idaa14d979-adaf-4d93-bd22-2e4ea619b9a7", "lokalid": "569b0c74-3e03-44ac-ab46-d057cad40fdf", "navnerom": "https://data.geonorge.no/sosi/samferdsel/hovedled_og_biled", "versjonId": 20210101, "datauttaksdato": "2026-01-01T23:00:58", "farlednavn": "Åmøyfjorden - Gandsfjorden", "farlednummer": 1046, "farledtype": "Hovedled" }, "geometry": { "type": "LineString", "coordinates": [ [ 5.65464020320588, 59.016042772862491 ], [ 5.713269253844682, 59.027305050013695 ], [ 5.720195645522589, 59.028633351286267 ], [ 5.743181148063283, 59.031836627496439 ], [ 5.760329879848974, 59.032790746104546 ], [ 5.783711781891566, 59.03000462525327 ], [ 5.798324885245952, 59.017082743160678 ], [ 5.798338117040736, 59.009200963775598 ], [ 5.798362434455728, 58.994430045485537 ], [ 5.798371683754559, 58.98871001713605 ], [ 5.795662898388112, 58.97196619694536 ], [ 5.793636870167997, 58.95943514384907 ], [ 5.762857018439651, 58.921110227844501 ], [ 5.759498524725971, 58.890053151980474 ], [ 5.754146073348197, 58.871124134608614 ], [ 5.752185269333675, 58.867946244151078 ] ] } },
{ "type": "Feature", "properties": { "gml_id": "id83d836be-284b-41dd-8b04-d00081258b72", "lokalid": "bf04899a-eb72-4cd9-9504-1d7ab029e86a", "navnerom": "https://data.geonorge.no/sosi/samferdsel/hovedled_og_biled", "versjonId": 20210101, "datauttaksdato": "2026-01-01T23:00:58", "farlednavn": "Tofteholmen - Mossesundet - Moss", "farlednummer": 1004, "farledtype": "Hovedled" }, "geometry": { "type": "LineString", "coordinates": [ [ 10.662997785905349, 59.44824731395645 ], [ 10.662979147013735, 59.450578376724131 ], [ 10.665284969983288, 59.454461859201146 ], [ 10.671361669966782, 59.46264312934688 ], [ 10.679506155831454, 59.48628482557649 ], [ 10.673797761862359, 59.503334839841649 ], [ 10.665617227706162, 59.511576520635082 ], [ 10.64804915087246, 59.520257310835241 ], [ 10.624878399681894, 59.531695905464311 ], [ 10.624881105321805, 59.53171536179299 ], [ 10.597579131621343, 59.521783963943243 ], [ 10.576773328296117, 59.514207947019614 ] ] } },
{ "type": "Feature", "properties": { "gml_id": "id79494510-72ee-4365-b980-e94a8d800501", "lokalid": "c62938d5-eaee-4312-a15c-a11aa4fd504e", "navnerom": "https://data.geonorge.no/sosi/samferdsel/hovedled_og_biled", "versjonId": 20210101, "datauttaksdato": "2026-01-01T23:00:58", "farlednavn": "Ferge Edøya - Sandvika", "farlednummer": 2482, "farledtype": "Biled" }, "geometry": { "type": "LineString", "coordinates": [ [ 8.134305244344416, 63.233488116636813 ], [ 8.135359789598956, 63.23504643651566 ], [ 8.135759160509005, 63.235427520851381 ], [ 8.13587586559243, 63.237181525493419 ], [ 8.135944199998832, 63.238390594321544 ], [ 8.135882634883183, 63.238648858370787 ], [ 8.134615877175337, 63.240597059226701 ], [ 8.133008905497492, 63.242400848243157 ], [ 8.132334495107026, 63.245504007529838 ], [ 8.132044141989475, 63.24849485430282 ], [ 8.132669443552032, 63.251196208272049 ], [ 8.133063082215054, 63.25398172268482 ], [ 8.133771850747157, 63.255446984610984 ], [ 8.13393514302256, 63.25659354104441 ], [ 8.134743032262881, 63.258087445628114 ], [ 8.135849246059211, 63.260549733317497 ], [ 8.137394084221404, 63.264058729697751 ], [ 8.138098891745624, 63.266430002963602 ], [ 8.138462584905522, 63.267568486471625 ], [ 8.13917754741817, 63.269010151849614 ], [ 8.139680097330109, 63.27223016156487 ], [ 8.140718416195734, 63.274092883287025 ], [ 8.141348410769586, 63.277223650950333 ], [ 8.141760814054912, 63.278602956968449 ], [ 8.141709765725599, 63.27948287678619 ], [ 8.141943034248239, 63.280281155540727 ], [ 8.141955602038117, 63.281116455663359 ], [ 8.142076374835929, 63.282386259471792 ], [ 8.142167706064786, 63.282891491919273 ], [ 8.142145202752324, 63.282985796972568 ], [ 8.142210559766603, 63.283155896265441 ], [ 8.142159926815951, 63.283368082631753 ], [ 8.142067633504377, 63.283798853478132 ], [ 8.14196722900105, 63.284330585542243 ], [ 8.141564297852893, 63.284850105539149 ] ] } },
{ "type": "Feature", "properties": { "gml_id": "id7f7d86c3-efdd-47e0-910e-c52391417f52", "lokalid": "6c896141-e65e-4939-a755-dc03c3d855cd", "navnerom": "https://data.geonorge.no/sosi/samferdsel/hovedled_og_biled", "versjonId": 20210101, "datauttaksdato": "2026-01-01T23:00:58", "farlednavn": "Andfjorden", "farlednummer": 2853, "farledtype": "Biled" }, "geometry": { "type": "LineString", "coordinates": [ [ 16.149148321218608, 69.325104143577718 ], [ 16.850506946239936, 69.352127341749465 ], [ 16.989535413146019, 69.357082826868137 ], [ 17.035243589290847, 69.36638275797516 ], [ 17.04977133104904, 69.366182815913277 ], [ 17.056318288999456, 69.365804594806661 ] ] } },
{ "type": "Feature", "properties": { "gml_id": "idd04024a6-7b6e-4d7c-9e38-ed501cf9fda2", "lokalid": "67922b23-f209-4b1c-93da-2330604fde57", "navnerom": "https://data.geonorge.no/sosi/samferdsel/hovedled_og_biled", "versjonId": 20210101, "datauttaksdato": "2026-01-01T23:00:58", "farlednavn": "Innseiling Vannvåg", "farlednummer": 2910, "farledtype": "Biled" }, "geometry": { "type": "LineString", "coordinates": [ [ 20.28240004459737, 70.076856824784841 ], [ 20.282104260993261, 70.076853428365155 ], [ 20.156636209833671, 70.076861106350094 ], [ 20.100762350804146, 70.07656598100013 ], [ 20.055429267370425, 70.076002302078336 ], [ 20.033184841845994, 70.075728029992362 ], [ 20.001093253860571, 70.07555219677073 ] ] } },
{ "type": "Feature", "properties": { "gml_id": "idc75e5de3-493e-4ed3-acb9-fd36ff74996e", "lokalid": "d87dc36a-b889-4d4f-85d9-e7fe503a6c27", "navnerom": "https://data.geonorge.no/sosi/samferdsel/hovedled_og_biled", "versjonId": 20210101, "datauttaksdato": "2026-01-01T23:00:58", "farlednavn": "Bugøynes", "farlednummer": 2991, "farledtype": "Biled" }, "geometry": { "type": "LineString", "coordinates": [ [ 29.844912295892328, 69.982132238275554 ], [ 29.736727438007797, 69.961643949739582 ], [ 29.667518073780045, 69.964230828837401 ], [ 29.664744996462755, 69.965370032545493 ] ] } },
{ "type": "Feature", "properties": { "gml_id": "id3b8fad17-334b-4e5e-aff2-5cfac38e3f5f", "lokalid": "47798349-8ed3-457d-ae81-8c24cfbca2f2", "navnerom": "https://data.geonorge.no/sosi/samferdsel/hovedled_og_biled", "versjonId": 20210101, "datauttaksdato": "2026-01-01T23:00:58", "farlednavn": "Spildra havn", "farlednummer": 2927, "farledtype": "Biled" }, "geometry": { "type": "LineString", "coordinates": [ [ 21.677186237953109, 69.994540467284708 ], [ 21.666386968913113, 69.994428837601575 ], [ 21.628866159436168, 69.985582498306385 ] ] } },
{ "type": "Feature", "properties": { "gml_id": "id950ca3df-08c7-4a6c-85d1-25eb1627ce93", "lokalid": "582f7f83-dc98-443b-8307-d8f5bbc9f10c", "navnerom": "https://data.geonorge.no/sosi/samferdsel/hovedled_og_biled", "versjonId": 20210101, "datauttaksdato": "2026-01-01T23:00:58", "farlednavn": "Gamvik", "farlednummer": 2983, "farledtype": "Biled" }, "geometry": { "type": "LineString", "coordinates": [ [ 28.396486614123809, 71.085477086078001 ], [ 28.317206551949294, 71.054563167829812 ], [ 28.27158588359703, 71.058622199309113 ], [ 28.262630148062801, 71.059428438677529 ] ] } },
{ "type": "Feature", "properties": { "gml_id": "ida5193174-9ae9-4292-9c56-eb7078136c4e", "lokalid": "7bb10235-24d2-489f-8a68-0638f1b6b395", "navnerom": "https://data.geonorge.no/sosi/samferdsel/hovedled_og_biled", "versjonId": 20210101, "datauttaksdato": "2026-01-01T23:00:58", "farlednavn": "Gunnarnes - Ingøy", "farlednummer": 2965, "farledtype": "Biled" }, "geometry": { "type": "LineString", "coordinates": [ [ 24.160682744187746, 70.989073650160321 ], [ 24.176655951632252, 70.98866231538311 ], [ 24.196415786033814, 70.98866418859177 ], [ 24.223516169199005, 70.995402701925499 ], [ 24.228163754440942, 71.005261879807392 ], [ 24.222563239443353, 71.03813914578852 ], [ 24.179600481872992, 71.074892294837028 ], [ 24.170664385767473, 71.078360880138945 ], [ 24.163267479203657, 71.081150685089312 ], [ 24.166170176016962, 71.086880018155782 ], [ 24.162813915544984, 71.089164390188287 ], [ 24.157846563424791, 71.091051203231828 ], [ 24.146012344476979, 71.090022650920915 ], [ 24.129009569634654, 71.08990362686184 ], [ 24.106445303542213, 71.087535597734401 ], [ 24.081150010371971, 71.088626561930795 ], [ 24.07239508709376, 71.088854060316748 ], [ 24.064424752266902, 71.087429087727003 ] ] } },
{ "type": "Feature", "properties": { "gml_id": "id94e36ed5-7cf4-43c9-956d-ad34e7470854", "lokalid": "9b9a8aa4-e4f1-472c-8738-ae9b49147e69", "navnerom": "https://data.geonorge.no/sosi/samferdsel/hovedled_og_biled", "versjonId": 20210101, "datauttaksdato": "2026-01-01T23:00:58", "farlednavn": "Langfjorden", "farlednummer": 2964, "farledtype": "Biled" }, "geometry": { "type": "LineString", "coordinates": [ [ 24.352078906670656, 70.967496799282557 ], [ 24.179723587972084, 70.986114132756839 ], [ 24.160417397045784, 70.989134744247153 ] ] } },
{ "type": "Feature", "properties": { "gml_id": "id06655413-52e4-4911-b08b-a3bd4f28cfb3", "lokalid": "5699085e-273b-451d-b9b3-5c8826705ecc", "navnerom": "https://data.geonorge.no/sosi/samferdsel/hovedled_og_biled", "versjonId": 20210101, "datauttaksdato": "2026-01-01T23:00:58", "farlednavn": "Sørvær", "farlednummer": 2936, "farledtype": "Biled" }, "geometry": { "type": "LineString", "coordinates": [ [ 22.049712563653927, 70.537780538306237 ], [ 21.954095476231124, 70.587224220305274 ], [ 21.956897208629709, 70.624768142990561 ], [ 21.963107957436268, 70.627398836858703 ] ] } },
{ "type": "Feature", "properties": { "gml_id": "id2d97c5f3-e69b-4bdc-98a4-33e4cc94a6ee", "lokalid": "41a7b8c7-510d-4675-b196-82c221292d60", "navnerom": "https://data.geonorge.no/sosi/samferdsel/hovedled_og_biled", "versjonId": 20210101, "datauttaksdato": "2026-01-01T23:00:58", "farlednavn": "Reiarsleia", "farlednummer": 2102, "farledtype": "Biled" }, "geometry": { "type": "LineString", "coordinates": [ [ 6.699393702872423, 58.024426505880378 ], [ 6.699476709187927, 58.02444499140212 ], [ 6.785687995001577, 58.043605643276337 ], [ 6.803992259205413, 58.049187991056264 ], [ 6.819484689635763, 58.057199070978413 ], [ 6.830029217495508, 58.070346269681984 ], [ 6.830706989520077, 58.073151816697504 ], [ 6.825932447101682, 58.079384496280795 ], [ 6.824068907331618, 58.08242875969259 ], [ 6.820486732051946, 58.083487665092633 ], [ 6.816129930157136, 58.085906105327687 ], [ 6.813087440976934, 58.086732509687671 ] ] } },
{ "type": "Feature", "properties": { "gml_id": "ide2d92f44-968e-47e3-bdf9-b9d577104d15", "lokalid": "ec4134ba-0c02-46d8-953e-7c59120d912f", "navnerom": "https://data.geonorge.no/sosi/samferdsel/hovedled_og_biled", "versjonId": 20210101, "datauttaksdato": "2026-01-01T23:00:58", "farlednavn": "Farsund", "farlednummer": 1035, "farledtype": "Hovedled" }, "geometry": { "type": "LineString", "coordinates": [ [ 6.839698541299469, 57.994174070847016 ], [ 6.855203325744196, 58.070999964763573 ], [ 6.82843864349225, 58.084250666888018 ], [ 6.822441259731026, 58.085046494051184 ], [ 6.818711329606968, 58.085592877937593 ], [ 6.816017495964029, 58.085943677210139 ] ] } },
{ "type": "Feature", "properties": { "gml_id": "id425c54e4-7e8a-4824-8ff4-7591047cbaac", "lokalid": "9a56ce54-994d-4068-84fa-5f72058e35ff", "navnerom": "https://data.geonorge.no/sosi/samferdsel/hovedled_og_biled", "versjonId": 20210101, "datauttaksdato": "2026-01-01T23:00:58", "farlednavn": "Horten indre havn", "farlednummer": 2027, "farledtype": "Biled" }, "geometry": { "type": "LineString", "coordinates": [ [ 10.485361310146605, 59.445039327799726 ], [ 10.486540071408941, 59.449503902411308 ], [ 10.487179497910205, 59.453712656522107 ] ] } },
{ "type": "Feature", "properties": { "gml_id": "id84d9a2b3-a4dd-44e5-9b6e-d442df58eae4", "lokalid": "065daa57-fc70-4ddf-abb2-7661345dd047", "navnerom": "https://data.geonorge.no/sosi/samferdsel/hovedled_og_biled", "versjonId": 20210101, "datauttaksdato": "2026-01-01T23:00:58", "farlednavn": "Finnsnesrenna - Gisundet", "farlednummer": 1583, "farledtype": "Hovedled" }, "geometry": { "type": "LineString", "coordinates": [ [ 17.968685236904459, 69.167490888449677 ], [ 18.021310148945222, 69.188305088710223 ], [ 18.019587937261143, 69.197143974833168 ], [ 17.986474764462724, 69.208960979738748 ], [ 17.947928120414328, 69.222692962577597 ], [ 17.953588421221916, 69.232714419570371 ], [ 17.970767723781417, 69.249906922048993 ], [ 17.972582276889518, 69.258954991991473 ], [ 17.974587831358825, 69.281385561604338 ], [ 17.975534316739033, 69.292379698209515 ], [ 17.970304957344087, 69.306096310292062 ], [ 17.97137602813622, 69.311140418427584 ], [ 17.983848616224183, 69.317455874642036 ], [ 18.029028011256198, 69.330833294567881 ], [ 18.079611786359237, 69.347193179092613 ], [ 18.087015536630435, 69.352477282958432 ], [ 18.09824470823828, 69.362034124840022 ], [ 18.08739067828655, 69.378427202041777 ], [ 18.096657157336036, 69.391216133815547 ], [ 18.105907465873113, 69.40398274767756 ], [ 18.12283243887607, 69.426743877124693 ], [ 18.118043656718939, 69.458070458466182 ] ] } },
{ "type": "Feature", "properties": { "gml_id": "id2751c1be-6a48-426e-8e80-670489217d6c", "lokalid": "9dbe122c-c123-45b5-8a17-58cbf5d1eb3d", "navnerom": "https://data.geonorge.no/sosi/samferdsel/hovedled_og_biled", "versjonId": 20210101, "datauttaksdato": "2026-01-01T23:00:58", "farlednavn": "Rørøy - Ylvingen nord", "farlednummer": 2576, "farledtype": "Biled" }, "geometry": { "type": "LineString", "coordinates": [ [ 12.071259203957652, 65.662693561963181 ], [ 12.078617072674374, 65.661960997335569 ], [ 12.091528742313672, 65.661790201298558 ], [ 12.16268066504292, 65.651344975405223 ], [ 12.173524698323922, 65.649499799812915 ], [ 12.173924795803075, 65.647094650437126 ], [ 12.17393618395786, 65.646567703781656 ] ] } },
{ "type": "Feature", "properties": { "gml_id": "id4f634de5-8429-44a3-9053-6e2dd682e136", "lokalid": "cc1f144f-4521-468a-ba4a-11cbd833e66b", "navnerom": "https://data.geonorge.no/sosi/samferdsel/hovedled_og_biled", "versjonId": 20210101, "datauttaksdato": "2026-01-01T23:00:58", "farlednavn": "Mjømnosen", "farlednummer": 2281, "farledtype": "Biled" }, "geometry": { "type": "LineString", "coordinates": [ [ 4.896869500538946, 60.941555028644601 ], [ 4.940179718305276, 60.945259693510437 ] ] } },
{ "type": "Feature", "properties": { "gml_id": "idb2e0ee50-1587-4a97-80df-80a79964d3ac", "lokalid": "3888f5a0-bcd2-4e47-b39a-bed371cfe274", "navnerom": "https://data.geonorge.no/sosi/samferdsel/hovedled_og_biled", "versjonId": 20210101, "datauttaksdato": "2026-01-01T23:00:58", "farlednavn": "Alternativ innseiling Hamnbukt", "farlednummer": 2975, "farledtype": "Biled" }, "geometry": { "type": "LineString", "coordinates": [ [ 25.325742629974378, 70.327569412938644 ], [ 25.216858289454745, 70.286166880639755 ], [ 25.171435537500948, 70.246878215296604 ], [ 25.144338623704307, 70.237012796307042 ], [ 25.129088398865477, 70.225901341448235 ], [ 25.128667735137, 70.218902803497855 ], [ 25.143395143757157, 70.213361693096417 ], [ 25.17779207566436, 70.213042354673846 ], [ 25.206534492814924, 70.215869115451525 ], [ 25.237000233865064, 70.218058493886133 ], [ 25.250501949554717, 70.211610465086082 ], [ 25.252362572907018, 70.208520086415078 ], [ 25.255677660330701, 70.181924628270792 ], [ 25.252595682796052, 70.17954114824623 ], [ 25.249795244958261, 70.176913299271064 ] ] } },
{ "type": "Feature", "properties": { "gml_id": "id5777cff6-8348-4977-bf87-12e4949a2cc1", "lokalid": "6a68f210-2de6-48ff-b809-1056de7d87be", "navnerom": "https://data.geonorge.no/sosi/samferdsel/hovedled_og_biled", "versjonId": 20210101, "datauttaksdato": "2026-01-01T23:00:58", "farlednavn": "Orta- Gåsøy V-Finnøy", "farlednummer": 2453, "farledtype": "Biled" }, "geometry": { "type": "LineString", "coordinates": [ [ 6.655210743672321, 62.787984531195178 ], [ 6.534028554648917, 62.79340669344684 ], [ 6.522860449300732, 62.7980831903132 ], [ 6.521034311327489, 62.802543080082224 ], [ 6.519575529297366, 62.803793007700577 ], [ 6.518615147951035, 62.804403946275606 ], [ 6.517264058071603, 62.804560936698088 ], [ 6.515293950087758, 62.804871535804445 ] ] } },
{ "type": "Feature", "properties": { "gml_id": "id2208c16b-e427-4dc0-925f-0d96323a2220", "lokalid": "63de7f43-c9b9-44f9-b265-4332ffbbf98f", "navnerom": "https://data.geonorge.no/sosi/samferdsel/hovedled_og_biled", "versjonId": 20210101, "datauttaksdato": "2026-01-01T23:00:58", "farlednavn": "Årsnes - Gjermundshavn", "farlednummer": 2193, "farledtype": "Biled" }, "geometry": { "type": "LineString", "coordinates": [ [ 5.91985607444176, 60.062968264492852 ], [ 5.921282341877521, 60.064812397560161 ], [ 5.924047076615038, 60.065278697396607 ], [ 6.019849161459189, 60.055791868121155 ] ] } },
{ "type": "Feature", "properties": { "gml_id": "idaa5b328f-528b-4cfe-b80b-a78ebff399cc", "lokalid": "a748d8f0-63a0-47ef-ae58-313e1a101947", "navnerom": "https://data.geonorge.no/sosi/samferdsel/hovedled_og_biled", "versjonId": 20210101, "datauttaksdato": "2026-01-01T23:00:58", "farlednavn": "Årsnes - Varaldsøy", "farlednummer": 2193, "farledtype": "Biled" }, "geometry": { "type": "LineString", "coordinates": [ [ 6.019843882939419, 60.055877978970152 ], [ 5.964144297125807, 60.067831550167455 ], [ 5.960059277968615, 60.073622800885374 ], [ 5.967325521651713, 60.085790418471554 ], [ 5.971225908852923, 60.086919518126948 ] ] } },
{ "type": "Feature", "properties": { "gml_id": "ida145b1e0-ded4-492f-a1e7-1cad6257c315", "lokalid": "aec17062-ad5d-4e03-a34c-3c6fc1b28a6c", "navnerom": "https://data.geonorge.no/sosi/samferdsel/hovedled_og_biled", "versjonId": 20210101, "datauttaksdato": "2026-01-01T23:00:58", "farlednavn": "Innseiling Svolvær østre", "farlednummer": 2706, "farledtype": "Biled" }, "geometry": { "type": "LineString", "coordinates": [ [ 14.613361033912268, 68.222748033505965 ], [ 14.603027364311806, 68.235209563696472 ], [ 14.596383047141215, 68.23653133743916 ], [ 14.591777607688678, 68.236738310145498 ], [ 14.587411829968792, 68.237118902286923 ], [ 14.586207026540025, 68.237296175256461 ], [ 14.583847288541969, 68.237717234437454 ] ] } },
{ "type": "Feature", "properties": { "gml_id": "idcd14c2f6-52f2-46f1-afa0-4ed0cc2662bb", "lokalid": "abffc4b2-1db8-4221-94a7-d9dac64771f2", "navnerom": "https://data.geonorge.no/sosi/samferdsel/hovedled_og_biled", "versjonId": 20210101, "datauttaksdato": "2026-01-01T23:00:58", "farlednavn": "Rørøy - Igerøy", "farlednummer": 2576, "farledtype": "Biled" }, "geometry": { "type": "LineString", "coordinates": [ [ 12.073871012974479, 65.662297324044289 ], [ 12.087445597537396, 65.662785525621146 ], [ 12.103490388035894, 65.664041414560671 ], [ 12.121358552560194, 65.666099451299743 ], [ 12.132733819660356, 65.67025592020741 ], [ 12.13648080202411, 65.673859853436454 ], [ 12.137358169627445, 65.676654656677172 ], [ 12.135485532162459, 65.677341347157579 ], [ 12.133416089062287, 65.677411658153247 ] ] } },
{ "type": "Feature", "properties": { "gml_id": "idfe3b3386-a95d-473d-bcb5-b72f45787bdc", "lokalid": "5bb7522b-df56-4b2e-8ed7-75a1dfb7c0b1", "navnerom": "https://data.geonorge.no/sosi/samferdsel/hovedled_og_biled", "versjonId": 20210101, "datauttaksdato": "2026-01-01T23:00:58", "farlednavn": "Kaljord - Stokmarknes", "farlednummer": 2780, "farledtype": "Biled" }, "geometry": { "type": "LineString", "coordinates": [ [ 15.260677903226002, 68.523802884755597 ], [ 15.203478538061225, 68.525779352242253 ], [ 15.163104639023276, 68.528290086808667 ], [ 15.137778486618247, 68.536661559068463 ] ] } },
{ "type": "Feature", "properties": { "gml_id": "id0004ebd4-53dc-41f8-af1f-cad152495bef", "lokalid": "16e646a6-ecc2-4712-b41a-cb897526dbe3", "navnerom": "https://data.geonorge.no/sosi/samferdsel/hovedled_og_biled", "versjonId": 20210101, "datauttaksdato": "2026-01-01T23:00:58", "farlednavn": "Innseiling Friarfjord", "farlednummer": 2966, "farledtype": "Biled" }, "geometry": { "type": "LineString", "coordinates": [ [ 26.857349847625731, 70.562823283295714 ], [ 26.96750088007569, 70.488217855364269 ], [ 26.94720358684474, 70.464388959863442 ] ] } },
{ "type": "Feature", "properties": { "gml_id": "id9ab5e3b4-c537-4bbe-8ab3-883d11479253", "lokalid": "44002225-8a65-4ab7-ac52-e979e983cf25", "navnerom": "https://data.geonorge.no/sosi/samferdsel/hovedled_og_biled", "versjonId": 20210101, "datauttaksdato": "2026-01-01T23:00:58", "farlednavn": "Innseiling Kiberg", "farlednummer": 2989, "farledtype": "Biled" }, "geometry": { "type": "LineString", "coordinates": [ [ 30.993761166315178, 70.279262407598651 ], [ 30.993662587475569, 70.27932029947182 ], [ 31.016594321650725, 70.245868995634879 ] ] } },
{ "type": "Feature", "properties": { "gml_id": "id2b2e35cd-6d99-45cf-a343-259cdd174e87", "lokalid": "8809724f-658a-4d09-82bc-9bff30a93fb3", "navnerom": "https://data.geonorge.no/sosi/samferdsel/hovedled_og_biled", "versjonId": 20210101, "datauttaksdato": "2026-01-01T23:00:58", "farlednavn": "Vengsøy - Musvær", "farlednummer": 2898, "farledtype": "Biled" }, "geometry": { "type": "LineString", "coordinates": [ [ 18.577729550310519, 69.874765428748688 ], [ 18.574098550174796, 69.87272069755619 ], [ 18.576555696869534, 69.87133655647493 ], [ 18.583747393984581, 69.869607647733702 ], [ 18.590118372499202, 69.86846056911881 ], [ 18.595991020031757, 69.863215831001042 ], [ 18.599488837297645, 69.858483069645516 ], [ 18.603158073846732, 69.845658663451673 ] ] } },
{ "type": "Feature", "properties": { "gml_id": "id19f1a0f2-817d-4a9f-a4ab-b6f46fe8d6e8", "lokalid": "e79336cb-09ac-40ef-a791-4512c4fd5838", "navnerom": "https://data.geonorge.no/sosi/samferdsel/hovedled_og_biled", "versjonId": 20210101, "datauttaksdato": "2026-01-01T23:00:58", "farlednavn": "Rørøy - Ylvingen", "farlednummer": 2576, "farledtype": "Biled" }, "geometry": { "type": "LineString", "coordinates": [ [ 12.041970453874308, 65.643898515835986 ], [ 12.133754332304402, 65.637751855386156 ], [ 12.148390649326158, 65.636839519894806 ], [ 12.152364325193217, 65.63646750564763 ], [ 12.154555221878308, 65.636622470832378 ], [ 12.154713806092499, 65.636644433127827 ] ] } },
{ "type": "Feature", "properties": { "gml_id": "id9ad4fd0c-c436-45b6-ac12-aa264688f47c", "lokalid": "91be6125-2d14-42cf-90a8-0d6181cda034", "navnerom": "https://data.geonorge.no/sosi/samferdsel/hovedled_og_biled", "versjonId": 20210101, "datauttaksdato": "2026-01-01T23:00:58", "farlednavn": "Vengsøy - Sandøya", "farlednummer": 2898, "farledtype": "Biled" }, "geometry": { "type": "LineString", "coordinates": [ [ 18.603148960959345, 69.845675617376159 ], [ 18.616358158084797, 69.863670007969461 ], [ 18.615835008018419, 69.885045821250344 ], [ 18.604901434315501, 69.914009387239872 ], [ 18.570274844376542, 69.972396744111705 ], [ 18.550989737279281, 70.011344050792061 ], [ 18.555080900618623, 70.016693152872861 ], [ 18.567171480944481, 70.028580836394752 ], [ 18.569437202775092, 70.032517801502379 ], [ 18.565956525079585, 70.033855396605219 ] ] } },
{ "type": "Feature", "properties": { "gml_id": "idcfa947f8-222c-45d8-b704-c224e2be4c15", "lokalid": "13716a63-037c-4fd4-9a93-610697b50270", "navnerom": "https://data.geonorge.no/sosi/samferdsel/hovedled_og_biled", "versjonId": 20210101, "datauttaksdato": "2026-01-01T23:00:58", "farlednavn": "Sørrollnes - Stangnes", "farlednummer": 2825, "farledtype": "Biled" }, "geometry": { "type": "LineString", "coordinates": [ [ 16.818920528849741, 68.716891375601705 ], [ 16.801251800395601, 68.719097683633848 ], [ 16.795588641015421, 68.726997518062234 ], [ 16.746865710497165, 68.740800314448464 ], [ 16.687355139829396, 68.755189089174948 ], [ 16.644239901741404, 68.762213551301954 ], [ 16.607994150199545, 68.767986396558911 ], [ 16.592225987927506, 68.774986651460452 ], [ 16.592291399864862, 68.775031135420946 ] ] } },
{ "type": "Feature", "properties": { "gml_id": "id37551443-dbf7-47cf-92c5-dcc60c726709", "lokalid": "a3f62356-5270-4951-aecd-48d8558cd09b", "navnerom": "https://data.geonorge.no/sosi/samferdsel/hovedled_og_biled", "versjonId": 20210101, "datauttaksdato": "2026-01-01T23:00:58", "farlednavn": "Mikkelvik - Bromnes", "farlednummer": 2994, "farledtype": "Biled" }, "geometry": { "type": "LineString", "coordinates": [ [ 18.98517212951667, 70.077524876266182 ], [ 18.986757338830529, 70.077489462501092 ], [ 19.005197579565042, 70.068473552405806 ], [ 19.014298430713616, 70.063378894413631 ], [ 19.01809210001209, 70.05967177429703 ], [ 19.022092261840339, 70.058404454659808 ], [ 19.028998188810824, 70.057070433298435 ] ] } },
{ "type": "Feature", "properties": { "gml_id": "id6d1f01d6-ac93-424a-971b-0bbee6926309", "lokalid": "c2a10765-d629-47f8-b188-89328bcc5923", "navnerom": "https://data.geonorge.no/sosi/samferdsel/hovedled_og_biled", "versjonId": 20210101, "datauttaksdato": "2026-01-01T23:00:58", "farlednavn": "Ny biled Tønsnes", "farlednummer": 2952, "farledtype": "Biled" }, "geometry": { "type": "LineString", "coordinates": [ [ 19.053753887837562, 69.721945370913346 ], [ 19.08427039162747, 69.736717719398101 ], [ 19.119628395835296, 69.750918997894019 ], [ 19.131407872800203, 69.754892910622985 ], [ 19.147216552660488, 69.749542536485777 ], [ 19.131527569243701, 69.754901507238159 ], [ 19.215892648117023, 69.779058674866747 ] ] } },
{ "type": "Feature", "properties": { "gml_id": "id529eee9b-509d-46dc-a9f8-ff57818d0054", "lokalid": "162b4daa-1bce-4c77-bd33-0a3565688f72", "navnerom": "https://data.geonorge.no/sosi/samferdsel/hovedled_og_biled", "versjonId": 20210101, "datauttaksdato": "2026-01-01T23:00:58", "farlednavn": "Boknafjorden Nordgående", "farlednummer": 1046, "farledtype": "Hovedled" }, "geometry": { "type": "LineString", "coordinates": [ [ 5.34721150679593, 59.077272049525135 ], [ 5.444118259780873, 59.105827591586568 ], [ 5.480000220352583, 59.121111634009303 ], [ 5.504762485496259, 59.139006684245068 ], [ 5.519644513218845, 59.158367963165517 ] ] } },
{ "type": "Feature", "properties": { "gml_id": "id902f4862-67b2-48a3-b6ef-01adeb7393c9", "lokalid": "b06a1cfd-4d3c-45cb-bb2f-cd0e3120dd36", "navnerom": "https://data.geonorge.no/sosi/samferdsel/hovedled_og_biled", "versjonId": 20210101, "datauttaksdato": "2026-01-01T23:00:58", "farlednavn": "Skudenesfjorden - Karmsund Nordgående", "farlednummer": 1046, "farledtype": "Hovedled" }, "geometry": { "type": "LineString", "coordinates": [ [ 5.336646796737361, 59.261888995572072 ], [ 5.338331843025307, 59.25738214357186 ], [ 5.353013872567536, 59.199943814740912 ], [ 5.357187367098295, 59.173475135717787 ], [ 5.347279726747398, 59.077277173822964 ], [ 5.162630046477108, 59.026915634826963 ], [ 5.160868516769043, 59.026589258410773 ] ] } },
{ "type": "Feature", "properties": { "gml_id": "id5055ce68-021b-4351-b490-826ad090f830", "lokalid": "691f7648-e98d-49f6-8bf3-29bf41912967", "navnerom": "https://data.geonorge.no/sosi/samferdsel/hovedled_og_biled", "versjonId": 20210101, "datauttaksdato": "2026-01-01T23:00:58", "farlednavn": "Karmsund - Skudenesfjorden Sørgående", "farlednummer": 1048, "farledtype": "Hovedled" }, "geometry": { "type": "LineString", "coordinates": [ [ 5.33664798899242, 59.261893758584336 ], [ 5.335563902072968, 59.25730804549115 ], [ 5.338398344228243, 59.184493340861394 ], [ 5.32162906141577, 59.087774673296941 ], [ 5.147908234798411, 59.043191074168142 ] ] } },
{ "type": "Feature", "properties": { "gml_id": "id4b8a1f21-8d01-4720-ae68-40da363767da", "lokalid": "70776821-d04b-4e89-aae9-9a46f0202f3b", "navnerom": "https://data.geonorge.no/sosi/samferdsel/hovedled_og_biled", "versjonId": 20210101, "datauttaksdato": "2026-01-01T23:00:58", "farlednavn": "Langfjordnes - Skjånes", "farlednummer": 2982, "farledtype": "Biled" }, "geometry": { "type": "LineString", "coordinates": [ [ 28.163606447958401, 70.725426269629281 ], [ 28.08983940419651, 70.796472254037681 ] ] } },
{ "type": "Feature", "properties": { "gml_id": "ide5ed0a46-3bdc-446d-be69-0d0ded9e56ea", "lokalid": "24be66bf-09eb-4e5b-afb4-ddda7eeb5d78", "navnerom": "https://data.geonorge.no/sosi/samferdsel/hovedled_og_biled", "versjonId": 20210101, "datauttaksdato": "2026-01-01T23:00:58", "farlednavn": "Skudenesfjorden Sørgående", "farlednummer": 1048, "farledtype": "Hovedled" }, "geometry": { "type": "LineString", "coordinates": [ [ 5.321002310872204, 59.087854555814907 ], [ 5.281194239945673, 58.874224860210937 ] ] } },
{ "type": "Feature", "properties": { "gml_id": "idde72d004-93df-4e08-bfe8-2665ed76a8d9", "lokalid": "f7bc599e-78f2-4af7-9676-3d526e51876a", "navnerom": "https://data.geonorge.no/sosi/samferdsel/hovedled_og_biled", "versjonId": 20210101, "datauttaksdato": "2026-01-01T23:00:58", "farlednavn": "Boknafjorden sørgående", "farlednummer": 1048, "farledtype": "Hovedled" }, "geometry": { "type": "LineString", "coordinates": [ [ 5.321334609349099, 59.087748062097212 ], [ 5.3780202609682, 59.103193961329744 ], [ 5.435443771454065, 59.120149505055686 ], [ 5.484292435233306, 59.14299336645967 ], [ 5.519292707656839, 59.158294245324065 ] ] } },
{ "type": "Feature", "properties": { "gml_id": "idbbe5b76a-4e46-4bc1-a25c-3a009b2f782f", "lokalid": "c8fab475-5c26-4bf8-828a-1715483bcfd1", "navnerom": "https://data.geonorge.no/sosi/samferdsel/hovedled_og_biled", "versjonId": 20210101, "datauttaksdato": "2026-01-01T23:00:58", "farlednavn": "Skudenesfjorden Nordgående", "farlednummer": 1046, "farledtype": "Hovedled" }, "geometry": { "type": "LineString", "coordinates": [ [ 5.347240882796736, 59.077250344714692 ], [ 5.331981524748016, 59.002861845446645 ], [ 5.345767453693512, 58.791194442385894 ] ] } },
{ "type": "Feature", "properties": { "gml_id": "idc3ff2bb9-d4ae-4355-88b0-fc29d5c4ef70", "lokalid": "2f0588d3-e2ff-4dd1-9818-da1c104f5379", "navnerom": "https://data.geonorge.no/sosi/samferdsel/hovedled_og_biled", "versjonId": 20210101, "datauttaksdato": "2026-01-01T23:00:58", "farlednavn": "Skjånes - Langfjordbotn", "farlednummer": 2982, "farledtype": "Biled" }, "geometry": { "type": "LineString", "coordinates": [ [ 27.669982813133075, 70.6188122990919 ], [ 27.800789897167103, 70.637161608239126 ], [ 27.824617313224881, 70.641728296492175 ], [ 27.865802189695728, 70.65101147865407 ], [ 27.884817383468274, 70.655918887230996 ], [ 27.902173928354035, 70.659339209055446 ], [ 27.938089564037206, 70.66725590241397 ], [ 27.99896277498457, 70.683818056756749 ], [ 28.026639536989244, 70.691498743857423 ] ] } },
{ "type": "Feature", "properties": { "gml_id": "ida5cd92c9-5db3-4cec-ac2c-4fea8c1ee191", "lokalid": "5ffa478f-97b2-4c96-8cb3-4803c31e7f60", "navnerom": "https://data.geonorge.no/sosi/samferdsel/hovedled_og_biled", "versjonId": 20210101, "datauttaksdato": "2026-01-01T23:00:58", "farlednavn": "Gjennomseiling Trollsundet", "farlednummer": 2956, "farledtype": "Biled" }, "geometry": { "type": "LineString", "coordinates": [ [ 24.545641679139422, 71.032586328078693 ], [ 24.240995868934824, 71.031180896150246 ], [ 24.131617435348812, 71.032629339804373 ], [ 24.013831043210313, 71.040768536330646 ], [ 23.945443493337343, 71.038826353931299 ], [ 23.890127469033132, 71.032978326253826 ], [ 23.860341693381226, 71.025615254155767 ], [ 23.827743960156962, 71.006192818276844 ] ] } },
{ "type": "Feature", "properties": { "gml_id": "id5f6e72af-20e3-4c24-9be4-6df09a0f92f6", "lokalid": "467be9a4-e481-448f-8fb3-dd21710aba67", "navnerom": "https://data.geonorge.no/sosi/samferdsel/hovedled_og_biled", "versjonId": 20210101, "datauttaksdato": "2026-01-01T23:00:58", "farlednavn": "Haugesund - Røvær - Feøy", "farlednummer": 2151, "farledtype": "Biled" }, "geometry": { "type": "LineString", "coordinates": [ [ 5.209746531654334, 59.418637821017114 ], [ 5.139718663122117, 59.424481444444723 ], [ 5.122297865988149, 59.42318918534599 ], [ 5.097022759318491, 59.431188294558531 ], [ 5.094739624354644, 59.434944677394064 ], [ 5.093985641696388, 59.437712374192799 ], [ 5.091824868935016, 59.439321008072788 ], [ 5.091706741968415, 59.441071472871315 ], [ 5.092135987679018, 59.442080321869589 ], [ 5.091560421148609, 59.443516502934266 ], [ 5.094021340565838, 59.445731286647195 ], [ 5.097368977133394, 59.44598090102609 ], [ 5.180407854811705, 59.432301703735583 ], [ 5.198542690802212, 59.428775332123351 ], [ 5.218209054848802, 59.422776283642889 ], [ 5.236443459650008, 59.41666809611808 ], [ 5.240708907581054, 59.414429653641747 ], [ 5.233193247290657, 59.410873635835152 ], [ 5.225201336346941, 59.408105120358421 ], [ 5.217674402222372, 59.40462976750544 ], [ 5.211354061007833, 59.400257263968477 ], [ 5.20903527559271, 59.397263679913621 ], [ 5.207508562487162, 59.39626260524814 ], [ 5.190593586369554, 59.378754330201986 ], [ 5.185851427597282, 59.377012885761083 ], [ 5.174951247961618, 59.376227402478875 ], [ 5.163212252467918, 59.378241826866152 ], [ 5.174987366156964, 59.376224166363585 ], [ 5.178917236788537, 59.379414825279255 ], [ 5.178565411406403, 59.381021384636092 ], [ 5.17785856046754, 59.392089197205181 ], [ 5.169586295682456, 59.402594778497495 ], [ 5.127201833275215, 59.417846492377322 ], [ 5.122287541544202, 59.423224279109121 ], [ 5.122273775575545, 59.423271070806067 ] ] } },
{ "type": "Feature", "properties": { "gml_id": "id90494173-16f8-4156-8f1b-84d6ff18cfb4", "lokalid": "c2fe45f2-6ae4-4aad-b433-e5a48fa5155e", "navnerom": "https://data.geonorge.no/sosi/samferdsel/hovedled_og_biled", "versjonId": 20210101, "datauttaksdato": "2026-01-01T23:00:58", "farlednavn": "Innseiling Stangnesterminalen", "farlednummer": 1201, "farledtype": "Hovedled" }, "geometry": { "type": "LineString", "coordinates": [ [ 16.616067332061391, 68.797268544541097 ], [ 16.598060050755695, 68.772860746733144 ] ] } },
{ "type": "Feature", "properties": { "gml_id": "id59310628-f105-4912-80ce-992d1b14bf94", "lokalid": "471a520f-2aa2-4943-a294-5e766bdba8b1", "navnerom": "https://data.geonorge.no/sosi/samferdsel/hovedled_og_biled", "versjonId": 20210101, "datauttaksdato": "2026-01-01T23:00:58", "farlednavn": "Rørøy - Torgværleia", "farlednummer": 2576, "farledtype": "Biled" }, "geometry": { "type": "LineString", "coordinates": [ [ 12.122703321982852, 65.574201509670743 ], [ 12.040542021060396, 65.644931072068189 ], [ 12.036455733771943, 65.646865368973252 ], [ 12.034808711672662, 65.648391144795767 ], [ 12.0352409331392, 65.651857237943474 ], [ 12.034041882376236, 65.655046953991828 ], [ 12.030930554775463, 65.655886350598848 ], [ 12.025367957688298, 65.655618658618593 ], [ 12.016480867482155, 65.65508853978757 ] ] } },
{ "type": "Feature", "properties": { "gml_id": "id74467cf0-892a-4c05-a5ff-0d25b49d94c8", "lokalid": "28a92838-faff-4286-9b48-28ba211d9495", "navnerom": "https://data.geonorge.no/sosi/samferdsel/hovedled_og_biled", "versjonId": 20210101, "datauttaksdato": "2026-01-01T23:00:58", "farlednavn": "Ylvingen - Rørøy", "farlednummer": 2576, "farledtype": "Biled" }, "geometry": { "type": "LineString", "coordinates": [ [ 12.028141109201895, 65.655817153276118 ], [ 12.054310692207332, 65.660184687983374 ], [ 12.058329277366552, 65.661288262723346 ], [ 12.070853450899968, 65.66291652651968 ], [ 12.075688066764798, 65.661700553896637 ], [ 12.080792866854251, 65.659602311432053 ], [ 12.082758548721264, 65.658704348488499 ], [ 12.085583139530923, 65.658150513910968 ], [ 12.088878044524268, 65.656795430301486 ], [ 12.089790989532087, 65.655115393249687 ], [ 12.114055778228774, 65.645244677946863 ], [ 12.145444168141371, 65.637124501202408 ] ] } },
{ "type": "Feature", "properties": { "gml_id": "idfa74aca9-54e2-4796-b6e9-f36fb25ba77e", "lokalid": "27dff089-2d28-46ca-b5b2-a971b463b778", "navnerom": "https://data.geonorge.no/sosi/samferdsel/hovedled_og_biled", "versjonId": 20210101, "datauttaksdato": "2026-01-01T23:00:58", "farlednavn": "Klokkarøy - Kjerringholmen", "farlednummer": 2039, "farledtype": "Biled" }, "geometry": { "type": "LineString", "coordinates": [ [ 23.576596497139814, 70.575864517717619 ], [ 23.602644129427233, 70.585059901290208 ], [ 23.614421811042455, 70.600489379691339 ] ] } },
{ "type": "Feature", "properties": { "gml_id": "id419799ef-8e6e-4c35-9481-d273bb773ffb", "lokalid": "acc4c21b-a52a-4ee8-951c-7431ee094ba3", "navnerom": "https://data.geonorge.no/sosi/samferdsel/hovedled_og_biled", "versjonId": 20210101, "datauttaksdato": "2026-01-01T23:00:58", "farlednavn": "Anløp Storneskaia", "farlednummer": 2066, "farledtype": "Biled" }, "geometry": { "type": "LineString", "coordinates": [ [ 6.168129500144095, 62.465368674604768 ], [ 6.161759727514966, 62.468631819848795 ] ] } },
{ "type": "Feature", "properties": { "gml_id": "ide3865bf8-d532-444b-bd45-5e7701c615e6", "lokalid": "04f29f84-10e6-46bf-bc3e-a432aafb2eaa", "navnerom": "https://data.geonorge.no/sosi/samferdsel/hovedled_og_biled", "versjonId": 20210101, "datauttaksdato": "2026-01-01T23:00:58", "farlednavn": "Vollsfjorden", "farlednummer": 2046, "farledtype": "Biled" }, "geometry": { "type": "LineString", "coordinates": [ [ 9.587012458315382, 59.110715557910005 ], [ 9.56480996702418, 59.119685907599127 ] ] } },
{ "type": "Feature", "properties": { "gml_id": "id491c64ca-6dd2-4da1-8f85-b3a71a8bf025", "lokalid": "9fafc7e0-9c64-4274-b870-acb060482d2f", "navnerom": "https://data.geonorge.no/sosi/samferdsel/hovedled_og_biled", "versjonId": 20210101, "datauttaksdato": "2026-01-01T23:00:58", "farlednavn": "Farled Kråkvåg-fjorden syd", "farlednummer": 2546, "farledtype": "Biled" }, "geometry": { "type": "LineString", "coordinates": [ [ 9.258617140761496, 63.63818505347119 ], [ 9.446297976589314, 63.60711562027609 ] ] } },
{ "type": "Feature", "properties": { "gml_id": "id7fddba8c-c0be-4e99-bac3-9bf6a8b09a98", "lokalid": "335c82c3-9ed7-477d-91b4-3d7ba8685d58", "navnerom": "https://data.geonorge.no/sosi/samferdsel/hovedled_og_biled", "versjonId": 20210101, "datauttaksdato": "2026-01-01T23:00:58", "farlednavn": "Storfosna-Garten", "farlednummer": 2501, "farledtype": "Biled" }, "geometry": { "type": "LineString", "coordinates": [ [ 9.519168402710804, 63.647385587810284 ], [ 9.450557424427242, 63.65540975310082 ], [ 9.447254486748292, 63.655591338711318 ] ] } },
{ "type": "Feature", "properties": { "gml_id": "id49a829ad-80eb-496c-880c-851d8f3ed7a1", "lokalid": "bee4265a-acf0-4201-b1f5-95047b88d545", "navnerom": "https://data.geonorge.no/sosi/samferdsel/hovedled_og_biled", "versjonId": 20210101, "datauttaksdato": "2026-01-01T23:00:58", "farlednavn": "Leksa-Værnes", "farlednummer": 2506, "farledtype": "Biled" }, "geometry": { "type": "LineString", "coordinates": [ [ 9.401824490904575, 63.58732184685563 ], [ 9.414316175708091, 63.584667896972391 ], [ 9.460915069169417, 63.580242590081816 ], [ 9.481359503489886, 63.574820323012034 ], [ 9.488358818958224, 63.574530715596673 ] ] } },
{ "type": "Feature", "properties": { "gml_id": "id8fb394d9-9467-475c-bd46-2f595dd0f346", "lokalid": "288baac4-f0f0-479c-ab12-1141bd4370c9", "navnerom": "https://data.geonorge.no/sosi/samferdsel/hovedled_og_biled", "versjonId": 20210101, "datauttaksdato": "2026-01-01T23:00:58", "farlednavn": "Biled Mellombåene", "farlednummer": 2082, "farledtype": "Biled" }, "geometry": { "type": "LineString", "coordinates": [ [ 8.81216443588368, 58.403069968544465 ], [ 8.785486950093969, 58.403583935290413 ], [ 8.773773367633478, 58.407728597113412 ] ] } },
{ "type": "Feature", "properties": { "gml_id": "id8d6220ee-eef2-4dcb-be8b-186c406ee525", "lokalid": "6c515997-cb0a-4599-80d5-adbcc4b17dc7", "navnerom": "https://data.geonorge.no/sosi/samferdsel/hovedled_og_biled", "versjonId": 20210101, "datauttaksdato": "2026-01-01T23:00:58", "farlednavn": "Borgundvåg", "farlednummer": 2357, "farledtype": "Biled" }, "geometry": { "type": "LineString", "coordinates": [ [ 5.310008406950931, 62.150331961986879 ], [ 5.320149486837265, 62.146082706197376 ], [ 5.357296225092594, 62.147746480318155 ] ] } },
{ "type": "Feature", "properties": { "gml_id": "id35aa379b-b2a0-4399-bf25-3d80894ee06a", "lokalid": "91acf736-f6c4-4a59-9251-f0233718b780", "navnerom": "https://data.geonorge.no/sosi/samferdsel/hovedled_og_biled", "versjonId": 20210101, "datauttaksdato": "2026-01-01T23:00:58", "farlednavn": "Hardangerfjorden - Opsangervågen", "farlednummer": 2183, "farledtype": "Biled" }, "geometry": { "type": "LineString", "coordinates": [ [ 5.673149260230161, 59.827013165196398 ], [ 5.706768350777736, 59.830756686040715 ], [ 5.715144037647574, 59.832161044372278 ], [ 5.715781450794287, 59.832260508460926 ] ] } },
{ "type": "Feature", "properties": { "gml_id": "id4261ced3-5d50-4a19-8f9e-9f4ab4f9c8ba", "lokalid": "c79dc6a6-e9ad-4f6d-8b71-e55e75ed1a0f", "navnerom": "https://data.geonorge.no/sosi/samferdsel/hovedled_og_biled", "versjonId": 20210101, "datauttaksdato": "2026-01-01T23:00:58", "farlednavn": "Honningsvåg", "farlednummer": 2358, "farledtype": "Biled" }, "geometry": { "type": "LineString", "coordinates": [ [ 5.188640538419472, 62.195069982545618 ], [ 5.181228228938617, 62.196414174441841 ], [ 5.173584237544691, 62.196081445985492 ], [ 5.165761950812471, 62.196658329020778 ], [ 5.132498240466152, 62.216102620021452 ], [ 5.111124934027557, 62.228578328013157 ] ] } },
{ "type": "Feature", "properties": { "gml_id": "ida4b9f755-8d47-40b8-91b1-6709ab1042de", "lokalid": "03ae17a3-0962-4c9a-9167-c73bec22b3d6", "navnerom": "https://data.geonorge.no/sosi/samferdsel/hovedled_og_biled", "versjonId": 20210101, "datauttaksdato": "2026-01-01T23:00:58", "farlednavn": "Åkrahamn", "farlednummer": 2160, "farledtype": "Biled" }, "geometry": { "type": "LineString", "coordinates": [ [ 5.113793809463151, 59.228365058192132 ], [ 5.165403531099464, 59.233772699968085 ], [ 5.174725027259457, 59.251550027950145 ], [ 5.176460971189451, 59.252937498457356 ] ] } },
{ "type": "Feature", "properties": { "gml_id": "idcf7b994a-8691-46e1-a62f-70208f9fa150", "lokalid": "7724b9e3-f545-442c-b779-0ab0fe91117c", "navnerom": "https://data.geonorge.no/sosi/samferdsel/hovedled_og_biled", "versjonId": 20210101, "datauttaksdato": "2026-01-01T23:00:58", "farlednavn": "Bjørnafjorden - Os", "farlednummer": 2215, "farledtype": "Biled" }, "geometry": { "type": "LineString", "coordinates": [ [ 5.453269093041412, 60.106563440448987 ], [ 5.47760455306844, 60.170906179693837 ], [ 5.472445330919392, 60.178765660847141 ] ] } },
{ "type": "Feature", "properties": { "gml_id": "id6b1684b0-09e9-4f1d-9ec5-e7fa8f521ce8", "lokalid": "7a6ed63f-8eee-4819-bea1-6c71595b3365", "navnerom": "https://data.geonorge.no/sosi/samferdsel/hovedled_og_biled", "versjonId": 20210101, "datauttaksdato": "2026-01-01T23:00:58", "farlednavn": "Sirevåg", "farlednummer": 2112, "farledtype": "Biled" }, "geometry": { "type": "LineString", "coordinates": [ [ 5.718065665914795, 58.472897809947604 ], [ 5.775792833376607, 58.508450413903496 ], [ 5.783357096704664, 58.508650932505219 ], [ 5.784875914942877, 58.507861957261632 ] ] } },
{ "type": "Feature", "properties": { "gml_id": "id9b5c137c-dcd4-419f-98df-876fb84819e9", "lokalid": "afd12ca5-3adc-4083-aac9-b4bc102ee5f0", "navnerom": "https://data.geonorge.no/sosi/samferdsel/hovedled_og_biled", "versjonId": 20210101, "datauttaksdato": "2026-01-01T23:00:58", "farlednavn": "Ferge: Småge - Orta - Finnøya - Sandøy - Ona", "farlednummer": 2452, "farledtype": "Biled" }, "geometry": { "type": "LineString", "coordinates": [ [ 6.515673901053783, 62.804870269451534 ], [ 6.538600686127068, 62.808841798987963 ], [ 6.546614920109952, 62.810569648748995 ], [ 6.553273007255344, 62.812836437737467 ], [ 6.556599547532894, 62.814160743944903 ], [ 6.560303268392407, 62.815627232567408 ], [ 6.563954931962091, 62.816731970333592 ], [ 6.565672994998657, 62.817912416446667 ], [ 6.568817722497897, 62.820804092952308 ] ] } },
{ "type": "Feature", "properties": { "gml_id": "ide51fad5c-08e8-4f08-98c8-f77f223c6220", "lokalid": "54ee0fa0-f972-462f-8186-5a8687c86619", "navnerom": "https://data.geonorge.no/sosi/samferdsel/hovedled_og_biled", "versjonId": 20210101, "datauttaksdato": "2026-01-01T23:00:58", "farlednavn": "Ferge: Småge - Orta - Finnøya - Sandøy - Ona", "farlednummer": 2452, "farledtype": "Biled" }, "geometry": { "type": "LineString", "coordinates": [ [ 6.700239074418476, 62.797805871436246 ], [ 6.692716679600723, 62.797237850737858 ], [ 6.672699565124578, 62.79317888623882 ], [ 6.655997121392761, 62.788053109205208 ], [ 6.609734708591606, 62.792173007010618 ], [ 6.603578296829761, 62.793305128865747 ], [ 6.579177460597593, 62.797788714990034 ], [ 6.551264393577068, 62.805473874776069 ], [ 6.54038542273751, 62.809229166046357 ] ] } },
{ "type": "Feature", "properties": { "gml_id": "ide05f22ea-e996-4a10-b2d3-b3922a6c70f7", "lokalid": "e43a8867-61ad-47d8-b6db-633c3557c526", "navnerom": "https://data.geonorge.no/sosi/samferdsel/hovedled_og_biled", "versjonId": 20210101, "datauttaksdato": "2026-01-01T23:00:58", "farlednavn": "Hansnes - Reinskare", "farlednummer": 2869, "farledtype": "Biled" }, "geometry": { "type": "LineString", "coordinates": [ [ 19.631201864954285, 69.965436326244884 ], [ 19.643535879946757, 69.961891267654195 ], [ 19.66551752389546, 69.955568754085121 ] ] } },
{ "type": "Feature", "properties": { "gml_id": "ida7e52089-cc43-4a58-b3fb-eae881e547c6", "lokalid": "020ce9d9-19eb-407b-9d7b-b26877935b37", "navnerom": "https://data.geonorge.no/sosi/samferdsel/hovedled_og_biled", "versjonId": 20210101, "datauttaksdato": "2026-01-01T23:00:58", "farlednavn": "Hurtigbåt Sistranda", "farlednummer": 2534, "farledtype": "Biled" }, "geometry": { "type": "LineString", "coordinates": [ [ 8.993752672844403, 63.608418849882739 ], [ 9.006587071964015, 63.629256245201624 ], [ 9.004703668815326, 63.642678458691115 ], [ 9.002362037251205, 63.646417279815736 ], [ 9.005348129779419, 63.649536722992771 ], [ 9.00127314120525, 63.658920058576776 ], [ 8.972045551068021, 63.671674260819032 ], [ 8.887489768634344, 63.708472809742375 ], [ 8.868978805357356, 63.712681147278204 ], [ 8.844014881662961, 63.736906157072113 ] ] } },
{ "type": "Feature", "properties": { "gml_id": "ide89cce4b-7a84-4911-bf61-e013f214a765", "lokalid": "576ee8f9-3f08-4f72-bbad-3dbd96212f4f", "navnerom": "https://data.geonorge.no/sosi/samferdsel/hovedled_og_biled", "versjonId": 20210101, "datauttaksdato": "2026-01-01T23:00:58", "farlednavn": "Hustadvika Syd", "farlednummer": 1542, "farledtype": "Hovedled" }, "geometry": { "type": "LineString", "coordinates": [ [ 6.899454799319547, 62.980857940795687 ], [ 7.176481540082628, 63.029531298811712 ], [ 7.200558529760682, 63.034190052337898 ], [ 7.224162947512189, 63.039507915087533 ], [ 7.26773389098882, 63.048880376897991 ], [ 7.283384533618179, 63.051744720202805 ], [ 7.316398590178266, 63.054218906477814 ], [ 7.32494017146822, 63.054634096679024 ] ] } },
{ "type": "Feature", "properties": { "gml_id": "id5f729233-bc0b-4c99-aacf-53071c12b792", "lokalid": "ecb1b26f-ca42-40db-8780-b04bf87b6041", "navnerom": "https://data.geonorge.no/sosi/samferdsel/hovedled_og_biled", "versjonId": 20210101, "datauttaksdato": "2026-01-01T23:00:58", "farlednavn": "Innseiling Årviksand", "farlednummer": 2959, "farledtype": "Biled" }, "geometry": { "type": "LineString", "coordinates": [ [ 20.352224806462708, 70.219625389984259 ], [ 20.506131496318719, 70.196319848595337 ], [ 20.506207163251865, 70.19629872141536 ] ] } },
{ "type": "Feature", "properties": { "gml_id": "idc4d0d59a-08aa-4b45-a865-506616978ea9", "lokalid": "4b64c496-5f62-49f7-8c6c-11077f989787", "navnerom": "https://data.geonorge.no/sosi/samferdsel/hovedled_og_biled", "versjonId": 20210101, "datauttaksdato": "2026-01-01T23:00:58", "farlednavn": "Innseiling Svartnes", "farlednummer": 2998, "farledtype": "Biled" }, "geometry": { "type": "LineString", "coordinates": [ [ 31.066024953866449, 70.367660152254061 ], [ 31.050706658173919, 70.367138878819603 ] ] } },
{ "type": "Feature", "properties": { "gml_id": "id0eb3d93d-ef7d-4616-b701-845a433edab5", "lokalid": "9bbbbf59-034a-4107-a1dd-a434f9117fa0", "navnerom": "https://data.geonorge.no/sosi/samferdsel/hovedled_og_biled", "versjonId": 20210101, "datauttaksdato": "2026-01-01T23:00:58", "farlednavn": "Flatøyosen", "farlednummer": 2257, "farledtype": "Biled" }, "geometry": { "type": "LineString", "coordinates": [ [ 5.219365029608752, 60.561661690621726 ], [ 5.224342052438415, 60.554271103485867 ], [ 5.229044233357648, 60.548887786827919 ], [ 5.231489422597299, 60.545549558427133 ], [ 5.245470243179444, 60.539845296836369 ], [ 5.247203146348682, 60.536022082665617 ], [ 5.249087658786635, 60.534049811775944 ], [ 5.254210500825037, 60.526515446805391 ], [ 5.26445767075995, 60.515362281715909 ] ] } },
{ "type": "Feature", "properties": { "gml_id": "ide00fc654-76df-485e-98b8-9f2a24d2068e", "lokalid": "cd0a2426-9bcf-4d06-b503-e347ea4300d1", "navnerom": "https://data.geonorge.no/sosi/samferdsel/hovedled_og_biled", "versjonId": 20210101, "datauttaksdato": "2026-01-01T23:00:58", "farlednavn": "Vassøy - Marøy - Gandsfjorden", "farlednummer": 2116, "farledtype": "Biled" }, "geometry": { "type": "LineString", "coordinates": [ [ 5.798371683754559, 58.98871001713605 ], [ 5.775671151385872, 58.97436365805217 ], [ 5.762851598441473, 58.921107099060933 ] ] } },
{ "type": "Feature", "properties": { "gml_id": "id11eb8dbe-3929-4dfd-a792-f69d4a092356", "lokalid": "76f20427-c652-48a8-b5c3-5dfb16d23e67", "navnerom": "https://data.geonorge.no/sosi/samferdsel/hovedled_og_biled", "versjonId": 20210101, "datauttaksdato": "2026-01-01T23:00:58", "farlednavn": "Askneset - Alverstraumen", "farlednummer": 2265, "farledtype": "Biled" }, "geometry": { "type": "LineString", "coordinates": [ [ 5.232983361573955, 60.493536690571311 ], [ 5.27531019599779, 60.522876597945498 ], [ 5.277763871393984, 60.535530170307517 ], [ 5.277843361251251, 60.535556690058208 ], [ 5.273838360769304, 60.542530020108067 ], [ 5.272121695793448, 60.544675019925741 ], [ 5.238478379155977, 60.558967880982109 ], [ 5.238472051033825, 60.55897067477364 ], [ 5.229435029106077, 60.562960021112879 ], [ 5.230923361405494, 60.567398350758801 ], [ 5.229251669393173, 60.571504071356472 ] ] } },
{ "type": "Feature", "properties": { "gml_id": "ida8fee0ae-2673-4aab-8b39-c012a55c8050", "lokalid": "5c5f8797-c298-4fca-b36d-4194b6268ff0", "navnerom": "https://data.geonorge.no/sosi/samferdsel/hovedled_og_biled", "versjonId": 20210101, "datauttaksdato": "2026-01-01T23:00:58", "farlednavn": "Måløysundet - Statthavet", "farlednummer": 1523, "farledtype": "Hovedled" }, "geometry": { "type": "LineString", "coordinates": [ [ 5.117909062246128, 61.920576095104707 ], [ 5.121357244101059, 61.922487425677986 ], [ 5.124238871175185, 61.929637245099499 ], [ 5.12546387185014, 61.934611777207543 ] ] } },
{ "type": "Feature", "properties": { "gml_id": "id59f3c22c-a2a9-4947-80a0-e363aa431c9c", "lokalid": "2dd60176-d3f1-4d55-afed-ff156256828b", "navnerom": "https://data.geonorge.no/sosi/samferdsel/hovedled_og_biled", "versjonId": 20210101, "datauttaksdato": "2026-01-01T23:00:58", "farlednavn": "Måløysundet - Statthavet", "farlednummer": 1523, "farledtype": "Hovedled" }, "geometry": { "type": "LineString", "coordinates": [ [ 4.997725493674057, 62.170798027719883 ], [ 5.094890420216295, 62.103289598215973 ], [ 5.10334945885275, 62.092297415054858 ], [ 5.121243402173794, 62.069015119345259 ], [ 5.131179512489145, 62.055771021936046 ], [ 5.142692261899761, 62.034613907219274 ], [ 5.150074254677899, 62.020440139852404 ], [ 5.157594103639478, 62.006132617356243 ], [ 5.164022705477209, 61.993902028546898 ], [ 5.159226697960364, 61.987606685742712 ], [ 5.15269669877262, 61.978865015755787 ], [ 5.146401697898052, 61.962725015623228 ], [ 5.146288364387648, 61.95643501534132 ], [ 5.143081699014236, 61.950246685939305 ], [ 5.128995582090528, 61.937731454272352 ], [ 5.122483364346357, 61.931941685960894 ], [ 5.122056698616992, 61.929571686187103 ], [ 5.11790669948142, 61.920583346053512 ], [ 5.119686699991262, 61.911690016662234 ] ] } },
{ "type": "Feature", "properties": { "gml_id": "id7f10ff8d-0e54-4b13-9e77-e03957623d7d", "lokalid": "6d556560-567a-4564-adac-9a0d19a99931", "navnerom": "https://data.geonorge.no/sosi/samferdsel/hovedled_og_biled", "versjonId": 20210101, "datauttaksdato": "2026-01-01T23:00:58", "farlednavn": "Innseiling Lebesby", "farlednummer": 2116, "farledtype": "Biled" }, "geometry": { "type": "LineString", "coordinates": [ [ 26.819423388970993, 71.051248480085093 ], [ 26.858332257529856, 70.892384077282514 ], [ 26.871352106959346, 70.838729944249266 ], [ 26.751583812949011, 70.639885883622156 ], [ 26.85622033986159, 70.562882381783993 ], [ 26.990091573858553, 70.561555310474631 ], [ 26.990077649308947, 70.561562270609244 ], [ 26.990091573858553, 70.561555310474631 ] ] } },
{ "type": "Feature", "properties": { "gml_id": "id2f2ce594-1f28-4de0-9681-b6fc26e5cca6", "lokalid": "7d5f7ea0-2847-480a-b86a-831229004cc3", "navnerom": "https://data.geonorge.no/sosi/samferdsel/hovedled_og_biled", "versjonId": 20210101, "datauttaksdato": "2026-01-01T23:00:58", "farlednavn": "Nordlenangen", "farlednummer": 2116, "farledtype": "Biled" }, "geometry": { "type": "LineString", "coordinates": [ [ 20.193181273433805, 69.970359328138258 ], [ 20.177567495068079, 69.924378080632138 ], [ 20.169411032655859, 69.911558460881267 ], [ 20.169337976380984, 69.909163290453606 ] ] } },
{ "type": "Feature", "properties": { "gml_id": "idc45f2737-79d1-407d-b992-21ebba983c0d", "lokalid": "a8d0ee55-177c-41b6-bbe0-113b795502fd", "navnerom": "https://data.geonorge.no/sosi/samferdsel/hovedled_og_biled", "versjonId": 20210101, "datauttaksdato": "2026-01-01T23:00:58", "farlednavn": "Feisteinsleia - Karmsund", "farlednummer": 1500, "farledtype": "Hovedled" }, "geometry": { "type": "LineString", "coordinates": [ [ 5.347847483454706, 58.791171521139617 ], [ 5.465000013128923, 58.841666686336133 ], [ 5.511761686845915, 58.866681692897295 ], [ 5.530530020856345, 58.893655021982681 ], [ 5.549005019592508, 58.921548352230133 ], [ 5.549891686928853, 58.928631691795914 ], [ 5.550438505269535, 58.932983981751214 ], [ 5.554551384858708, 58.965697977689636 ], [ 5.556393353306453, 58.980336691944302 ], [ 5.554713352394634, 58.985526691703257 ], [ 5.539505019520491, 59.028721691302998 ], [ 5.535104721279017, 59.047434450213011 ], [ 5.522911835178268, 59.099156192163335 ], [ 5.436666694526014, 59.111666682116841 ], [ 5.333756928744691, 59.156954941704342 ] ] } },
{ "type": "Feature", "properties": { "gml_id": "id1279ef58-f313-48a0-971b-0412546c29ce", "lokalid": "f43142e8-e7bd-4673-99c9-71f9a508d853", "navnerom": "https://data.geonorge.no/sosi/samferdsel/hovedled_og_biled", "versjonId": 20210101, "datauttaksdato": "2026-01-01T23:00:58", "farlednavn": "Klubbholmen - Bergsfjord", "farlednummer": 2934, "farledtype": "Biled" }, "geometry": { "type": "LineString", "coordinates": [ [ 21.749387254938508, 70.263921470075246 ], [ 21.76665380350871, 70.256979824147749 ], [ 21.782783650889915, 70.249697035033819 ] ] } },
{ "type": "Feature", "properties": { "gml_id": "idc95017c5-b493-4184-92a3-b610398442c3", "lokalid": "31c256e2-7976-4b99-81ce-0c6d6b46f0c0", "navnerom": "https://data.geonorge.no/sosi/samferdsel/hovedled_og_biled", "versjonId": 20210101, "datauttaksdato": "2026-01-01T23:00:58", "farlednavn": "Breivikfjorden", "farlednummer": 2935, "farledtype": "Biled" }, "geometry": { "type": "LineString", "coordinates": [ [ 21.696055373256044, 70.403267105667709 ], [ 22.049712563653927, 70.537780538306237 ] ] } },
{ "type": "Feature", "properties": { "gml_id": "id58f79e56-e2a8-4a25-9654-5858ba0de39c", "lokalid": "e55cafe1-e73a-4ba8-9a66-9965771b14f3", "navnerom": "https://data.geonorge.no/sosi/samferdsel/hovedled_og_biled", "versjonId": 20210101, "datauttaksdato": "2026-01-01T23:00:58", "farlednavn": "Langfjorden", "farlednummer": 2938, "farledtype": "Biled" }, "geometry": { "type": "LineString", "coordinates": [ [ 23.028209274334767, 70.174306098957103 ], [ 22.837247987509659, 70.105293745836292 ], [ 22.741350813012058, 70.091204866215122 ], [ 22.614370217411288, 70.076871556983363 ], [ 22.385728099936824, 70.057758529425215 ], [ 22.32220666545695, 70.041746478180812 ], [ 22.306728539500494, 70.040629679611797 ] ] } },
{ "type": "Feature", "properties": { "gml_id": "id1deea5f1-09e5-424f-a4d3-f181ba57d2d5", "lokalid": "e34a39ed-1bad-462f-b427-94f5a2d1ae5c", "navnerom": "https://data.geonorge.no/sosi/samferdsel/hovedled_og_biled", "versjonId": 20210101, "datauttaksdato": "2026-01-01T23:00:58", "farlednavn": "Molde -Hjertøysundet- Vestnes", "farlednummer": 2438, "farledtype": "Biled" }, "geometry": { "type": "LineString", "coordinates": [ [ 7.165393663770668, 62.73484479785354 ], [ 7.168345095986054, 62.734355496530917 ], [ 7.177914616968045, 62.732344034485941 ], [ 7.178983655769294, 62.732033635405465 ], [ 7.1844244157648, 62.730453659586026 ], [ 7.18702094329834, 62.729093269187118 ], [ 7.187651241798252, 62.727076077852111 ], [ 7.188401367671267, 62.724784731372765 ], [ 7.18899866889102, 62.72306816406639 ], [ 7.189328422907098, 62.721513593996328 ], [ 7.188888196422075, 62.72099531996156 ], [ 7.187165296394006, 62.720223796784261 ], [ 7.185230367708622, 62.719357254050031 ], [ 7.184714877044986, 62.718698732870088 ], [ 7.185171272729439, 62.718068552862832 ], [ 7.186686828816733, 62.716599487966469 ], [ 7.185169261477876, 62.71395928811917 ], [ 7.184345881432277, 62.713439608005309 ], [ 7.180996579123724, 62.710386671734007 ], [ 7.177743258633265, 62.706192874791334 ], [ 7.172642007910358, 62.701131206820541 ], [ 7.168776207463228, 62.696902744942093 ], [ 7.166559217002922, 62.694294941134387 ], [ 7.16259933693931, 62.691207109488481 ], [ 7.161231960455046, 62.689315516715418 ], [ 7.152546552114142, 62.678224996858781 ], [ 7.143745945605301, 62.668368884289826 ], [ 7.135672731308881, 62.659699228965437 ], [ 7.122108000721842, 62.645178481315405 ], [ 7.116876368281271, 62.638276385618745 ], [ 7.109955396419964, 62.631174254435017 ], [ 7.096852419857878, 62.62431787207926 ] ] } },
{ "type": "Feature", "properties": { "gml_id": "id3c5a1c45-2898-4e24-92c9-3506ea59c38a", "lokalid": "39070e17-f147-496a-b73b-5e1889fdda8e", "navnerom": "https://data.geonorge.no/sosi/samferdsel/hovedled_og_biled", "versjonId": 20210101, "datauttaksdato": "2026-01-01T23:00:58", "farlednavn": "Høgsfjorden - Jørpeland", "farlednummer": 2120, "farledtype": "Biled" }, "geometry": { "type": "LineString", "coordinates": [ [ 5.845754796313232, 58.998804968402183 ], [ 5.893706681020879, 59.00332668578185 ], [ 5.955793347661953, 59.002780015310144 ], [ 6.015052309176652, 59.004882165957994 ], [ 6.034729137170643, 59.006943420244873 ], [ 6.042018178905966, 59.012700689965598 ] ] } },
{ "type": "Feature", "properties": { "gml_id": "ide73feec5-0cb9-4dfa-9974-7a912a01130c", "lokalid": "d62abe36-1a30-47c5-b85f-84395c7b4d7d", "navnerom": "https://data.geonorge.no/sosi/samferdsel/hovedled_og_biled", "versjonId": 20210101, "datauttaksdato": "2026-01-01T23:00:58", "farlednavn": "Rognsundet", "farlednummer": 2945, "farledtype": "Biled" }, "geometry": { "type": "LineString", "coordinates": [ [ 22.590180747219037, 70.47526220345776 ], [ 22.857811717706944, 70.366146562508732 ], [ 22.965487003046775, 70.332321467583753 ], [ 23.079801111762666, 70.242690607079439 ] ] } },
{ "type": "Feature", "properties": { "gml_id": "id7e01bdc7-a7a8-47af-9bee-8eb9208cfd3b", "lokalid": "50f317f4-902b-4eaa-ae78-37928cce5713", "navnerom": "https://data.geonorge.no/sosi/samferdsel/hovedled_og_biled", "versjonId": 20210101, "datauttaksdato": "2026-01-01T23:00:58", "farlednavn": "Hurtigbåtled Langevåg- Ålesund", "farlednummer": 2412, "farledtype": "Biled" }, "geometry": { "type": "LineString", "coordinates": [ [ 6.18602380541023, 62.445542285415826 ], [ 6.183551895682932, 62.446775559794474 ], [ 6.182671376345786, 62.448177387956108 ], [ 6.187715125224867, 62.449263411057224 ], [ 6.190857613213772, 62.450323846912291 ], [ 6.192293920311803, 62.452614048254347 ], [ 6.175684786185956, 62.462202975196078 ] ] } },
{ "type": "Feature", "properties": { "gml_id": "idffa6d695-3533-4ed4-b2a7-3ecdd30094e7", "lokalid": "84818c4f-9a43-4d7f-9e5c-4ff815c49eee", "navnerom": "https://data.geonorge.no/sosi/samferdsel/hovedled_og_biled", "versjonId": 20210101, "datauttaksdato": "2026-01-01T23:00:58", "farlednavn": "Karmsundet", "farlednummer": 1501, "farledtype": "Hovedled" }, "geometry": { "type": "LineString", "coordinates": [ [ 5.336651021068138, 59.261891238290488 ], [ 5.330423357541807, 59.299668354521579 ], [ 5.328591691102428, 59.319701694523566 ], [ 5.327363520622545, 59.321942426767023 ], [ 5.312453358131795, 59.349118354738138 ], [ 5.312570024360422, 59.354316694206936 ], [ 5.299295024542165, 59.366680025114789 ], [ 5.295633358600199, 59.37700002511383 ], [ 5.28601835885578, 59.389526695376354 ], [ 5.281328359358173, 59.392620025632787 ], [ 5.250694969231589, 59.409052494103008 ], [ 5.236466694072019, 59.41667669624524 ], [ 5.230542476144374, 59.422743406135361 ], [ 5.227768359437445, 59.425583356555528 ], [ 5.229941694368106, 59.432625025876412 ], [ 5.226646668886608, 59.447679463953136 ], [ 5.225686923081758, 59.452061267057438 ], [ 5.221530466571717, 59.471021674270986 ], [ 5.214443360022599, 59.503290026050593 ], [ 5.212907678309353, 59.510038948173438 ], [ 5.210110864251737, 59.522321678723884 ], [ 5.209948310509249, 59.523035223918214 ], [ 5.208885026848478, 59.527701696381577 ] ] } },
{ "type": "Feature", "properties": { "gml_id": "id199ad3c8-a206-4b4c-8ca0-cd036345944a", "lokalid": "70e12da7-1719-4c20-8b48-32a7a96064c3", "navnerom": "https://data.geonorge.no/sosi/samferdsel/hovedled_og_biled", "versjonId": 20210101, "datauttaksdato": "2026-01-01T23:00:58", "farlednavn": "Færder - Oslo (dynaløpet)", "farlednummer": 1000, "farledtype": "Hovedled" }, "geometry": { "type": "LineString", "coordinates": [ [ 10.721446778732979, 59.904796670514067 ], [ 10.729441720808049, 59.903698306481793 ], [ 10.741420267148774, 59.899840754087101 ] ] } },
{ "type": "Feature", "properties": { "gml_id": "id71ba1937-408a-4fd7-b153-45e6f4e99c32", "lokalid": "5c0fec5e-b888-4d45-b7e1-a0d493221a6a", "navnerom": "https://data.geonorge.no/sosi/samferdsel/hovedled_og_biled", "versjonId": 20210101, "datauttaksdato": "2026-01-01T23:00:58", "farlednavn": "Revsbotn - Forsøl", "farlednummer": 2954, "farledtype": "Biled" }, "geometry": { "type": "LineString", "coordinates": [ [ 23.748410506374292, 70.779833300424897 ], [ 23.820050260056579, 70.756348719110761 ], [ 23.830462211445827, 70.741969024637001 ], [ 23.816737038176711, 70.731885724806133 ], [ 23.819674853816711, 70.723345648710506 ], [ 23.818769901026741, 70.722116475417067 ] ] } },
{ "type": "Feature", "properties": { "gml_id": "id6a5e3b83-cc7a-499f-a329-27005763ff70", "lokalid": "75f5f19e-ef1f-4d15-a8d9-f56811f5596e", "navnerom": "https://data.geonorge.no/sosi/samferdsel/hovedled_og_biled", "versjonId": 20210101, "datauttaksdato": "2026-01-01T23:00:58", "farlednavn": "Nedstrandsfjorden - Saudafjorden", "farlednummer": 1047, "farledtype": "Hovedled" }, "geometry": { "type": "LineString", "coordinates": [ [ 6.124411679086408, 59.410618341640614 ], [ 6.123611679458363, 59.405781681585061 ], [ 6.116696680374663, 59.402811681936534 ], [ 6.108850012944656, 59.403160011766815 ], [ 6.098780012929964, 59.405843341997027 ], [ 6.094771680173513, 59.406540012673204 ], [ 6.092485012430496, 59.40630834239245 ], [ 6.090653345213132, 59.405726682382415 ], [ 6.065363346541149, 59.389641682926452 ], [ 6.038583347214731, 59.376358343367805 ], [ 6.011541911035784, 59.363075639318708 ], [ 5.982341680588139, 59.348715013425839 ], [ 5.954876680698738, 59.34381168423301 ], [ 5.915401145589273, 59.333390962280973 ], [ 5.888401121939475, 59.326253101875103 ], [ 5.877056115746309, 59.323251352915818 ], [ 5.790768349934001, 59.30037168637368 ], [ 5.551527074006233, 59.176305487898539 ], [ 5.519583766642625, 59.158362712800873 ], [ 5.519215558665474, 59.158155735778735 ] ] } },
{ "type": "Feature", "properties": { "gml_id": "idb8241176-8fc8-4798-b7ec-641eb663346d", "lokalid": "2e265ec8-fd3a-4904-90eb-04f6ec78f6ca", "navnerom": "https://data.geonorge.no/sosi/samferdsel/hovedled_og_biled", "versjonId": 20210101, "datauttaksdato": "2026-01-01T23:00:58", "farlednavn": "Bodø - Moskenes", "farlednummer": 2683, "farledtype": "Biled" }, "geometry": { "type": "LineString", "coordinates": [ [ 14.364187712576246, 67.285580953841873 ], [ 14.362978161763619, 67.286520654804391 ], [ 14.363097594153251, 67.28749432963285 ], [ 14.37404347406852, 67.292307996586871 ], [ 14.378462134694331, 67.29772764406448 ], [ 14.369396924008951, 67.307205438852932 ], [ 14.369085235764963, 67.307286059340257 ], [ 14.319761261327963, 67.32002958816436 ], [ 14.164092294539985, 67.360060913783727 ], [ 14.080654096291749, 67.379679223322427 ], [ 14.041566867739538, 67.389132640923819 ], [ 14.000705670410747, 67.398758660158563 ], [ 14.011012300156874, 67.429963287038504 ], [ 14.009069806516864, 67.435078259545222 ], [ 13.992843190255396, 67.438870532986101 ], [ 13.940330825501901, 67.463409770841594 ], [ 13.435663356659319, 67.709342375547124 ], [ 13.194432168039539, 67.821442528963189 ], [ 13.189160198114459, 67.824612985698948 ], [ 13.135255328266371, 67.851354290827274 ], [ 13.079991182371632, 67.877686221307101 ], [ 13.070576888796911, 67.881849195161848 ], [ 13.051946729663145, 67.890790221876131 ], [ 13.04235265013374, 67.895252626177594 ], [ 13.039636958156585, 67.896592762598161 ], [ 13.038705334229414, 67.8974088859445 ] ] } },
{ "type": "Feature", "properties": { "gml_id": "id5746037b-4864-459d-9620-1635b046a555", "lokalid": "fb066334-58c6-4c3a-aca0-28837a36e120", "navnerom": "https://data.geonorge.no/sosi/samferdsel/hovedled_og_biled", "versjonId": 20210101, "datauttaksdato": "2026-01-01T23:00:58", "farlednavn": "Vestergapet - Kongsgårdbukta", "farlednummer": 1033, "farledtype": "Hovedled" }, "geometry": { "type": "LineString", "coordinates": [ [ 7.927498403532608, 58.013510174207852 ], [ 7.941710000419335, 58.044412105825799 ], [ 7.950953889550358, 58.064485102157263 ], [ 7.959676121477504, 58.074679585408255 ], [ 7.991598409991746, 58.092776847607453 ], [ 8.018698196344646, 58.119132647851892 ], [ 8.022562098456552, 58.124288734487827 ], [ 8.031308304558294, 58.135954246443667 ], [ 8.035452429042914, 58.142265706408509 ], [ 8.037137159380856, 58.143362825011693 ], [ 8.039124469253013, 58.144532326365777 ], [ 8.042181143168955, 58.146709282268922 ], [ 8.042628171688186, 58.150030134203952 ], [ 8.04267932602369, 58.152989455541324 ], [ 8.046131337179194, 58.15608739678671 ], [ 8.049273416925873, 58.157546951849469 ] ] } },
{ "type": "Feature", "properties": { "gml_id": "id91fce929-2ac1-422c-bfdd-2d014aace852", "lokalid": "85cfc4e2-f811-4142-8995-50848a85cb69", "navnerom": "https://data.geonorge.no/sosi/samferdsel/hovedled_og_biled", "versjonId": 20210101, "datauttaksdato": "2026-01-01T23:00:58", "farlednavn": "Svenner Fyr - Larvik", "farlednummer": 1016, "farledtype": "Hovedled" }, "geometry": { "type": "LineString", "coordinates": [ [ 10.127543855360477, 58.936218078407322 ], [ 10.079610709889895, 58.988580769337311 ], [ 10.060430667456348, 59.008271133165984 ], [ 10.033630861152073, 59.035809381717954 ] ] } },
{ "type": "Feature", "properties": { "gml_id": "id8c2cc7b0-bd48-4087-ada7-4e3afd9d7f07", "lokalid": "6f40cab9-1a21-4d98-86fe-8f8a6cbbfd5e", "navnerom": "https://data.geonorge.no/sosi/samferdsel/hovedled_og_biled", "versjonId": 20210101, "datauttaksdato": "2026-01-01T23:00:58", "farlednavn": "Gudholmen - Drammen", "farlednummer": 1010, "farledtype": "Hovedled" }, "geometry": { "type": "LineString", "coordinates": [ [ 10.416022918145829, 59.624095933671192 ], [ 10.397797808475916, 59.671459855919728 ], [ 10.376264557610485, 59.687565401236263 ], [ 10.268505081916437, 59.727441051598632 ], [ 10.244857556391688, 59.735265560753476 ] ] } },
{ "type": "Feature", "properties": { "gml_id": "id9e540879-2a1a-4b43-aab1-5f2697f1d932", "lokalid": "9d6216c3-5ad0-4d88-8238-90b8a0db9ee5", "navnerom": "https://data.geonorge.no/sosi/samferdsel/hovedled_og_biled", "versjonId": 20210101, "datauttaksdato": "2026-01-01T23:00:58", "farlednavn": "Rakkeboene lysbøye - Larvik", "farlednummer": 2042, "farledtype": "Biled" }, "geometry": { "type": "LineString", "coordinates": [ [ 10.077302263047228, 58.943168825630231 ], [ 10.046278505340229, 58.988943342606944 ], [ 10.045067269487987, 58.993759944934254 ], [ 10.053981327205271, 59.005290461746284 ], [ 10.033627534805445, 59.035809525455278 ] ] } },
{ "type": "Feature", "properties": { "gml_id": "id867b579d-4684-4f84-a0fa-0620dfb5d9c0", "lokalid": "dcf03c87-9b4a-4484-a7d2-bdff384865da", "navnerom": "https://data.geonorge.no/sosi/samferdsel/hovedled_og_biled", "versjonId": 20210101, "datauttaksdato": "2026-01-01T23:00:58", "farlednavn": "Kalvehodet - Dalsbukta", "farlednummer": 2045, "farledtype": "Biled" }, "geometry": { "type": "LineString", "coordinates": [ [ 9.727964670499414, 59.042790475424994 ], [ 9.711955339704637, 59.056407994338969 ] ] } },
{ "type": "Feature", "properties": { "gml_id": "idcd4472a8-2125-4c59-a767-dfeaf98a8e91", "lokalid": "3e8f1aab-c0ba-44b1-a6db-01a355928dab", "navnerom": "https://data.geonorge.no/sosi/samferdsel/hovedled_og_biled", "versjonId": 20210101, "datauttaksdato": "2026-01-01T23:00:58", "farlednavn": "Kristiansandfjorden", "farlednummer": 1032, "farledtype": "Hovedled" }, "geometry": { "type": "LineString", "coordinates": [ [ 8.113558566069019, 58.049422295221284 ], [ 8.085081709733407, 58.070218518846374 ], [ 8.018698196344646, 58.119132647851892 ], [ 8.008606677990169, 58.126568498280506 ], [ 7.99999828180911, 58.129940673089209 ], [ 7.991771190974464, 58.135440831805106 ] ] } },
{ "type": "Feature", "properties": { "gml_id": "id6fe0a220-d487-40c2-b799-e742b307e935", "lokalid": "aefbec39-1100-4e18-b8ac-0ae6940cfd36", "navnerom": "https://data.geonorge.no/sosi/samferdsel/hovedled_og_biled", "versjonId": 20210101, "datauttaksdato": "2026-01-01T23:00:58", "farlednavn": "Sjursøyløpet til Oslo", "farlednummer": 1005, "farledtype": "Hovedled" }, "geometry": { "type": "LineString", "coordinates": [ [ 10.650206059552737, 59.875890299064032 ], [ 10.66630336624797, 59.879154178810751 ], [ 10.680819746487375, 59.877978736391405 ], [ 10.706184065495943, 59.875904420576603 ], [ 10.717609670121709, 59.876847929569585 ], [ 10.743328864174529, 59.884439388251927 ] ] } },
{ "type": "Feature", "properties": { "gml_id": "id098c4ebe-c995-4200-9c64-def9d4f06569", "lokalid": "5352c9c9-1dd2-4f3b-bc37-afd7183a9cbb", "navnerom": "https://data.geonorge.no/sosi/samferdsel/hovedled_og_biled", "versjonId": 20210101, "datauttaksdato": "2026-01-01T23:00:58", "farlednavn": "Kalvøysundet", "farlednummer": 1536, "farledtype": "Hovedled" }, "geometry": { "type": "LineString", "coordinates": [ [ 6.146162705027847, 62.475828673157771 ], [ 6.151094411720979, 62.483873254984616 ], [ 6.151558917294279, 62.484630735606721 ], [ 6.161161080660673, 62.500280870158598 ], [ 6.170693786189831, 62.505554399268981 ], [ 6.18285338433776, 62.512281133954815 ], [ 6.18273883332849, 62.513944530726896 ], [ 6.182135146374706, 62.522715318832212 ], [ 6.183056866020699, 62.525942858780603 ], [ 6.181453601556384, 62.532607502096631 ], [ 6.210326913352064, 62.546526224387932 ], [ 6.213812576712896, 62.550999834087257 ], [ 6.238676912229261, 62.584948510283766 ] ] } },
{ "type": "Feature", "properties": { "gml_id": "id19d00ef6-8a27-41bf-af72-0946d15d7ac0", "lokalid": "cd61dddc-59eb-4a2a-b1c9-5924b98afa3a", "navnerom": "https://data.geonorge.no/sosi/samferdsel/hovedled_og_biled", "versjonId": 20210101, "datauttaksdato": "2026-01-01T23:00:58", "farlednavn": "Lepsøyrevet", "farlednummer": 1536, "farledtype": "Hovedled" }, "geometry": { "type": "LineString", "coordinates": [ [ 6.039052495207113, 62.45252803123654 ], [ 6.059243195666825, 62.472209256131848 ], [ 6.083581988221451, 62.47927537389068 ], [ 6.130548285874019, 62.492914862869753 ], [ 6.144301528792394, 62.496903669811637 ], [ 6.144346040846249, 62.509956439329152 ], [ 6.156418940753922, 62.524457070410811 ], [ 6.160212916568765, 62.534698995881989 ], [ 6.166102598726798, 62.550585670684598 ], [ 6.185400209050106, 62.559713309023493 ], [ 6.230294753417745, 62.581387280769356 ], [ 6.261190674225051, 62.594405546414535 ], [ 6.280404544335425, 62.603994239170106 ], [ 6.322417453848152, 62.625026620819519 ] ] } },
{ "type": "Feature", "properties": { "gml_id": "id3749d333-c40c-43b1-9c88-b3cadb0fce58", "lokalid": "22169e40-35d8-464b-ab79-260706ceaedc", "navnerom": "https://data.geonorge.no/sosi/samferdsel/hovedled_og_biled", "versjonId": 20210101, "datauttaksdato": "2026-01-01T23:00:58", "farlednavn": "Florø", "farlednummer": 1116, "farledtype": "Hovedled" }, "geometry": { "type": "LineString", "coordinates": [ [ 4.962512384785959, 61.600320703881501 ], [ 5.017952665778267, 61.603147656304763 ] ] } },
{ "type": "Feature", "properties": { "gml_id": "id25848041-7c97-4809-90e7-2d4cfb971041", "lokalid": "b932abe2-0d91-4e33-a958-d8daa23c8eda", "navnerom": "https://data.geonorge.no/sosi/samferdsel/hovedled_og_biled", "versjonId": 20210101, "datauttaksdato": "2026-01-01T23:00:58", "farlednavn": "Innseiling Alta, Elvebakken", "farlednummer": 1199, "farledtype": "Hovedled" }, "geometry": { "type": "LineString", "coordinates": [ [ 22.997272559504989, 70.22608832409064 ], [ 23.103081615632711, 70.082328369824509 ], [ 23.237314499831136, 70.034879084546063 ], [ 23.258156799678321, 70.025508127355735 ], [ 23.318827025473009, 69.991470438481571 ], [ 23.322696347709549, 69.988734414682071 ] ] } },
{ "type": "Feature", "properties": { "gml_id": "id004cedbc-30b6-4500-8d80-0ce7c7858840", "lokalid": "a1f131c9-a981-4dde-ad2b-9e0c9b8bae3c", "navnerom": "https://data.geonorge.no/sosi/samferdsel/hovedled_og_biled", "versjonId": 20210101, "datauttaksdato": "2026-01-01T23:00:58", "farlednavn": "Tananger", "farlednummer": 1043, "farledtype": "Hovedled" }, "geometry": { "type": "LineString", "coordinates": [ [ 5.572928727362592, 58.9296462498301 ], [ 5.567056187714655, 58.93202604722979 ], [ 5.550438505269535, 58.932983981751214 ], [ 5.530847256128277, 58.934280317981312 ] ] } },
{ "type": "Feature", "properties": { "gml_id": "id9723e460-97c5-411a-b201-f75f4ee54a59", "lokalid": "72510c53-3be1-4cb9-80d5-7877c539a13c", "navnerom": "https://data.geonorge.no/sosi/samferdsel/hovedled_og_biled", "versjonId": 20210101, "datauttaksdato": "2026-01-01T23:00:58", "farlednavn": "Mefjordbåen Moss Verla", "farlednummer": 1003, "farledtype": "Hovedled" }, "geometry": { "type": "LineString", "coordinates": [ [ 10.587665131652843, 59.326506160781108 ], [ 10.592542907257599, 59.335765401908091 ], [ 10.596639566303891, 59.346386677622078 ], [ 10.617453370614937, 59.400251576302239 ], [ 10.64113118374981, 59.41453207940792 ], [ 10.645693373912549, 59.419529255998825 ] ] } },
{ "type": "Feature", "properties": { "gml_id": "id0ec9599f-0bc7-48cd-bddf-b45d34d62b5b", "lokalid": "c88806c7-eea4-4f1d-ae83-fb8caf05e423", "navnerom": "https://data.geonorge.no/sosi/samferdsel/hovedled_og_biled", "versjonId": 20210101, "datauttaksdato": "2026-01-01T23:00:58", "farlednavn": "Moss Horten", "farlednummer": 2026, "farledtype": "Biled" }, "geometry": { "type": "LineString", "coordinates": [ [ 10.645692889950427, 59.419530170088855 ], [ 10.64120142545918, 59.41742900873642 ], [ 10.633316436242175, 59.413643805419021 ], [ 10.627812065413632, 59.412420200006721 ], [ 10.617859983662413, 59.41231681956306 ], [ 10.569707314477055, 59.412531774864611 ], [ 10.557098335702946, 59.412585122536846 ], [ 10.500196662725479, 59.412810693294382 ], [ 10.495465734993884, 59.412828328918351 ] ] } },
{ "type": "Feature", "properties": { "gml_id": "id47233dc7-1fbe-4b80-811d-11322104d2b6", "lokalid": "c8eccb13-0170-4b62-ab92-cc8c11711bcc", "navnerom": "https://data.geonorge.no/sosi/samferdsel/hovedled_og_biled", "versjonId": 20210101, "datauttaksdato": "2026-01-01T23:00:58", "farlednavn": "Revlingløpet til Moss", "farlednummer": 2011, "farledtype": "Biled" }, "geometry": { "type": "LineString", "coordinates": [ [ 10.636200742487322, 59.369389240293003 ], [ 10.647023701414794, 59.40616586124829 ], [ 10.647063961850007, 59.41311475806399 ], [ 10.645682781103584, 59.419525616777591 ] ] } },
{ "type": "Feature", "properties": { "gml_id": "id42470515-28fd-4c00-97ca-e771e807d947", "lokalid": "9ced1dbd-cc39-40ae-bd9c-18f4442e1a4a", "navnerom": "https://data.geonorge.no/sosi/samferdsel/hovedled_og_biled", "versjonId": 20210101, "datauttaksdato": "2026-01-01T23:00:58", "farlednavn": "Kårstø", "farlednummer": 1050, "farledtype": "Hovedled" }, "geometry": { "type": "LineString", "coordinates": [ [ 5.519583766642625, 59.158362712800873 ], [ 5.522112728068977, 59.178531721154762 ], [ 5.524094189093656, 59.194128473128089 ], [ 5.527376429383087, 59.22074704983239 ], [ 5.515910316342696, 59.241800692471671 ], [ 5.493678921757805, 59.265727243602846 ] ] } },
{ "type": "Feature", "properties": { "gml_id": "idde9e2df3-c841-47d1-8c91-751c91b950de", "lokalid": "787897b7-d9c7-48d9-8edb-07b1243de040", "navnerom": "https://data.geonorge.no/sosi/samferdsel/hovedled_og_biled", "versjonId": 20210101, "datauttaksdato": "2026-01-01T23:00:58", "farlednavn": "Egersund", "farlednummer": 1041, "farledtype": "Hovedled" }, "geometry": { "type": "LineString", "coordinates": [ [ 6.032765693093725, 58.318731574935647 ], [ 6.032205466622855, 58.320123853345279 ], [ 5.996761680132792, 58.40795334609556 ], [ 5.993950013198761, 58.415685016238761 ], [ 5.989373345795125, 58.432705016512472 ], [ 5.989178135383449, 58.435260500611129 ] ] } },
{ "type": "Feature", "properties": { "gml_id": "id8d71a50d-a4cf-44b7-bb67-66543dd7d8b0", "lokalid": "748722d9-c300-4e08-894b-cba103d5349b", "navnerom": "https://data.geonorge.no/sosi/samferdsel/hovedled_og_biled", "versjonId": 20210101, "datauttaksdato": "2026-01-01T23:00:58", "farlednavn": "Tilknytningsled Trondheim", "farlednummer": 1136, "farledtype": "Hovedled" }, "geometry": { "type": "LineString", "coordinates": [ [ 10.386126931925103, 63.444396032968548 ], [ 10.416743602296723, 63.448984860998173 ] ] } },
{ "type": "Feature", "properties": { "gml_id": "id11286265-a5b1-4b8d-acc7-faf76239f2b8", "lokalid": "c65206cd-85c1-4650-8a55-780b3f14a4e2", "navnerom": "https://data.geonorge.no/sosi/samferdsel/hovedled_og_biled", "versjonId": 20210101, "datauttaksdato": "2026-01-01T23:00:58", "farlednavn": "Byfjorden - Bergen", "farlednummer": 1107, "farledtype": "Hovedled" }, "geometry": { "type": "LineString", "coordinates": [ [ 5.166086697475749, 60.376986692967968 ], [ 5.21506669540676, 60.394520021429059 ], [ 5.249856694798598, 60.403788350629831 ], [ 5.281442014107466, 60.402649825788544 ], [ 5.293769679543638, 60.396982129233656 ] ] } },
{ "type": "Feature", "properties": { "gml_id": "id5a3f8c09-66a5-4ea1-99f1-99a8214a112f", "lokalid": "393366cd-5921-4b76-9794-fc9eb3da9c73", "navnerom": "https://data.geonorge.no/sosi/samferdsel/hovedled_og_biled", "versjonId": 20210101, "datauttaksdato": "2026-01-01T23:00:58", "farlednavn": "Hovedled til Bodø", "farlednummer": 1171, "farledtype": "Hovedled" }, "geometry": { "type": "LineString", "coordinates": [ [ 14.219426957590361, 67.272168772463246 ], [ 14.269393887379396, 67.270960312079993 ], [ 14.307548043882058, 67.276017178407429 ], [ 14.323102144245144, 67.278075473655989 ], [ 14.329112965389863, 67.278870396347315 ], [ 14.361666825146852, 67.285099034323636 ], [ 14.364204838989037, 67.285584682300239 ], [ 14.36431575429371, 67.285596982505908 ], [ 14.364365419474094, 67.285604592343816 ], [ 14.364407452970017, 67.285610689307603 ], [ 14.364415045459969, 67.285613684692663 ], [ 14.364430387461585, 67.285613745375016 ] ] } },
{ "type": "Feature", "properties": { "gml_id": "id79f001c4-f971-4e46-9937-bf4832fee8fc", "lokalid": "866c73b9-6896-48c4-a708-a01e6878c093", "navnerom": "https://data.geonorge.no/sosi/samferdsel/hovedled_og_biled", "versjonId": 20210101, "datauttaksdato": "2026-01-01T23:00:58", "farlednavn": "Fensfjorden", "farlednummer": 1109, "farledtype": "Hovedled" }, "geometry": { "type": "LineString", "coordinates": [ [ 5.02964521184099, 60.828865169036135 ], [ 4.94612773910985, 60.839283160654155 ], [ 4.946047101372119, 60.839293190207535 ], [ 4.912548369293908, 60.843455025569007 ], [ 4.898899942358315, 60.844697510949395 ], [ 4.774204647091385, 60.855979485576619 ], [ 4.764691708455158, 60.856835028068545 ], [ 4.75512484950027, 60.856810384073924 ], [ 4.671944013043261, 60.856567220440624 ], [ 4.613317931806909, 60.854963400803491 ], [ 4.464307870268007, 60.850851847744345 ] ] } },
{ "type": "Feature", "properties": { "gml_id": "id985a2718-7dd4-40f7-8109-188afcb5fdbc", "lokalid": "037519c7-93a9-43c0-ad63-2cead0db937c", "navnerom": "https://data.geonorge.no/sosi/samferdsel/hovedled_og_biled", "versjonId": 20210101, "datauttaksdato": "2026-01-01T23:00:58", "farlednavn": "Innseiling Kirkenes, Sør-Varanger", "farlednummer": 1224, "farledtype": "Hovedled" }, "geometry": { "type": "LineString", "coordinates": [ [ 30.7200742610807, 70.172711700469264 ], [ 30.138976201811783, 69.882049395661824 ], [ 30.115418425112857, 69.855961538529357 ], [ 30.107697333122253, 69.823998843921856 ], [ 30.104803790459037, 69.812020570201057 ], [ 30.096572200445653, 69.77794458460788 ], [ 30.057523246653343, 69.743246362190078 ], [ 30.051904276509294, 69.737858805871639 ] ] } },
{ "type": "Feature", "properties": { "gml_id": "idb807950f-af35-4c50-86c3-28c9faf7523f", "lokalid": "9de46cef-2e12-4597-a6a3-a751afe4b260", "navnerom": "https://data.geonorge.no/sosi/samferdsel/hovedled_og_biled", "versjonId": 20210101, "datauttaksdato": "2026-01-01T23:00:58", "farlednavn": "Rollnesholmane - Harstad", "farlednummer": 1201, "farledtype": "Hovedled" }, "geometry": { "type": "LineString", "coordinates": [ [ 16.741055162691207, 68.737905636400257 ], [ 16.740902693006223, 68.737978312697237 ], [ 16.60649914061565, 68.801807166176744 ], [ 16.560117443723154, 68.801286905369963 ] ] } },
{ "type": "Feature", "properties": { "gml_id": "idf6212646-9eee-4786-a01e-5439d14aced8", "lokalid": "fa1bb383-d557-4407-b8e7-62db11001a5f", "navnerom": "https://data.geonorge.no/sosi/samferdsel/hovedled_og_biled", "versjonId": 20210101, "datauttaksdato": "2026-01-01T23:00:58", "farlednavn": "Innseiling Honningsvåg, Nordkapp", "farlednummer": 1598, "farledtype": "Hovedled" }, "geometry": { "type": "LineString", "coordinates": [ [ 23.314650722095791, 70.637788091431887 ], [ 23.561555554649686, 70.723213528056434 ], [ 23.622345118774774, 70.741628304208945 ], [ 23.634865803985935, 70.745414371122493 ], [ 23.688462470830181, 70.761645268782416 ], [ 23.74841023975711, 70.779833219076011 ], [ 23.748410506374292, 70.779833300424897 ], [ 23.824415475954829, 70.802816473529305 ], [ 23.937712306825613, 70.837720819403231 ], [ 24.196272128733071, 70.917377607060587 ], [ 24.276931147479065, 70.942226936664838 ], [ 24.352078906670656, 70.967496799282557 ], [ 24.43358373426495, 70.994982394702191 ], [ 24.545647706004996, 71.032587989430567 ], [ 24.803019647578246, 71.005492967665802 ], [ 24.803641229908969, 71.005427009984672 ], [ 24.962755818719472, 70.988460280686496 ], [ 25.019102840240514, 70.987156563265557 ], [ 25.064718050438799, 70.987075495905088 ], [ 25.153630956640253, 70.988039066130384 ], [ 25.335517029459645, 70.990010208071666 ], [ 25.440528234137776, 70.965363023630815 ], [ 25.552489322409301, 70.924910228858124 ], [ 25.731550876892804, 70.93816706668423 ], [ 25.891005088547587, 70.949871579089518 ], [ 25.950284566357922, 70.978795948989159 ] ] } },
{ "type": "Feature", "properties": { "gml_id": "idce247e43-db26-4d50-86c2-067fc5b2a668", "lokalid": "3b99402f-7700-4fac-bdc4-8d93a8b4ac0f", "navnerom": "https://data.geonorge.no/sosi/samferdsel/hovedled_og_biled", "versjonId": 20210101, "datauttaksdato": "2026-01-01T23:00:58", "farlednavn": "Hammerfest", "farlednummer": 2950, "farledtype": "Biled" }, "geometry": { "type": "LineString", "coordinates": [ [ 23.580488885104831, 70.658800779744809 ], [ 23.580496887995565, 70.658801302175092 ], [ 23.660007226111542, 70.664080208771182 ] ] } },
{ "type": "Feature", "properties": { "gml_id": "id41c8dfa5-4130-469a-9dd1-7d660d8d5850", "lokalid": "e9bdc896-5c7e-4269-a411-efe2af4fae98", "navnerom": "https://data.geonorge.no/sosi/samferdsel/hovedled_og_biled", "versjonId": 20210101, "datauttaksdato": "2026-01-01T23:00:58", "farlednavn": "Harstad", "farlednummer": 1193, "farledtype": "Hovedled" }, "geometry": { "type": "LineString", "coordinates": [ [ 16.591104095109642, 68.864582347375318 ], [ 16.612697802966011, 68.831894099397189 ], [ 16.594049172283736, 68.821220225305254 ], [ 16.560104029619964, 68.801278314078019 ] ] } },
{ "type": "Feature", "properties": { "gml_id": "id037cae0f-c822-4b1d-a57a-c8b8f9cb3994", "lokalid": "5b6c7787-7542-447e-8979-f466fb22de6e", "navnerom": "https://data.geonorge.no/sosi/samferdsel/hovedled_og_biled", "versjonId": 20210101, "datauttaksdato": "2026-01-01T23:00:58", "farlednavn": "Hammerfest", "farlednummer": 1200, "farledtype": "Hovedled" }, "geometry": { "type": "LineString", "coordinates": [ [ 23.314650722095791, 70.637788091431887 ], [ 23.580488885104831, 70.658800779744809 ] ] } },
{ "type": "Feature", "properties": { "gml_id": "id84bcec34-05fd-4f1b-b9b9-6368a3345915", "lokalid": "05f20e24-8aa3-4acc-9728-1b1068a53ae3", "navnerom": "https://data.geonorge.no/sosi/samferdsel/hovedled_og_biled", "versjonId": 20210101, "datauttaksdato": "2026-01-01T23:00:58", "farlednavn": "Kristiansund", "farlednummer": 1133, "farledtype": "Hovedled" }, "geometry": { "type": "LineString", "coordinates": [ [ 7.641457160659078, 63.13358716796639 ], [ 7.701268823925861, 63.104427314378839 ], [ 7.70627148761181, 63.101984490271121 ], [ 7.714509490149005, 63.098014694792035 ], [ 7.722373411093482, 63.09660364831246 ], [ 7.729802539372283, 63.09648638260235 ], [ 7.744757850028837, 63.098507559955706 ], [ 7.749236373135783, 63.099588567792892 ], [ 7.751120451552172, 63.100886402810929 ], [ 7.749567928788404, 63.103637070552729 ] ] } },
{ "type": "Feature", "properties": { "gml_id": "idb80a12f3-e632-44cb-9967-f7dec42df8ea", "lokalid": "0ed940de-dde8-4c52-9903-8a351c07a270", "navnerom": "https://data.geonorge.no/sosi/samferdsel/hovedled_og_biled", "versjonId": 20210101, "datauttaksdato": "2026-01-01T23:00:58", "farlednavn": "Hurtigbåt: Trondheim - Kristiansund", "farlednummer": 2473, "farledtype": "Biled" }, "geometry": { "type": "LineString", "coordinates": [ [ 8.141560837265239, 63.284855053223495 ], [ 8.139121587137261, 63.281171395082431 ], [ 8.073151535242276, 63.253608905271498 ], [ 8.071725798453192, 63.253012321897053 ], [ 7.974549475712331, 63.212259507137233 ], [ 7.963690477862645, 63.204914543578084 ], [ 7.960701009809052, 63.203335378182246 ], [ 7.956023310216847, 63.201534832843357 ], [ 7.953024286193656, 63.19959771951239 ], [ 7.948247759032188, 63.196709831805954 ], [ 7.93911408309098, 63.193105383677562 ], [ 7.935381759706861, 63.190228206574623 ], [ 7.921978437116686, 63.182859523753855 ], [ 7.912741124541813, 63.179190645687108 ], [ 7.890268758838872, 63.172680351590841 ], [ 7.879826987940107, 63.171868450431624 ], [ 7.865150176097742, 63.167177641062473 ], [ 7.864958502783044, 63.164877726670603 ], [ 7.861861858529481, 63.162545601402222 ], [ 7.855809915008481, 63.15731567366705 ], [ 7.833501219296688, 63.147603775371742 ], [ 7.833188687916492, 63.147467647236425 ], [ 7.801962506783149, 63.133856849507104 ], [ 7.78565637445477, 63.127280455293068 ] ] } },
{ "type": "Feature", "properties": { "gml_id": "idcb18e942-0c6e-48bf-bd89-72be6f8e24a6", "lokalid": "e8711064-5469-4d57-a6b5-24d23244b08c", "navnerom": "https://data.geonorge.no/sosi/samferdsel/hovedled_og_biled", "versjonId": 20210101, "datauttaksdato": "2026-01-01T23:00:58", "farlednavn": "Springeren", "farlednummer": 2016, "farledtype": "Biled" }, "geometry": { "type": "LineString", "coordinates": [ [ 10.727042968641042, 59.888996298834499 ], [ 10.724565857780389, 59.890772832232983 ], [ 10.718853708934168, 59.896520204727985 ], [ 10.716157924237043, 59.898369895389756 ], [ 10.715642936931527, 59.900160361803891 ], [ 10.716097759776099, 59.902505549417221 ], [ 10.717191681523905, 59.904300829995407 ] ] } },
{ "type": "Feature", "properties": { "gml_id": "idae72a9e8-a7af-4ff5-884b-e3a14e086eef", "lokalid": "d6df114d-9216-4994-90e8-077871246fbd", "navnerom": "https://data.geonorge.no/sosi/samferdsel/hovedled_og_biled", "versjonId": 20210101, "datauttaksdato": "2026-01-01T23:00:58", "farlednavn": "Hurtigbåt Trondheim - Vanvikan", "farlednummer": 2512, "farledtype": "Biled" }, "geometry": { "type": "LineString", "coordinates": [ [ 10.384368123929518, 63.440158962439753 ], [ 10.368939654346576, 63.448590204719693 ], [ 10.328405345381865, 63.470839412495494 ], [ 10.32653462700946, 63.471865117472454 ], [ 10.316979843910429, 63.478983990781998 ], [ 10.261625725011843, 63.520142347422428 ], [ 10.255936749153209, 63.525119295527439 ], [ 10.224637305683833, 63.552465521726859 ] ] } },
{ "type": "Feature", "properties": { "gml_id": "id4849f60d-fbae-4da1-833e-624ff6334f55", "lokalid": "77a10d1e-c23c-426d-aa5e-9bac25f460fd", "navnerom": "https://data.geonorge.no/sosi/samferdsel/hovedled_og_biled", "versjonId": 20210101, "datauttaksdato": "2026-01-01T23:00:58", "farlednavn": "Altafjorden - Bossekopp", "farlednummer": 2988, "farledtype": "Biled" }, "geometry": { "type": "LineString", "coordinates": [ [ 23.103081615632711, 70.082328369824509 ], [ 23.164077884982667, 70.001106985940623 ], [ 23.231387034440164, 69.977972812274615 ] ] } },
{ "type": "Feature", "properties": { "gml_id": "id8d303356-c5b9-46f6-b67e-5b70698e3940", "lokalid": "27ea1bf5-5adb-41f8-be29-a4c6962c81af", "navnerom": "https://data.geonorge.no/sosi/samferdsel/hovedled_og_biled", "versjonId": 20210101, "datauttaksdato": "2026-01-01T23:00:58", "farlednavn": "Heggholmløpet", "farlednummer": 2014, "farledtype": "Biled" }, "geometry": { "type": "LineString", "coordinates": [ [ 10.650206059552737, 59.875890299064032 ], [ 10.665721990651166, 59.874583091976497 ], [ 10.680819746487375, 59.877978736391405 ], [ 10.706164489618644, 59.883673627517396 ], [ 10.711700549092697, 59.886037486880866 ], [ 10.717850551624156, 59.886423669469721 ], [ 10.727042968641042, 59.888996298834499 ], [ 10.74494682736486, 59.893968331715094 ] ] } },
{ "type": "Feature", "properties": { "gml_id": "id5531e4d8-a3a7-4cce-9872-999600368ff4", "lokalid": "637e7459-812c-4818-914f-dab8230a444b", "navnerom": "https://data.geonorge.no/sosi/samferdsel/hovedled_og_biled", "versjonId": 20210101, "datauttaksdato": "2026-01-01T23:00:58", "farlednavn": "Gaulosen", "farlednummer": 2510, "farledtype": "Biled" }, "geometry": { "type": "LineString", "coordinates": [ [ 9.977497847248815, 63.393160359313612 ], [ 10.160500576756085, 63.321817408052027 ], [ 10.160630289392985, 63.32099044378193 ] ] } },
{ "type": "Feature", "properties": { "gml_id": "id731e716a-0e9e-4009-9be3-b67d90ec88c0", "lokalid": "4928a818-472f-4cce-8b0d-5bb737891f79", "navnerom": "https://data.geonorge.no/sosi/samferdsel/hovedled_og_biled", "versjonId": 20210101, "datauttaksdato": "2026-01-01T23:00:58", "farlednavn": "Tufjord", "farlednummer": 2956, "farledtype": "Biled" }, "geometry": { "type": "LineString", "coordinates": [ [ 23.937712306825613, 70.837720819403231 ], [ 23.822875572049835, 70.990929667683275 ], [ 23.827739612034829, 71.00619080580023 ], [ 23.884436792933631, 70.999682460779383 ], [ 23.891348887046991, 70.999608340143354 ], [ 23.895295620437906, 71.000115256561315 ], [ 23.899091402409564, 71.001033003057557 ], [ 23.902446661789817, 71.001971943027144 ] ] } },
{ "type": "Feature", "properties": { "gml_id": "id9baeb9e5-228b-4748-953e-8cd9ccef10a9", "lokalid": "4f630c21-7da8-41f8-a873-39dba11df585", "navnerom": "https://data.geonorge.no/sosi/samferdsel/hovedled_og_biled", "versjonId": 20210101, "datauttaksdato": "2026-01-01T23:00:58", "farlednavn": "Bustadsundet", "farlednummer": 2963, "farledtype": "Biled" }, "geometry": { "type": "LineString", "coordinates": [ [ 24.151703546442889, 70.829021368189359 ], [ 24.322661569664099, 70.881574166066926 ], [ 24.335282703224223, 70.918537716026535 ], [ 24.352078906670656, 70.967496799282557 ] ] } },
{ "type": "Feature", "properties": { "gml_id": "ideb6796ca-0560-4a5f-927d-0ec065c3978c", "lokalid": "0253c5ec-6cac-4920-ac85-6344ede93931", "navnerom": "https://data.geonorge.no/sosi/samferdsel/hovedled_og_biled", "versjonId": 20210101, "datauttaksdato": "2026-01-01T23:00:58", "farlednavn": "Ryggefjord", "farlednummer": 2968, "farledtype": "Biled" }, "geometry": { "type": "LineString", "coordinates": [ [ 25.064718050438799, 70.987075495905088 ], [ 25.072258715971376, 70.951676911632688 ], [ 25.058697600672275, 70.932518601850873 ], [ 24.950553921806652, 70.875894013756692 ] ] } },
{ "type": "Feature", "properties": { "gml_id": "id9e19ed6f-ee58-4b8e-be0f-3fee4cde0159", "lokalid": "c02ecd36-4446-4aac-8ef6-acc497a7e65c", "navnerom": "https://data.geonorge.no/sosi/samferdsel/hovedled_og_biled", "versjonId": 20210101, "datauttaksdato": "2026-01-01T23:00:58", "farlednavn": "Porsangen - Repvåg", "farlednummer": 2976, "farledtype": "Biled" }, "geometry": { "type": "LineString", "coordinates": [ [ 25.982641983989701, 70.838832100709041 ], [ 25.70028566586026, 70.76547273599644 ], [ 25.670298231557069, 70.757623543968279 ], [ 25.669550513519919, 70.750423293216485 ] ] } },
{ "type": "Feature", "properties": { "gml_id": "id1708da60-3e49-4bc9-8596-29a032e91b6e", "lokalid": "c1bfcd3a-c1d0-47e9-9766-db0a9d1b832d", "navnerom": "https://data.geonorge.no/sosi/samferdsel/hovedled_og_biled", "versjonId": 20210101, "datauttaksdato": "2026-01-01T23:00:58", "farlednavn": "Færder - Oslo (dynaløpet)", "farlednummer": 1000, "farledtype": "Hovedled" }, "geometry": { "type": "LineString", "coordinates": [ [ 10.721424350888151, 59.904787024094531 ], [ 10.710998955940216, 59.901865044804801 ], [ 10.70797334942341, 59.900753086770926 ], [ 10.689278314339052, 59.893879206761916 ], [ 10.682541971416017, 59.890779975300227 ], [ 10.650206059552737, 59.875890299064032 ], [ 10.588000628533161, 59.819698647793722 ], [ 10.577328309021418, 59.806748677711646 ], [ 10.574016391501917, 59.767764277210844 ], [ 10.573683820977392, 59.763845889961793 ], [ 10.57551717158344, 59.749837578049927 ], [ 10.581636676689865, 59.728651442564981 ], [ 10.581783830974425, 59.720126395241984 ], [ 10.593389441420559, 59.710293141646567 ], [ 10.600343218596057, 59.691462118791868 ], [ 10.603835564204907, 59.687394898502134 ], [ 10.60555907826488, 59.685387266756472 ], [ 10.61033618852589, 59.680309448447005 ], [ 10.612239408303054, 59.679007056726256 ], [ 10.612332657865338, 59.678601766268628 ], [ 10.616875406682114, 59.658844343286439 ], [ 10.623393788228006, 59.648253956444769 ], [ 10.630967926195993, 59.630064112533283 ], [ 10.635661814299391, 59.61080725886054 ], [ 10.636486755138941, 59.604456062835439 ], [ 10.638174975615643, 59.593557627326703 ], [ 10.639965595672278, 59.579750580553615 ], [ 10.640577716962857, 59.569793713216825 ], [ 10.640705683994916, 59.56771117612962 ], [ 10.618798887235977, 59.542850183600606 ], [ 10.597579131621343, 59.521783963943243 ], [ 10.591189413194526, 59.515434778419589 ], [ 10.588589900346701, 59.512851000526908 ], [ 10.580780520593381, 59.48707094687569 ], [ 10.579538332132817, 59.483712245944481 ], [ 10.567703810880454, 59.451681314518154 ], [ 10.560858435788763, 59.435362055045196 ], [ 10.569707314477055, 59.412531774864611 ], [ 10.57401034523143, 59.401417819273696 ], [ 10.583892832201139, 59.377762502699966 ], [ 10.596639566303891, 59.346386677622078 ], [ 10.609431392131381, 59.314836697246072 ], [ 10.615623041787746, 59.295684313142701 ], [ 10.624761786014636, 59.267372897222941 ], [ 10.639681515552725, 59.219164765684681 ], [ 10.643231660220353, 59.207671765671464 ], [ 10.653186271176112, 59.178330111733111 ], [ 10.659501010474283, 59.160514476404742 ], [ 10.659808053597281, 59.155876189174855 ], [ 10.660858239452086, 59.139998948293183 ], [ 10.662551415249096, 59.114358943015816 ], [ 10.669172593121766, 59.013595484434724 ] ] } },
{ "type": "Feature", "properties": { "gml_id": "idae8c8b7b-b02a-4ec4-b9d2-cb4c7bcd0f06", "lokalid": "5a3a21bd-8f44-4fb7-9325-f103bec39415", "navnerom": "https://data.geonorge.no/sosi/samferdsel/hovedled_og_biled", "versjonId": 20210101, "datauttaksdato": "2026-01-01T23:00:58", "farlednavn": "Stavanger Havn", "farlednummer": 2113, "farledtype": "Biled" }, "geometry": { "type": "LineString", "coordinates": [ [ 5.775671151385872, 58.97436365805217 ], [ 5.751023132094617, 58.974679820438176 ] ] } },
{ "type": "Feature", "properties": { "gml_id": "id685c423f-9c81-404b-9c02-f0bb299f7d88", "lokalid": "6fad84db-78d0-466b-8bdc-d07a4364921a", "navnerom": "https://data.geonorge.no/sosi/samferdsel/hovedled_og_biled", "versjonId": 20210101, "datauttaksdato": "2026-01-01T23:00:58", "farlednavn": "Byfjorden", "farlednummer": 1042, "farledtype": "Hovedled" }, "geometry": { "type": "LineString", "coordinates": [ [ 5.535104721279017, 59.047434450213011 ], [ 5.559998352411115, 59.047265021481785 ], [ 5.590818143157552, 59.047345240903574 ], [ 5.595465776447672, 59.045025729405864 ], [ 5.645656684455265, 59.019945020079 ], [ 5.65464020320588, 59.016042772862491 ], [ 5.663280017158203, 59.012288349390069 ], [ 5.707319402307053, 58.98840967434657 ] ] } },
{ "type": "Feature", "properties": { "gml_id": "ideadc115c-17c4-4380-a9fc-207687fddeb3", "lokalid": "73f1dbb1-6494-457f-82f2-7a5c5930713b", "navnerom": "https://data.geonorge.no/sosi/samferdsel/hovedled_og_biled", "versjonId": 20210101, "datauttaksdato": "2026-01-01T23:00:58", "farlednavn": "Sørsundet", "farlednummer": 1134, "farledtype": "Hovedled" }, "geometry": { "type": "LineString", "coordinates": [ [ 7.701268823925861, 63.104427314378839 ], [ 7.720482751658564, 63.105351105674686 ] ] } },
{ "type": "Feature", "properties": { "gml_id": "idf72de197-b5c3-4181-8301-ad67d48043d7", "lokalid": "b79894f9-0d00-4d0c-ad8a-f9a288e765e4", "navnerom": "https://data.geonorge.no/sosi/samferdsel/hovedled_og_biled", "versjonId": 20210101, "datauttaksdato": "2026-01-01T23:00:58", "farlednavn": "Bastørenna", "farlednummer": 2025, "farledtype": "Biled" }, "geometry": { "type": "LineString", "coordinates": [ [ 10.537537121227656, 59.339461923352673 ], [ 10.505325591421652, 59.357743235730112 ], [ 10.496544977981538, 59.388884885351644 ], [ 10.500196662725479, 59.412810693294382 ] ] } },
{ "type": "Feature", "properties": { "gml_id": "id678ee8f4-4f6d-47a7-a1e9-67e9bfbb2798", "lokalid": "01061aff-d1b1-4f82-aef9-b7b4fe31993a", "navnerom": "https://data.geonorge.no/sosi/samferdsel/hovedled_og_biled", "versjonId": 20210101, "datauttaksdato": "2026-01-01T23:00:58", "farlednavn": "Grøtøyleia", "farlednummer": 2695, "farledtype": "Biled" }, "geometry": { "type": "LineString", "coordinates": [ [ 14.732448183267035, 67.548629285448072 ], [ 14.728906863250863, 67.576994444218045 ], [ 14.713837218399977, 67.586630529446282 ], [ 14.706889578600396, 67.590131572555961 ], [ 14.707081672977745, 67.59320617384418 ], [ 14.703836861644618, 67.594957006326865 ], [ 14.7007896767002, 67.622838311844404 ], [ 14.704932163308197, 67.656369870305753 ], [ 14.711711032899551, 67.67192439233169 ], [ 14.707098990796505, 67.690096656070679 ], [ 14.706689313551765, 67.70090733952955 ], [ 14.701178899860032, 67.713405424939296 ], [ 14.707973349756553, 67.728119273316338 ], [ 14.704992631129706, 67.737108251719931 ], [ 14.717960589661196, 67.759638804767803 ], [ 14.722034328467769, 67.766716525168462 ], [ 14.726981561823063, 67.80528040976769 ], [ 14.722114490297743, 67.812988530626995 ], [ 14.723648123213328, 67.814416891424273 ], [ 14.736397709007209, 67.820514819677342 ], [ 14.753459150269469, 67.828332269232916 ], [ 14.762051097609985, 67.831563744126228 ], [ 14.766582886629536, 67.832998235975651 ], [ 14.770244668104036, 67.83311274530169 ], [ 14.777798242942882, 67.834518742136666 ], [ 14.782151826878199, 67.835680875028899 ], [ 14.782533048375631, 67.840899206515189 ], [ 14.788989677698845, 67.84287740111229 ], [ 14.79224149703569, 67.844803844139435 ], [ 14.797236815038149, 67.84874960278502 ], [ 14.799102786008262, 67.851125093832195 ], [ 14.794089788179891, 67.852696859594502 ], [ 14.786262952470375, 67.852319183210128 ], [ 14.780155546451324, 67.85307052913474 ], [ 14.775962716946349, 67.854515228445351 ], [ 14.774854140838229, 67.854985621230966 ], [ 14.769404256593765, 67.859107404170018 ], [ 14.765467023619181, 67.862780270046372 ], [ 14.760980209500358, 67.871342144270301 ], [ 14.753090713784598, 67.876322405608732 ], [ 14.730769648008751, 67.891065622481065 ], [ 14.738735342342762, 67.911722176736092 ], [ 14.741160194252775, 67.920459320060729 ], [ 14.744592242476953, 67.929577692069515 ], [ 14.753390399593675, 67.95674020476369 ] ] } },
{ "type": "Feature", "properties": { "gml_id": "id0b943996-1b64-4307-a5bc-d3e156ad8ae0", "lokalid": "fab35396-4ac7-4d40-85ea-a0df362afd01", "navnerom": "https://data.geonorge.no/sosi/samferdsel/hovedled_og_biled", "versjonId": 20210101, "datauttaksdato": "2026-01-01T23:00:58", "farlednavn": "Brufjorden - Førdefjorden", "farlednummer": 2323, "farledtype": "Biled" }, "geometry": { "type": "LineString", "coordinates": [ [ 4.998771701513305, 61.553016690110795 ], [ 5.228276744978647, 61.493834091744091 ], [ 5.421900845227417, 61.478055752536306 ], [ 5.440808357092531, 61.461948343972118 ], [ 5.481169013340041, 61.453616064078666 ], [ 5.506050572845826, 61.452003945730034 ], [ 5.530174924411298, 61.452954978790686 ], [ 5.586600996069881, 61.46070576630418 ], [ 5.639299714960623, 61.471641754163912 ], [ 5.699697303585751, 61.496838319230399 ], [ 5.755063351582582, 61.496591680698927 ], [ 5.797984008266985, 61.483004998594112 ], [ 5.807256580209357, 61.466866179447273 ], [ 5.831395017594406, 61.461566680191368 ] ] } },
{ "type": "Feature", "properties": { "gml_id": "id1b99d252-089d-4da2-8614-04efe654646f", "lokalid": "c890a0db-2fd7-44df-85d3-2be6d53070e2", "navnerom": "https://data.geonorge.no/sosi/samferdsel/hovedled_og_biled", "versjonId": 20210101, "datauttaksdato": "2026-01-01T23:00:58", "farlednavn": "Syd av Mefjordbåen - Slagentangen", "farlednummer": 1007, "farledtype": "Hovedled" }, "geometry": { "type": "LineString", "coordinates": [ [ 10.615623041787746, 59.295684313142701 ], [ 10.604141400423091, 59.301578284805508 ], [ 10.594116149659044, 59.307288543159203 ], [ 10.577589955920752, 59.316695682979997 ], [ 10.537541658067832, 59.339464402544984 ] ] } },
{ "type": "Feature", "properties": { "gml_id": "id3e352d88-6805-4649-887c-4fd852cbfbef", "lokalid": "9a5aace0-89e7-4452-8a75-1b91b1f27eca", "navnerom": "https://data.geonorge.no/sosi/samferdsel/hovedled_og_biled", "versjonId": 20210101, "datauttaksdato": "2026-01-01T23:00:58", "farlednavn": "Ellingsøyfjorden", "farlednummer": 2415, "farledtype": "Biled" }, "geometry": { "type": "LineString", "coordinates": [ [ 6.123569365781694, 62.480878869223389 ], [ 6.151558917294279, 62.484630735606721 ], [ 6.202570909071583, 62.488509222096887 ], [ 6.241129015938926, 62.487527784464078 ], [ 6.268268107997942, 62.486837000100792 ], [ 6.306215453195138, 62.48576195193003 ] ] } },
{ "type": "Feature", "properties": { "gml_id": "idda7fbed3-1031-4902-9c5b-f4efe0776961", "lokalid": "d995578c-2b9e-4e8f-ac40-4df2560197f2", "navnerom": "https://data.geonorge.no/sosi/samferdsel/hovedled_og_biled", "versjonId": 20210101, "datauttaksdato": "2026-01-01T23:00:58", "farlednavn": "Karlsøysundet", "farlednummer": 2957, "farledtype": "Biled" }, "geometry": { "type": "LineString", "coordinates": [ [ 19.877471617775697, 69.998634838849327 ], [ 19.777937667066865, 70.02578623017898 ] ] } },
{ "type": "Feature", "properties": { "gml_id": "id0f6cc642-3715-4920-93af-960375f80adf", "lokalid": "ecc1b6c3-a717-456d-981a-631d09b29f0f", "navnerom": "https://data.geonorge.no/sosi/samferdsel/hovedled_og_biled", "versjonId": 20210101, "datauttaksdato": "2026-01-01T23:00:58", "farlednavn": "Sør - Tverfjord", "farlednummer": 2932, "farledtype": "Biled" }, "geometry": { "type": "LineString", "coordinates": [ [ 21.689439854434539, 70.256954852913012 ], [ 21.703509871046013, 70.240097394180765 ], [ 21.727859359949967, 70.239468716766225 ], [ 21.733992640577934, 70.229585424405101 ] ] } },
{ "type": "Feature", "properties": { "gml_id": "idc4f3846f-9883-47ac-903c-630384f59764", "lokalid": "83b58747-64e6-4cc7-bbc9-dbcc3f180663", "navnerom": "https://data.geonorge.no/sosi/samferdsel/hovedled_og_biled", "versjonId": 20210101, "datauttaksdato": "2026-01-01T23:00:58", "farlednavn": "Langfjord", "farlednummer": 2933, "farledtype": "Biled" }, "geometry": { "type": "LineString", "coordinates": [ [ 21.749387254938508, 70.263921470075246 ], [ 21.733992640577934, 70.229585424405101 ], [ 21.720073329075287, 70.218654854445077 ] ] } },
{ "type": "Feature", "properties": { "gml_id": "id8ceac250-60bd-40ae-861a-745af768ecca", "lokalid": "2470e559-37c1-47c6-a924-1f26b03ffced", "navnerom": "https://data.geonorge.no/sosi/samferdsel/hovedled_og_biled", "versjonId": 20210101, "datauttaksdato": "2026-01-01T23:00:58", "farlednavn": "Korsfjord", "farlednummer": 2941, "farledtype": "Biled" }, "geometry": { "type": "LineString", "coordinates": [ [ 22.994513495206373, 70.227307001948475 ], [ 23.345132288337346, 70.237341458114614 ], [ 23.391115358733348, 70.239079214541746 ], [ 23.403893166029988, 70.243217035075475 ], [ 23.400276119718626, 70.247056110838969 ], [ 23.391682457181854, 70.248582529670472 ], [ 23.389717234313789, 70.248931506032164 ] ] } },
{ "type": "Feature", "properties": { "gml_id": "idaff8bf6a-c586-4487-9504-e998f2b6152e", "lokalid": "3254d3cc-73a7-4093-a433-4969e1ddca42", "navnerom": "https://data.geonorge.no/sosi/samferdsel/hovedled_og_biled", "versjonId": 20210101, "datauttaksdato": "2026-01-01T23:00:58", "farlednavn": "Årøysund", "farlednummer": 2940, "farledtype": "Biled" }, "geometry": { "type": "LineString", "coordinates": [ [ 22.994513495206373, 70.227307001948475 ], [ 23.250544260081533, 70.159523875257662 ], [ 23.296914361035299, 70.14367054547624 ], [ 23.315025762121401, 70.137468727352712 ], [ 23.346778501614427, 70.123115950884582 ], [ 23.373756173573344, 70.115563145621394 ] ] } },
{ "type": "Feature", "properties": { "gml_id": "id8f932704-efc4-4a90-8d6e-08a49c0f6193", "lokalid": "168990da-d979-4116-a75a-4790f31fed16", "navnerom": "https://data.geonorge.no/sosi/samferdsel/hovedled_og_biled", "versjonId": 20210101, "datauttaksdato": "2026-01-01T23:00:58", "farlednavn": "Nuvsfjord", "farlednummer": 2942, "farledtype": "Biled" }, "geometry": { "type": "LineString", "coordinates": [ [ 22.114654579219774, 70.328350498897805 ], [ 22.100564813256252, 70.276060362670208 ], [ 22.106096559811025, 70.259222360551291 ] ] } },
{ "type": "Feature", "properties": { "gml_id": "idd8d9e420-1a2a-48c4-a0d2-63e9a5640f27", "lokalid": "7cc79198-175c-4cb0-b306-5f3abe1af160", "navnerom": "https://data.geonorge.no/sosi/samferdsel/hovedled_og_biled", "versjonId": 20210101, "datauttaksdato": "2026-01-01T23:00:58", "farlednavn": "Syd av Rauer", "farlednummer": 2009, "farledtype": "Biled" }, "geometry": { "type": "LineString", "coordinates": [ [ 10.73961496495455, 59.194416938623696 ], [ 10.639681515552725, 59.219164765684681 ], [ 10.630779897321126, 59.22136366875452 ], [ 10.621153190859484, 59.223740670143478 ] ] } },
{ "type": "Feature", "properties": { "gml_id": "id2cbef145-d1e7-4a86-a57c-6b10fc82d268", "lokalid": "dca8a35e-44dd-4ca5-98f2-96382704e5e7", "navnerom": "https://data.geonorge.no/sosi/samferdsel/hovedled_og_biled", "versjonId": 20210101, "datauttaksdato": "2026-01-01T23:00:58", "farlednavn": "Goksøyrvika - Grønholmen", "farlednummer": 2384, "farledtype": "Biled" }, "geometry": { "type": "LineString", "coordinates": [ [ 5.64789676498166, 62.447245735385074 ], [ 5.670283669043951, 62.404073818429424 ] ] } },
{ "type": "Feature", "properties": { "gml_id": "id240c81cb-7e52-47a9-90b0-03789a3df83b", "lokalid": "44cdbed5-8197-41be-b6a6-bf48f1951d6a", "navnerom": "https://data.geonorge.no/sosi/samferdsel/hovedled_og_biled", "versjonId": 20210101, "datauttaksdato": "2026-01-01T23:00:58", "farlednavn": "Ferge: Småge - Orta - Finnøya - Sandøy - Ona", "farlednummer": 2452, "farledtype": "Biled" }, "geometry": { "type": "LineString", "coordinates": [ [ 6.575075253973413, 62.851854772424318 ], [ 6.571300560435439, 62.854495343115651 ], [ 6.559253723733372, 62.860730500851176 ], [ 6.557538739341704, 62.861897027882542 ], [ 6.554212597640837, 62.863023728591976 ], [ 6.549722103030055, 62.86408541103512 ] ] } },
{ "type": "Feature", "properties": { "gml_id": "id65619f8c-c566-48fe-8fd5-7c8cc75a2129", "lokalid": "6b9d670f-9cbf-4def-9cf9-66f8aab02dd7", "navnerom": "https://data.geonorge.no/sosi/samferdsel/hovedled_og_biled", "versjonId": 20210101, "datauttaksdato": "2026-01-01T23:00:58", "farlednavn": "Skoltafjorden", "farlednummer": 2224, "farledtype": "Biled" }, "geometry": { "type": "LineString", "coordinates": [ [ 4.936628515308309, 60.041382387206895 ], [ 5.117806477116837, 60.030867132176368 ] ] } },
{ "type": "Feature", "properties": { "gml_id": "id40d41dfd-048b-4b9c-b977-8c04f94252aa", "lokalid": "96f18f19-5180-4ed1-bfdb-cf150abcdbe7", "navnerom": "https://data.geonorge.no/sosi/samferdsel/hovedled_og_biled", "versjonId": 20210101, "datauttaksdato": "2026-01-01T23:00:58", "farlednavn": "Hjelmelandsvågen", "farlednummer": 2138, "farledtype": "Biled" }, "geometry": { "type": "LineString", "coordinates": [ [ 6.133014929358134, 59.248384984084282 ], [ 6.163408930865621, 59.240386992787272 ], [ 6.174308559132701, 59.237516113373559 ] ] } },
{ "type": "Feature", "properties": { "gml_id": "ided0189d0-3be4-497e-a6d4-8ba465b326d8", "lokalid": "b23807f7-9d61-4b17-8533-7198abd2c4f5", "navnerom": "https://data.geonorge.no/sosi/samferdsel/hovedled_og_biled", "versjonId": 20210101, "datauttaksdato": "2026-01-01T23:00:58", "farlednavn": "Sognefjorden - Rutledal", "farlednummer": 2284, "farledtype": "Biled" }, "geometry": { "type": "LineString", "coordinates": [ [ 5.189323363000071, 61.075285019060431 ], [ 5.188636697785337, 61.076466689414033 ], [ 5.198621697394369, 61.082716689121462 ], [ 5.222168362413109, 61.09082334887723 ] ] } },
{ "type": "Feature", "properties": { "gml_id": "id621079ca-0115-4d41-a97d-5d9afd10b31f", "lokalid": "87eab5e5-de2a-4e74-b2a8-063485d95184", "navnerom": "https://data.geonorge.no/sosi/samferdsel/hovedled_og_biled", "versjonId": 20210101, "datauttaksdato": "2026-01-01T23:00:58", "farlednavn": "Ågotnes", "farlednummer": 2248, "farledtype": "Biled" }, "geometry": { "type": "LineString", "coordinates": [ [ 5.040610129315221, 60.432269294723994 ], [ 5.012952556831239, 60.419712122419611 ] ] } },
{ "type": "Feature", "properties": { "gml_id": "ida1badf2d-619c-4a03-8c43-427ae566991d", "lokalid": "133d170a-8b50-4642-80f1-3b4860c67692", "navnerom": "https://data.geonorge.no/sosi/samferdsel/hovedled_og_biled", "versjonId": 20210101, "datauttaksdato": "2026-01-01T23:00:58", "farlednavn": "Ålvik", "farlednummer": 2201, "farledtype": "Biled" }, "geometry": { "type": "LineString", "coordinates": [ [ 6.438228094548593, 60.405640855425148 ], [ 6.423972191895945, 60.429441470282526 ] ] } },
{ "type": "Feature", "properties": { "gml_id": "id1a5c2b40-5854-42ef-8df4-f1b1fd2eef77", "lokalid": "586e2139-942b-490a-a07b-baa3020b0c12", "navnerom": "https://data.geonorge.no/sosi/samferdsel/hovedled_og_biled", "versjonId": 20210101, "datauttaksdato": "2026-01-01T23:00:58", "farlednavn": "Steinsundet - Straume", "farlednummer": 2244, "farledtype": "Biled" }, "geometry": { "type": "LineString", "coordinates": [ [ 5.146788754236042, 60.327291835986166 ], [ 5.12708530705859, 60.340267949643135 ] ] } },
{ "type": "Feature", "properties": { "gml_id": "id8c351a87-1575-46ee-9ed1-6bfa76c7e315", "lokalid": "8eec77c5-a81e-49a7-b6d9-0b69ad216b83", "navnerom": "https://data.geonorge.no/sosi/samferdsel/hovedled_og_biled", "versjonId": 20210101, "datauttaksdato": "2026-01-01T23:00:58", "farlednavn": "Jøkelfjord", "farlednummer": 2928, "farledtype": "Biled" }, "geometry": { "type": "LineString", "coordinates": [ [ 21.703679668729396, 70.045623056475719 ], [ 21.921146966753149, 70.071389912241756 ] ] } },
{ "type": "Feature", "properties": { "gml_id": "id56d6b607-f429-478b-b6c1-cbd2522baf4f", "lokalid": "00e08b17-9f84-42c1-9bab-4eb14ba5b913", "navnerom": "https://data.geonorge.no/sosi/samferdsel/hovedled_og_biled", "versjonId": 20210101, "datauttaksdato": "2026-01-01T23:00:58", "farlednavn": "Hasvik - Øksfjordklubben", "farlednummer": 2944, "farledtype": "Biled" }, "geometry": { "type": "LineString", "coordinates": [ [ 22.165668362140572, 70.481245223381691 ], [ 22.176799642560425, 70.479761943928139 ], [ 22.202129416491754, 70.434985023658015 ], [ 22.323421191664128, 70.29185548549377 ] ] } },
{ "type": "Feature", "properties": { "gml_id": "id3ad11699-7aa2-4b35-8d5b-77f30685701d", "lokalid": "fc7776ed-b467-43d5-91c8-1534e86c859b", "navnerom": "https://data.geonorge.no/sosi/samferdsel/hovedled_og_biled", "versjonId": 20210101, "datauttaksdato": "2026-01-01T23:00:58", "farlednavn": "Svinøysund", "farlednummer": 2416, "farledtype": "Biled" }, "geometry": { "type": "LineString", "coordinates": [ [ 6.241129015938926, 62.487527784464078 ], [ 6.271040295291708, 62.474984260541682 ], [ 6.279946005147097, 62.475514770595062 ], [ 6.330809826949042, 62.48025646338855 ] ] } },
{ "type": "Feature", "properties": { "gml_id": "id5beb1d1b-1ab7-4646-9aa9-01c04b31e338", "lokalid": "262625f4-fb24-443d-8b4e-162711596ff2", "navnerom": "https://data.geonorge.no/sosi/samferdsel/hovedled_og_biled", "versjonId": 20210101, "datauttaksdato": "2026-01-01T23:00:58", "farlednavn": "Vargsundet - Straumen", "farlednummer": 1199, "farledtype": "Hovedled" }, "geometry": { "type": "LineString", "coordinates": [ [ 22.994513495206373, 70.227307001948475 ], [ 23.079801111762666, 70.242690607079439 ], [ 23.125833965116694, 70.25099370307521 ], [ 23.21177020306957, 70.265388199743697 ], [ 23.242159781391372, 70.273234801328158 ], [ 23.370034029474432, 70.309740926674962 ], [ 23.661506287035149, 70.435738090194107 ], [ 23.687135038459246, 70.466843255678171 ], [ 23.701901872796416, 70.484762607412435 ], [ 23.586167349314863, 70.602582555337477 ], [ 23.591165076562334, 70.60941212325946 ], [ 23.59386726979416, 70.613104765467469 ], [ 23.58729043234775, 70.635606468814927 ], [ 23.580496887995565, 70.658801302175092 ], [ 23.580496013995713, 70.658804286952162 ], [ 23.575457908936372, 70.675974001402921 ], [ 23.561555554649686, 70.723213528056434 ] ] } },
{ "type": "Feature", "properties": { "gml_id": "id7bc8d190-4bb9-4997-8a27-7a68b5c80aa1", "lokalid": "32243472-bb6f-4716-81f0-15987103ef56", "navnerom": "https://data.geonorge.no/sosi/samferdsel/hovedled_og_biled", "versjonId": 20210101, "datauttaksdato": "2026-01-01T23:00:58", "farlednavn": "Kaarhamn", "farlednummer": 2950, "farledtype": "Biled" }, "geometry": { "type": "LineString", "coordinates": [ [ 23.181081561617532, 70.592794550921823 ], [ 23.16701087429939, 70.547858216538771 ], [ 23.162814149215507, 70.546840743619128 ] ] } },
{ "type": "Feature", "properties": { "gml_id": "ida43421fe-2358-42f0-bc9a-db55179a87d9", "lokalid": "d6ce561b-5f2a-4e3c-8466-93c8cf204e20", "navnerom": "https://data.geonorge.no/sosi/samferdsel/hovedled_og_biled", "versjonId": 20210101, "datauttaksdato": "2026-01-01T23:00:58", "farlednavn": "Innseilingen Myken", "farlednummer": 2624, "farledtype": "Biled" }, "geometry": { "type": "LineString", "coordinates": [ [ 12.470043797637171, 66.431492201509712 ], [ 12.470009506830131, 66.431552356520399 ], [ 12.29180569434865, 66.740125056168253 ] ] } },
{ "type": "Feature", "properties": { "gml_id": "id81a030e1-e649-451a-b3dc-671a3829bd24", "lokalid": "99e8534d-57a4-4570-a6b8-87e2f4e030b0", "navnerom": "https://data.geonorge.no/sosi/samferdsel/hovedled_og_biled", "versjonId": 20210101, "datauttaksdato": "2026-01-01T23:00:58", "farlednavn": "Næverfjord", "farlednummer": 2949, "farledtype": "Biled" }, "geometry": { "type": "LineString", "coordinates": [ [ 23.687135038459246, 70.466843255678171 ], [ 23.746995161888364, 70.455421421615398 ], [ 23.764165877959314, 70.450787725172404 ], [ 23.78325250724675, 70.450114949478518 ], [ 23.79055431976769, 70.447259461984061 ], [ 23.791258089497148, 70.444946082399198 ] ] } },
{ "type": "Feature", "properties": { "gml_id": "id1d1d4b4f-e088-4815-b14c-c62447dcf4da", "lokalid": "420f3339-9c36-47c1-b874-2d07d5d0d148", "navnerom": "https://data.geonorge.no/sosi/samferdsel/hovedled_og_biled", "versjonId": 20210101, "datauttaksdato": "2026-01-01T23:00:58", "farlednavn": "Lille Lærrisfjord", "farlednummer": 2948, "farledtype": "Biled" }, "geometry": { "type": "LineString", "coordinates": [ [ 23.502297003853407, 70.319739982781101 ], [ 23.49311104107262, 70.320150818368717 ], [ 23.437593262990465, 70.301503365747052 ], [ 23.370034029474432, 70.309740926674962 ] ] } },
{ "type": "Feature", "properties": { "gml_id": "id9fa8445e-d835-4402-b71f-b64448ab8fa4", "lokalid": "757d0a9a-f505-4a23-b57d-dfeac7acbdde", "navnerom": "https://data.geonorge.no/sosi/samferdsel/hovedled_og_biled", "versjonId": 20210101, "datauttaksdato": "2026-01-01T23:00:58", "farlednavn": "Kvalsd. - Sammelsd. - Revsbotn", "farlednummer": 2961, "farledtype": "Biled" }, "geometry": { "type": "LineString", "coordinates": [ [ 23.687135038459246, 70.466843255678171 ], [ 23.8438604024178, 70.496395296256651 ], [ 23.988146949405724, 70.516551451518808 ], [ 24.009082437422251, 70.519463106743828 ], [ 24.031722635227048, 70.532205478825816 ], [ 24.037995768712381, 70.535749607164931 ], [ 24.152269867738877, 70.60005195712985 ], [ 24.143295150332015, 70.705463412649067 ], [ 24.139965646816883, 70.744639197818586 ], [ 24.139962245157303, 70.744679193090477 ], [ 24.135508899682037, 70.79691583861036 ], [ 24.196272128733071, 70.917377607060587 ] ] } },
{ "type": "Feature", "properties": { "gml_id": "id5fae6f2b-d62c-4282-8175-ad9aa915c52a", "lokalid": "466447c8-4f8b-470b-9633-d93bdec9cffa", "navnerom": "https://data.geonorge.no/sosi/samferdsel/hovedled_og_biled", "versjonId": 20210101, "datauttaksdato": "2026-01-01T23:00:58", "farlednavn": "Breivikfjorden", "farlednummer": 2935, "farledtype": "Biled" }, "geometry": { "type": "LineString", "coordinates": [ [ 22.049712563653927, 70.537780538306237 ], [ 22.205217490587771, 70.594182500667699 ], [ 22.29319156998584, 70.593940530086186 ], [ 22.292145522689115, 70.592268514689593 ] ] } },
{ "type": "Feature", "properties": { "gml_id": "id28ebfd23-bb14-4859-9621-764b891c2610", "lokalid": "93f89ead-1fb0-442c-b1c4-b06d4c0b6386", "navnerom": "https://data.geonorge.no/sosi/samferdsel/hovedled_og_biled", "versjonId": 20210101, "datauttaksdato": "2026-01-01T23:00:58", "farlednavn": "Innseiling Tarhalsen", "farlednummer": 1205, "farledtype": "Hovedled" }, "geometry": { "type": "LineString", "coordinates": [ [ 23.362737847608628, 70.974599278076269 ], [ 23.456372580192351, 70.915212305480352 ], [ 23.74841023975711, 70.779833219076011 ] ] } },
{ "type": "Feature", "properties": { "gml_id": "id1ee70b9d-476f-4914-a6c5-50176070fda1", "lokalid": "0e099e82-dc2e-4989-bf58-6424473520b1", "navnerom": "https://data.geonorge.no/sosi/samferdsel/hovedled_og_biled", "versjonId": 20210101, "datauttaksdato": "2026-01-01T23:00:58", "farlednavn": "Lyngseidet", "farlednummer": 2914, "farledtype": "Biled" }, "geometry": { "type": "LineString", "coordinates": [ [ 20.349126337707389, 69.573774424361631 ], [ 20.349030750997343, 69.573776834745175 ], [ 20.277381798043063, 69.5755688629703 ], [ 20.225156829795587, 69.576521664610951 ] ] } },
{ "type": "Feature", "properties": { "gml_id": "id6e135ceb-1e88-483b-bb99-fdcddc1cceb9", "lokalid": "2e77649c-de0f-410b-bc20-9a81f555c50b", "navnerom": "https://data.geonorge.no/sosi/samferdsel/hovedled_og_biled", "versjonId": 20210101, "datauttaksdato": "2026-01-01T23:00:58", "farlednavn": "Måsøyfjorden - Gjesvær", "farlednummer": 2970, "farledtype": "Biled" }, "geometry": { "type": "LineString", "coordinates": [ [ 25.153630956640253, 70.988039066130384 ], [ 25.193408635423637, 71.097610191590874 ], [ 25.266994861451717, 71.10799355583319 ], [ 25.328147585224031, 71.108710177819304 ], [ 25.355672723395713, 71.110918552617022 ], [ 25.366178099432805, 71.110004642574651 ], [ 25.372022018473679, 71.105906836659614 ], [ 25.373272715081434, 71.10502959671993 ], [ 25.386199960200781, 71.102020282935754 ] ] } },
{ "type": "Feature", "properties": { "gml_id": "idd958b7bb-3b9e-4da5-85c0-2c0658a64d13", "lokalid": "c43ebf3a-02b7-41d9-8fa6-3c7765196123", "navnerom": "https://data.geonorge.no/sosi/samferdsel/hovedled_og_biled", "versjonId": 20210101, "datauttaksdato": "2026-01-01T23:00:58", "farlednavn": "Gjesvær - Risfjord", "farlednummer": 2971, "farledtype": "Biled" }, "geometry": { "type": "LineString", "coordinates": [ [ 25.372021677659504, 71.105906754951235 ], [ 25.372022018473679, 71.105906836659614 ], [ 25.389292912488326, 71.11004081017829 ], [ 25.397505962551371, 71.121318510655485 ], [ 25.515875413057138, 71.186590698759332 ], [ 25.677086629402869, 71.191260192432352 ], [ 25.821917148165536, 71.174104601375859 ], [ 25.885368457869291, 71.12991746692596 ] ] } },
{ "type": "Feature", "properties": { "gml_id": "id65542213-0deb-4b92-ac48-bfcd5e4d8507", "lokalid": "df2dab4f-fb03-49ef-b97e-686bb6141bd0", "navnerom": "https://data.geonorge.no/sosi/samferdsel/hovedled_og_biled", "versjonId": 20210101, "datauttaksdato": "2026-01-01T23:00:58", "farlednavn": "Måsøy", "farlednummer": 2969, "farledtype": "Biled" }, "geometry": { "type": "LineString", "coordinates": [ [ 25.019102840240514, 70.987156563265557 ], [ 25.025611554679628, 71.005118595151842 ], [ 25.019231024924977, 71.006892985580464 ] ] } },
{ "type": "Feature", "properties": { "gml_id": "idd80ed450-c8c1-4651-b237-aff336ea237f", "lokalid": "4461659f-1cf5-40b7-8596-09bdcdc0106d", "navnerom": "https://data.geonorge.no/sosi/samferdsel/hovedled_og_biled", "versjonId": 20210101, "datauttaksdato": "2026-01-01T23:00:58", "farlednavn": "Risfjord - Honningsvåg", "farlednummer": 2972, "farledtype": "Biled" }, "geometry": { "type": "LineString", "coordinates": [ [ 25.835135003680236, 71.111805943631296 ], [ 25.842581482663647, 71.110853172299755 ], [ 25.905587530636513, 71.138909722096415 ], [ 25.942647646755546, 71.151218559861206 ], [ 26.050017102847317, 71.149949085498676 ], [ 26.246981142064268, 71.063476914223784 ], [ 26.233172781559794, 71.010976927808201 ], [ 26.021005904087936, 70.965932431625674 ] ] } },
{ "type": "Feature", "properties": { "gml_id": "idbece7f93-c25b-4d9d-bf15-dbcc60a2b8ad", "lokalid": "6cf4e038-285b-44fe-8f8d-dc0c31ee2e71", "navnerom": "https://data.geonorge.no/sosi/samferdsel/hovedled_og_biled", "versjonId": 20210101, "datauttaksdato": "2026-01-01T23:00:58", "farlednavn": "Kamøyfjorden", "farlednummer": 2973, "farledtype": "Biled" }, "geometry": { "type": "LineString", "coordinates": [ [ 26.23357723648957, 71.069361565898035 ], [ 25.944764366479806, 71.057546312211471 ], [ 25.916653552298673, 71.052127305451606 ], [ 25.899256660224204, 71.050882756336023 ], [ 25.892699964258693, 71.048590241228908 ], [ 25.893942657858073, 71.045259965491951 ] ] } },
{ "type": "Feature", "properties": { "gml_id": "id627a7df3-dafe-453f-bee8-8678f6df8147", "lokalid": "4633bfe7-7cf2-4432-8fa9-3cf01e81d4a1", "navnerom": "https://data.geonorge.no/sosi/samferdsel/hovedled_og_biled", "versjonId": 20210101, "datauttaksdato": "2026-01-01T23:00:58", "farlednavn": "Porsangen", "farlednummer": 2975, "farledtype": "Biled" }, "geometry": { "type": "LineString", "coordinates": [ [ 26.021005904087936, 70.965932431625674 ], [ 25.982641983989701, 70.838832100709041 ], [ 25.96532910980196, 70.781474245321377 ], [ 25.93698382372337, 70.687565816058751 ], [ 25.54159383786919, 70.484922438260512 ], [ 25.361080813124296, 70.390715935980651 ], [ 25.344042942278378, 70.357182224913601 ], [ 25.325864815982605, 70.321272713384261 ], [ 25.317158666758321, 70.304104862430265 ], [ 25.353097619186112, 70.28767149317126 ], [ 25.342757038172177, 70.256737910875415 ], [ 25.213758749978524, 70.145913140517266 ], [ 25.11182812703748, 70.094449273363722 ], [ 25.078400257065351, 70.094012805873632 ] ] } },
{ "type": "Feature", "properties": { "gml_id": "idf927c7f8-1d84-4895-8243-d0a86a6eeff3", "lokalid": "e1032d19-2e92-4217-a7e3-7809bac7e472", "navnerom": "https://data.geonorge.no/sosi/samferdsel/hovedled_og_biled", "versjonId": 20210101, "datauttaksdato": "2026-01-01T23:00:58", "farlednavn": "Porsangerfjord - Smørfjord", "farlednummer": 2977, "farledtype": "Biled" }, "geometry": { "type": "LineString", "coordinates": [ [ 25.96532910980196, 70.781474245321377 ], [ 25.754847176937801, 70.717787282495564 ], [ 25.218161844562076, 70.552390721006361 ], [ 25.117349952306725, 70.520832662063256 ], [ 25.084137430593437, 70.520697617638845 ] ] } },
{ "type": "Feature", "properties": { "gml_id": "id3a2bad9b-b804-4cc8-8a2c-7059e0d1a4cf", "lokalid": "436fabfc-a6b8-48ad-a375-9028b6454e89", "navnerom": "https://data.geonorge.no/sosi/samferdsel/hovedled_og_biled", "versjonId": 20210101, "datauttaksdato": "2026-01-01T23:00:58", "farlednavn": "Kjøllefjord", "farlednummer": 1210, "farledtype": "Hovedled" }, "geometry": { "type": "LineString", "coordinates": [ [ 26.937758231239588, 71.063893319345183 ], [ 27.314860269029207, 70.952981955617659 ], [ 27.330968606156901, 70.952046353214826 ], [ 27.331384061294994, 70.952022202893744 ] ] } },
{ "type": "Feature", "properties": { "gml_id": "idcea36071-bef1-41c1-9108-3fc1394d6fef", "lokalid": "71e68940-b210-414a-927f-4a724c93eac0", "navnerom": "https://data.geonorge.no/sosi/samferdsel/hovedled_og_biled", "versjonId": 20210101, "datauttaksdato": "2026-01-01T23:00:58", "farlednavn": "Honningsvåg - Vardø", "farlednummer": 1206, "farledtype": "Hovedled" }, "geometry": { "type": "LineString", "coordinates": [ [ 25.937732582637526, 70.971665194269107 ], [ 26.021005904087936, 70.965932431625674 ], [ 26.819423388970993, 71.051248480085093 ], [ 26.937758231239588, 71.063893319345183 ], [ 27.657007514796174, 71.142718657176943 ], [ 27.940998996585755, 71.129977945883624 ], [ 28.246392468605499, 71.116277074626637 ], [ 28.396486614123809, 71.085477086078001 ], [ 28.654388648958285, 71.032554435897552 ], [ 29.281955448878897, 70.903774915685503 ], [ 29.739436918176906, 70.809897658015743 ], [ 29.926542365748993, 70.771502775128894 ], [ 30.139757879121881, 70.727749986491759 ], [ 30.491907546180581, 70.612787113125236 ], [ 30.961632760449135, 70.459771617554239 ] ] } },
{ "type": "Feature", "properties": { "gml_id": "id4eb3a388-e664-41fd-88e4-eea407813000", "lokalid": "20b503d8-f708-4a5d-b22f-a84500ae72dc", "navnerom": "https://data.geonorge.no/sosi/samferdsel/hovedled_og_biled", "versjonId": 20210101, "datauttaksdato": "2026-01-01T23:00:58", "farlednavn": "Mehamn", "farlednummer": 1207, "farledtype": "Hovedled" }, "geometry": { "type": "LineString", "coordinates": [ [ 27.940998996585755, 71.129977945883624 ], [ 27.831007814573056, 71.045482506970473 ], [ 27.833282859299224, 71.042499260260385 ] ] } },
{ "type": "Feature", "properties": { "gml_id": "idc3562fa4-b8f9-46d6-ba9c-8fb50acb1137", "lokalid": "173f582d-6499-40fa-b35b-186815090716", "navnerom": "https://data.geonorge.no/sosi/samferdsel/hovedled_og_biled", "versjonId": 20210101, "datauttaksdato": "2026-01-01T23:00:58", "farlednavn": "Torhopen", "farlednummer": 2986, "farledtype": "Biled" }, "geometry": { "type": "LineString", "coordinates": [ [ 28.33278149500908, 70.598113239809891 ], [ 28.332771322427728, 70.598109893513055 ], [ 28.00005576700001, 70.487734453530877 ], [ 27.994664725646143, 70.48453595461983 ] ] } },
{ "type": "Feature", "properties": { "gml_id": "id54d6f58e-ebc1-4029-b161-23362f674370", "lokalid": "9562d721-ac35-45c7-a535-2ad3443949f9", "navnerom": "https://data.geonorge.no/sosi/samferdsel/hovedled_og_biled", "versjonId": 20210101, "datauttaksdato": "2026-01-01T23:00:58", "farlednavn": "Berlevåg", "farlednummer": 1215, "farledtype": "Hovedled" }, "geometry": { "type": "LineString", "coordinates": [ [ 29.281955448878897, 70.903774915685503 ], [ 29.141623692017003, 70.868188626997011 ], [ 29.112919339554427, 70.862247915417399 ] ] } },
{ "type": "Feature", "properties": { "gml_id": "id840a81a6-4ba8-45b9-9fb6-27d8a3938f31", "lokalid": "5d2f6cb4-9035-418b-aae2-603741ddfadc", "navnerom": "https://data.geonorge.no/sosi/samferdsel/hovedled_og_biled", "versjonId": 20210101, "datauttaksdato": "2026-01-01T23:00:58", "farlednavn": "Langfjord", "farlednummer": 2984, "farledtype": "Biled" }, "geometry": { "type": "LineString", "coordinates": [ [ 28.464474824003275, 70.776787266693887 ], [ 28.4644587594453, 70.776785584401779 ], [ 28.304937961423121, 70.759996776669922 ], [ 28.027135974128448, 70.691585427979362 ], [ 27.907135712148779, 70.674068773466146 ], [ 27.873657863416678, 70.667057652434565 ], [ 27.859171726532683, 70.667635441126805 ] ] } },
{ "type": "Feature", "properties": { "gml_id": "id87e5f516-e1ab-4818-b5bc-2c502dffb933", "lokalid": "b40dd833-d367-4fa8-b431-ce6ed9924756", "navnerom": "https://data.geonorge.no/sosi/samferdsel/hovedled_og_biled", "versjonId": 20210101, "datauttaksdato": "2026-01-01T23:00:58", "farlednavn": "Skjånes", "farlednummer": 2982, "farledtype": "Biled" }, "geometry": { "type": "LineString", "coordinates": [ [ 28.464766655544668, 70.777183206901157 ], [ 28.114072476340848, 70.786822779799138 ], [ 28.087119535720962, 70.797754896419704 ], [ 28.096880855167225, 70.803613243321507 ] ] } },
{ "type": "Feature", "properties": { "gml_id": "iddf02390b-34e3-42fe-af18-3d153d18b384", "lokalid": "d5409d59-6ee2-484e-84af-901f008bca77", "navnerom": "https://data.geonorge.no/sosi/samferdsel/hovedled_og_biled", "versjonId": 20210101, "datauttaksdato": "2026-01-01T23:00:58", "farlednavn": "Varangerfjorden", "farlednummer": 1219, "farledtype": "Hovedled" }, "geometry": { "type": "LineString", "coordinates": [ [ 31.106405617748273, 70.268164340065042 ], [ 30.94797560998984, 70.228791175591127 ], [ 30.7200742610807, 70.172711700469264 ], [ 30.304829679808091, 70.068955980939009 ], [ 30.102896042901278, 70.045739111454495 ], [ 29.833725651838598, 70.044339031082316 ], [ 29.714763172165561, 70.067628900592425 ], [ 29.701303750024024, 70.074370612684589 ], [ 29.706492621801374, 70.075009200763191 ] ] } },
{ "type": "Feature", "properties": { "gml_id": "iddc2f04b4-3edb-4ace-9626-40db714328e7", "lokalid": "0fc1cbcf-1610-40c0-a20e-6b9f5b90208d", "navnerom": "https://data.geonorge.no/sosi/samferdsel/hovedled_og_biled", "versjonId": 20210101, "datauttaksdato": "2026-01-01T23:00:58", "farlednavn": "Bugøyfjord", "farlednummer": 2992, "farledtype": "Biled" }, "geometry": { "type": "LineString", "coordinates": [ [ 29.736760244553697, 69.961643253040847 ], [ 29.507402615255589, 69.915944368997259 ], [ 29.444124419715457, 69.879555476666283 ], [ 29.418832374198896, 69.868836049272915 ], [ 29.371082151489929, 69.867483250210228 ] ] } },
{ "type": "Feature", "properties": { "gml_id": "id409b9728-6bee-4e9c-976c-c8256f27c0cd", "lokalid": "9f63b538-a5a5-40db-8e3b-4cd48539c851", "navnerom": "https://data.geonorge.no/sosi/samferdsel/hovedled_og_biled", "versjonId": 20210101, "datauttaksdato": "2026-01-01T23:00:58", "farlednavn": "Varangerfjord", "farlednummer": 2990, "farledtype": "Biled" }, "geometry": { "type": "LineString", "coordinates": [ [ 29.701303750024024, 70.074370612684589 ], [ 29.632641206032744, 70.068131458046125 ], [ 29.313164526240598, 70.087380758379538 ], [ 28.879171994506649, 70.112558626995494 ], [ 28.856142382919977, 70.113863525280038 ], [ 28.615636277483208, 70.120761684664942 ] ] } },
{ "type": "Feature", "properties": { "gml_id": "id9a6e5e25-6de4-47f3-919d-5ecbe5b86f15", "lokalid": "d9b9d4e3-2820-430c-8a44-8f56ba01f0fb", "navnerom": "https://data.geonorge.no/sosi/samferdsel/hovedled_og_biled", "versjonId": 20210101, "datauttaksdato": "2026-01-01T23:00:58", "farlednavn": "Varangerfjorden - Bøkfjord Fyr", "farlednummer": 1225, "farledtype": "Hovedled" }, "geometry": { "type": "LineString", "coordinates": [ [ 30.916860361860497, 69.966712430724286 ], [ 30.901108078519272, 69.965039173006915 ], [ 30.138976201811783, 69.882049395661824 ] ] } },
{ "type": "Feature", "properties": { "gml_id": "id051ff492-360c-4c21-b076-8dc0bdfde339", "lokalid": "5edb5f8f-1da3-4211-a91b-96eca4110a55", "navnerom": "https://data.geonorge.no/sosi/samferdsel/hovedled_og_biled", "versjonId": 20210101, "datauttaksdato": "2026-01-01T23:00:58", "farlednavn": "Vadsø - Kirkenes", "farlednummer": 1220, "farledtype": "Hovedled" }, "geometry": { "type": "LineString", "coordinates": [ [ 29.701303750024024, 70.074370612684589 ], [ 29.714763172165561, 70.067628900592425 ], [ 29.884612582207307, 69.956011779682314 ], [ 30.00918897647886, 69.875575300883312 ], [ 30.028244826851427, 69.856466942554718 ], [ 30.065516585194345, 69.845606130421245 ], [ 30.107697333122253, 69.823998843921856 ] ] } },
{ "type": "Feature", "properties": { "gml_id": "id1b5f7a66-6021-4d66-8a1d-72376c3659d7", "lokalid": "e2e6d6e1-9101-496c-b278-5e23cbfa4fd5", "navnerom": "https://data.geonorge.no/sosi/samferdsel/hovedled_og_biled", "versjonId": 20210101, "datauttaksdato": "2026-01-01T23:00:58", "farlednavn": "Kjøfjord - Korsfjord", "farlednummer": 2993, "farledtype": "Biled" }, "geometry": { "type": "LineString", "coordinates": [ [ 29.736760244553697, 69.961643253040847 ], [ 29.753680243823748, 69.908666712359576 ], [ 29.76508598906894, 69.897900128382375 ], [ 29.785936240478481, 69.830797328084202 ], [ 29.758617050187183, 69.812437490612467 ], [ 29.73303603570108, 69.803298313913132 ], [ 29.688601906140125, 69.758158418280331 ], [ 29.692712852604807, 69.752644589657564 ], [ 29.695068606822602, 69.751944553255981 ], [ 29.825592789341169, 69.753655627706266 ], [ 29.860010877701782, 69.758622174597093 ], [ 30.104803790459037, 69.812020570201057 ] ] } },
{ "type": "Feature", "properties": { "gml_id": "id7f379ad0-46ab-44a8-b340-9ccb2e86aee8", "lokalid": "60d002b4-444b-461f-9d61-869534c44dea", "navnerom": "https://data.geonorge.no/sosi/samferdsel/hovedled_og_biled", "versjonId": 20210101, "datauttaksdato": "2026-01-01T23:00:58", "farlednavn": "Båtsfjord", "farlednummer": 1216, "farledtype": "Hovedled" }, "geometry": { "type": "LineString", "coordinates": [ [ 29.926542365748993, 70.771502775128894 ], [ 29.806486773801563, 70.655619288373174 ], [ 29.74041984856726, 70.633395240271426 ], [ 29.734189091831169, 70.631853574745278 ] ] } },
{ "type": "Feature", "properties": { "gml_id": "id46ccee0e-2b02-4b1c-acde-a3f150a47501", "lokalid": "92a367a3-756f-4147-a7ee-bb6a16b80fdc", "navnerom": "https://data.geonorge.no/sosi/samferdsel/hovedled_og_biled", "versjonId": 20210101, "datauttaksdato": "2026-01-01T23:00:58", "farlednavn": "Vatsfjorden", "farlednummer": 2137, "farledtype": "Biled" }, "geometry": { "type": "LineString", "coordinates": [ [ 5.773100626441532, 59.429620895838646 ], [ 5.759634846428376, 59.432975858945213 ], [ 5.753175594070689, 59.449372092389112 ], [ 5.74560970551719, 59.453336915853342 ] ] } },
{ "type": "Feature", "properties": { "gml_id": "id4e3e14f9-00d5-48c5-a308-968007b052f5", "lokalid": "596a8571-c7aa-4833-bd60-88883af58608", "navnerom": "https://data.geonorge.no/sosi/samferdsel/hovedled_og_biled", "versjonId": 20210101, "datauttaksdato": "2026-01-01T23:00:58", "farlednavn": "Reinøysundet", "farlednummer": 1217, "farledtype": "Hovedled" }, "geometry": { "type": "LineString", "coordinates": [ [ 30.961632760449135, 70.459771617554239 ], [ 31.091608176919546, 70.40695097127356 ], [ 31.110206021340463, 70.389623638419678 ], [ 31.110427139041224, 70.389417444915708 ], [ 31.113086716970439, 70.386937051196 ], [ 31.147557101794511, 70.376362112506996 ], [ 31.149037752335445, 70.364731522886544 ], [ 31.106405617748273, 70.268164340065042 ] ] } },
{ "type": "Feature", "properties": { "gml_id": "id0f58b83b-4cca-45c3-9f06-7e34059515da", "lokalid": "5e074b74-93e8-4ae4-8aae-156c827eda16", "navnerom": "https://data.geonorge.no/sosi/samferdsel/hovedled_og_biled", "versjonId": 20210101, "datauttaksdato": "2026-01-01T23:00:58", "farlednavn": "Kongsfjord", "farlednummer": 2987, "farledtype": "Biled" }, "geometry": { "type": "LineString", "coordinates": [ [ 29.739436918176906, 70.809897658015743 ], [ 29.42429374158592, 70.72979967424078 ], [ 29.312365055507325, 70.713471884101196 ], [ 29.306007112218253, 70.717084789014478 ] ] } },
{ "type": "Feature", "properties": { "gml_id": "id5ec6825a-01c9-409b-ac0e-6785acff5540", "lokalid": "dacae49f-eb1e-4230-b459-0ff0bd7dadd4", "navnerom": "https://data.geonorge.no/sosi/samferdsel/hovedled_og_biled", "versjonId": 20210101, "datauttaksdato": "2026-01-01T23:00:58", "farlednavn": "Vågsfjorden - Solbergfjorden", "farlednummer": 1581, "farledtype": "Hovedled" }, "geometry": { "type": "LineString", "coordinates": [ [ 16.647533329458717, 68.669531925308476 ], [ 16.740902693006223, 68.737978312697237 ], [ 17.042327573484734, 68.919843036780293 ], [ 17.065613161606738, 68.933905125309067 ], [ 17.279188258275731, 69.018331461849272 ], [ 17.37339226709128, 69.087205275758919 ], [ 17.620835072451435, 69.120000106698413 ], [ 17.760374159412059, 69.138493918730276 ], [ 17.968685236904459, 69.167490888449677 ] ] } },
{ "type": "Feature", "properties": { "gml_id": "id14e536fe-1df6-46eb-99e3-d3ea091f6a00", "lokalid": "c4196414-fa47-4d5f-86c7-f7c70a3e6faa", "navnerom": "https://data.geonorge.no/sosi/samferdsel/hovedled_og_biled", "versjonId": 20210101, "datauttaksdato": "2026-01-01T23:00:58", "farlednavn": "Astafjord - Salangen", "farlednummer": 2810, "farledtype": "Biled" }, "geometry": { "type": "LineString", "coordinates": [ [ 16.645410912158919, 68.668403089030107 ], [ 16.99247035479728, 68.725625290295596 ], [ 17.048718610856312, 68.73216187375435 ], [ 17.151576991036173, 68.745171861840987 ], [ 17.20585229573075, 68.766520606179967 ], [ 17.31077646707223, 68.798850414154828 ], [ 17.344338576043125, 68.809552445841376 ], [ 17.541574177195507, 68.87240152685915 ], [ 17.617260300768198, 68.896363408164135 ], [ 17.684693649832532, 68.900627329946687 ], [ 17.715810098730604, 68.904366212411844 ], [ 17.720546276299775, 68.903163399039201 ], [ 17.72261973038589, 68.898801176523747 ], [ 17.748835156967527, 68.886060642333248 ], [ 17.819923739468727, 68.877894226267657 ] ] } },
{ "type": "Feature", "properties": { "gml_id": "id54026fcc-ebbb-49d7-b785-c31f3f6bb9cf", "lokalid": "4c7d0bd6-2f56-480e-951f-4c7f877bd877", "navnerom": "https://data.geonorge.no/sosi/samferdsel/hovedled_og_biled", "versjonId": 20210101, "datauttaksdato": "2026-01-01T23:00:58", "farlednavn": "Grovfjord", "farlednummer": 2811, "farledtype": "Biled" }, "geometry": { "type": "LineString", "coordinates": [ [ 17.048718610856312, 68.73216187375435 ], [ 17.084402021966316, 68.684916290322136 ], [ 17.103193511250232, 68.677838499312514 ], [ 17.115612671162836, 68.680218778408317 ] ] } },
{ "type": "Feature", "properties": { "gml_id": "id853ab0a7-7ece-47e5-b1c5-ede161b720c9", "lokalid": "72d2f660-5d7a-40ba-88ee-e7d3fa06a6b9", "navnerom": "https://data.geonorge.no/sosi/samferdsel/hovedled_og_biled", "versjonId": 20210101, "datauttaksdato": "2026-01-01T23:00:58", "farlednavn": "Bygden", "farlednummer": 2812, "farledtype": "Biled" }, "geometry": { "type": "LineString", "coordinates": [ [ 17.20585229573075, 68.766520606179967 ], [ 17.185932407302147, 68.787777351335365 ], [ 17.181538035198692, 68.795305128945543 ], [ 17.042327573484734, 68.919843036780293 ] ] } },
{ "type": "Feature", "properties": { "gml_id": "id756b08fd-89bf-4bc9-a326-f54dcd28a91b", "lokalid": "4afeedeb-dad7-4f2b-b49a-f6dd094ee3f4", "navnerom": "https://data.geonorge.no/sosi/samferdsel/hovedled_og_biled", "versjonId": 20210101, "datauttaksdato": "2026-01-01T23:00:58", "farlednavn": "Kasfjord", "farlednummer": 2832, "farledtype": "Biled" }, "geometry": { "type": "LineString", "coordinates": [ [ 16.105789837992603, 68.92226352602566 ], [ 16.284804643231446, 68.863560701873126 ], [ 16.333902000510822, 68.836168994189123 ] ] } },
{ "type": "Feature", "properties": { "gml_id": "id1905d143-37c0-4927-ab7a-bf764f47615c", "lokalid": "344e4f92-c204-4353-a1b4-7ec2627aa46c", "navnerom": "https://data.geonorge.no/sosi/samferdsel/hovedled_og_biled", "versjonId": 20210101, "datauttaksdato": "2026-01-01T23:00:58", "farlednavn": "Andfjorden - Flatøysundet - Vaagsfjorden", "farlednummer": 2834, "farledtype": "Biled" }, "geometry": { "type": "LineString", "coordinates": [ [ 15.90259904476064, 68.98214119331935 ], [ 16.183821800040707, 69.00998832810852 ], [ 16.184187722309581, 69.010024215509318 ], [ 16.386521354990819, 69.029730071784172 ], [ 16.389388233697836, 69.029769377259996 ], [ 16.446051904501466, 68.977413357403734 ], [ 16.477754842893962, 68.976024506263272 ], [ 16.567574144805032, 68.976688390506112 ], [ 16.632898368282486, 68.994668995302732 ], [ 16.683700874035775, 68.990300930182357 ], [ 16.76863965313914, 68.985408160699521 ], [ 16.769643501290066, 68.985235338063958 ], [ 17.065613161606738, 68.933905125309067 ] ] } },
{ "type": "Feature", "properties": { "gml_id": "id2f5b9e16-0215-4635-9aa4-b8c9e1f83929", "lokalid": "36502e82-5a94-48ef-a5fc-6e5f069b874f", "navnerom": "https://data.geonorge.no/sosi/samferdsel/hovedled_og_biled", "versjonId": 20210101, "datauttaksdato": "2026-01-01T23:00:58", "farlednavn": "Flatøysundet", "farlednummer": 2835, "farledtype": "Biled" }, "geometry": { "type": "LineString", "coordinates": [ [ 16.755654946221572, 69.009671993878911 ], [ 16.565724252550289, 69.044857888118571 ], [ 16.540507459425172, 69.04503845332232 ], [ 16.4643242402617, 69.030796766350804 ], [ 16.389388233697836, 69.029769377259996 ] ] } },
{ "type": "Feature", "properties": { "gml_id": "id25fb1380-2007-4923-a5db-765363d4548e", "lokalid": "6ca3fcf8-c4a0-402c-94ba-1f452107311e", "navnerom": "https://data.geonorge.no/sosi/samferdsel/hovedled_og_biled", "versjonId": 20210101, "datauttaksdato": "2026-01-01T23:00:58", "farlednavn": "Leirvåg", "farlednummer": 2840, "farledtype": "Biled" }, "geometry": { "type": "LineString", "coordinates": [ [ 16.389388233697836, 69.029769377259996 ], [ 16.461771349088707, 69.019780071079197 ], [ 16.477085369052134, 69.016791188124259 ] ] } },
{ "type": "Feature", "properties": { "gml_id": "id1cace25d-ed78-4ba7-9058-efe7ffdc024c", "lokalid": "413d6c7f-730e-48c3-b838-a8381cf325a6", "navnerom": "https://data.geonorge.no/sosi/samferdsel/hovedled_og_biled", "versjonId": 20210101, "datauttaksdato": "2026-01-01T23:00:58", "farlednavn": "Sunnsvollsundet", "farlednummer": 2841, "farledtype": "Biled" }, "geometry": { "type": "LineString", "coordinates": [ [ 16.389388233697836, 69.029769377259996 ], [ 16.463471381130354, 69.023091165416815 ], [ 16.475588580904247, 69.021784673335091 ], [ 16.516750969808776, 69.022662305925209 ], [ 16.525527076275822, 69.021916215032334 ], [ 16.556324346544411, 69.020560638145781 ], [ 16.573532564914263, 69.009810621878401 ], [ 16.632898368282486, 68.994668995302732 ] ] } },
{ "type": "Feature", "properties": { "gml_id": "idfb8dea5b-b3a6-4ecb-84ca-4e86471698c2", "lokalid": "eb2841d5-c20c-427d-b8a1-4715ef7da311", "navnerom": "https://data.geonorge.no/sosi/samferdsel/hovedled_og_biled", "versjonId": 20210101, "datauttaksdato": "2026-01-01T23:00:58", "farlednavn": "Skrolsvik", "farlednummer": 2842, "farledtype": "Biled" }, "geometry": { "type": "LineString", "coordinates": [ [ 16.737738335350574, 69.043663226427768 ], [ 16.792729640261872, 69.064144941491321 ], [ 16.811815326704462, 69.065820397643591 ], [ 16.791682314596269, 69.064799997955404 ], [ 16.740764859795632, 69.080775589090734 ] ] } },
{ "type": "Feature", "properties": { "gml_id": "idbb29e2e8-24ae-4400-a84d-e9d0d82bc758", "lokalid": "b5807d11-3376-4fed-a914-9c12019de6cb", "navnerom": "https://data.geonorge.no/sosi/samferdsel/hovedled_og_biled", "versjonId": 20210101, "datauttaksdato": "2026-01-01T23:00:58", "farlednavn": "Grøtavær", "farlednummer": 2833, "farledtype": "Biled" }, "geometry": { "type": "LineString", "coordinates": [ [ 16.240240178941573, 68.939472206007096 ], [ 16.248052084895644, 68.955007823207069 ], [ 16.254372054432221, 68.968069355096745 ] ] } },
{ "type": "Feature", "properties": { "gml_id": "idbfb154f3-f2cb-4a05-82f2-77ff583bdcc0", "lokalid": "59cff696-b5b1-4d8a-b867-53927be510f3", "navnerom": "https://data.geonorge.no/sosi/samferdsel/hovedled_og_biled", "versjonId": 20210101, "datauttaksdato": "2026-01-01T23:00:58", "farlednavn": "storsteinneset - kaagsundet", "farlednummer": 2958, "farledtype": "Biled" }, "geometry": { "type": "LineString", "coordinates": [ [ 20.852516109350809, 70.033159228499457 ], [ 20.833929404452125, 70.050111923622111 ] ] } },
{ "type": "Feature", "properties": { "gml_id": "id91e8ba93-734e-4d77-9f0a-2edfdb1b16ba", "lokalid": "9fe22743-2cbe-4744-902e-cd6966dc5722", "navnerom": "https://data.geonorge.no/sosi/samferdsel/hovedled_og_biled", "versjonId": 20210101, "datauttaksdato": "2026-01-01T23:00:58", "farlednavn": "Harstad - Vågsfjorden", "farlednummer": 1194, "farledtype": "Hovedled" }, "geometry": { "type": "LineString", "coordinates": [ [ 16.594049172283736, 68.821220225305254 ], [ 16.664360244390835, 68.825799553760476 ], [ 16.74155678174397, 68.846754063217844 ], [ 16.764086417479813, 68.852855496131426 ], [ 17.065613161606738, 68.933905125309067 ] ] } },
{ "type": "Feature", "properties": { "gml_id": "id459998ff-daaf-4f9c-bbcc-e9daa0e94113", "lokalid": "08192619-67bc-4abe-a7b9-900d632a6fba", "navnerom": "https://data.geonorge.no/sosi/samferdsel/hovedled_og_biled", "versjonId": 20210101, "datauttaksdato": "2026-01-01T23:00:58", "farlednavn": "Harstad - Sandsøy", "farlednummer": 2827, "farledtype": "Biled" }, "geometry": { "type": "LineString", "coordinates": [ [ 16.612697802966011, 68.831894099397189 ], [ 16.633565323147383, 68.859567151950657 ], [ 16.662832480296096, 68.8982578328432 ], [ 16.78512151632604, 68.956777335630562 ] ] } },
{ "type": "Feature", "properties": { "gml_id": "ida5c2c4e6-b784-44ba-83b8-b1d98d2ce75b", "lokalid": "ec30e13b-981d-4da0-a502-48ba0a575dfc", "navnerom": "https://data.geonorge.no/sosi/samferdsel/hovedled_og_biled", "versjonId": 20210101, "datauttaksdato": "2026-01-01T23:00:58", "farlednavn": "Herjangsfjorden", "farlednummer": 2723, "farledtype": "Biled" }, "geometry": { "type": "LineString", "coordinates": [ [ 17.237148145464367, 68.431686330949788 ], [ 17.550710965457426, 68.531368358274932 ] ] } },
{ "type": "Feature", "properties": { "gml_id": "idbd28c6c2-c2e9-4062-aa2f-3453f341e89a", "lokalid": "fb0bc6fa-05b7-4e0d-8db8-9e7a0bfd7421", "navnerom": "https://data.geonorge.no/sosi/samferdsel/hovedled_og_biled", "versjonId": 20210101, "datauttaksdato": "2026-01-01T23:00:58", "farlednavn": "Sandsøysundet", "farlednummer": 2828, "farledtype": "Biled" }, "geometry": { "type": "LineString", "coordinates": [ [ 16.662832480296096, 68.8982578328432 ], [ 16.651482416486129, 68.929185637188027 ], [ 16.657179832866468, 68.936063441857272 ], [ 16.633949102567101, 68.953535670449909 ], [ 16.634449309253799, 68.958905041282478 ], [ 16.683700874035775, 68.990300930182357 ], [ 16.755654946221572, 69.009671993878911 ] ] } },
{ "type": "Feature", "properties": { "gml_id": "id6144c455-e336-4dc4-8b06-521d2b2c92a2", "lokalid": "a8081a9c-9fee-4efd-8428-a782db4360a6", "navnerom": "https://data.geonorge.no/sosi/samferdsel/hovedled_og_biled", "versjonId": 20210101, "datauttaksdato": "2026-01-01T23:00:58", "farlednavn": "Dyrøysundet", "farlednummer": 2820, "farledtype": "Biled" }, "geometry": { "type": "LineString", "coordinates": [ [ 17.065613161606738, 68.933905125309067 ], [ 17.314081582682288, 68.971671605397219 ], [ 17.421065851768628, 68.987932904265733 ], [ 17.535635203359274, 69.036899536690228 ], [ 17.576100021544558, 69.07645200698488 ], [ 17.620835072451435, 69.120000106698413 ] ] } },
{ "type": "Feature", "properties": { "gml_id": "id9f31003d-5886-41ee-97e2-8f9158eae437", "lokalid": "c41723b0-f64f-40e5-961f-7f96d606296b", "navnerom": "https://data.geonorge.no/sosi/samferdsel/hovedled_og_biled", "versjonId": 20210101, "datauttaksdato": "2026-01-01T23:00:58", "farlednavn": "Stonglandseidet", "farlednummer": 2843, "farledtype": "Biled" }, "geometry": { "type": "LineString", "coordinates": [ [ 17.37339226709128, 69.087205275758919 ], [ 17.221924201840466, 69.085713371245944 ], [ 17.181174460034644, 69.083973077171777 ] ] } },
{ "type": "Feature", "properties": { "gml_id": "ideb95b6eb-439b-46a1-a1d0-90e75b9e0247", "lokalid": "cc2a104a-0b5f-47ea-95ba-c4371f09dd66", "navnerom": "https://data.geonorge.no/sosi/samferdsel/hovedled_og_biled", "versjonId": 20210101, "datauttaksdato": "2026-01-01T23:00:58", "farlednavn": "Mjøsund", "farlednummer": 2815, "farledtype": "Biled" }, "geometry": { "type": "LineString", "coordinates": [ [ 17.541791199288674, 68.872358191387548 ], [ 17.541574177195507, 68.87240152685915 ], [ 17.459907327142382, 68.888677286249006 ], [ 17.314081582682288, 68.971671605397219 ] ] } },
{ "type": "Feature", "properties": { "gml_id": "id6398dd65-4036-4bec-8710-d842719dfb0d", "lokalid": "27409348-4316-43f4-ad17-d3a0df422cf5", "navnerom": "https://data.geonorge.no/sosi/samferdsel/hovedled_og_biled", "versjonId": 20210101, "datauttaksdato": "2026-01-01T23:00:58", "farlednavn": "Lavangen", "farlednummer": 2814, "farledtype": "Biled" }, "geometry": { "type": "LineString", "coordinates": [ [ 17.423583120547168, 68.834758556544116 ], [ 17.537668619465247, 68.811719022906232 ], [ 17.60432412624305, 68.798313520429318 ] ] } },
{ "type": "Feature", "properties": { "gml_id": "idfc603dab-3d37-432d-a2bb-9c6bab7c3070", "lokalid": "b701fde6-b899-4068-aca3-6eb037a5e7c7", "navnerom": "https://data.geonorge.no/sosi/samferdsel/hovedled_og_biled", "versjonId": 20210101, "datauttaksdato": "2026-01-01T23:00:58", "farlednavn": "Vågsfjorden - Gryllefjord", "farlednummer": 2826, "farledtype": "Biled" }, "geometry": { "type": "LineString", "coordinates": [ [ 16.741055162691207, 68.737905636400257 ], [ 16.764086417479813, 68.852855496131426 ], [ 16.78512151632604, 68.956777335630562 ], [ 16.769643501290066, 68.985235338063958 ], [ 16.737738335350574, 69.043663226427768 ], [ 16.729385300533316, 69.058980072528811 ], [ 16.740764859795632, 69.080775589090734 ], [ 16.753298755401488, 69.104782026659223 ], [ 16.774513273456812, 69.120064224363304 ], [ 16.859318603069276, 69.181155015596261 ], [ 16.869546394212204, 69.20027172903842 ], [ 16.864276951962498, 69.224963382158577 ], [ 16.867222818945226, 69.234785428393366 ], [ 16.876354719714584, 69.265232844986727 ], [ 16.876626574401115, 69.274895637519464 ], [ 16.877818552942649, 69.317263385042125 ], [ 16.9609242181292, 69.334102282425562 ], [ 16.965299327811497, 69.336201375361739 ], [ 17.021911598398162, 69.363670188410396 ] ] } },
{ "type": "Feature", "properties": { "gml_id": "id0fb0ea0d-61bc-4f65-a69b-68f8c8d19cb2", "lokalid": "ce7d524e-53a4-4168-a292-2156928d59f7", "navnerom": "https://data.geonorge.no/sosi/samferdsel/hovedled_og_biled", "versjonId": 20210101, "datauttaksdato": "2026-01-01T23:00:58", "farlednavn": "Selfjord", "farlednummer": 2844, "farledtype": "Biled" }, "geometry": { "type": "LineString", "coordinates": [ [ 16.774513273456812, 69.120064224363304 ], [ 16.944427016495812, 69.162991124757397 ], [ 17.040668716340566, 69.187385632432793 ] ] } },
{ "type": "Feature", "properties": { "gml_id": "id37c261b7-190d-451e-9c98-67d43222b7ab", "lokalid": "9aa9b3f7-bb44-484f-9542-9d593ff31812", "navnerom": "https://data.geonorge.no/sosi/samferdsel/hovedled_og_biled", "versjonId": 20210101, "datauttaksdato": "2026-01-01T23:00:58", "farlednavn": "Sifjord", "farlednummer": 2845, "farledtype": "Biled" }, "geometry": { "type": "LineString", "coordinates": [ [ 16.867222818945226, 69.234785428393366 ], [ 16.99851579678187, 69.253955018486494 ], [ 17.070724120849274, 69.257082780002946 ], [ 17.110390709608936, 69.274543959697539 ], [ 17.153982086644842, 69.282765048550573 ], [ 17.164677036595918, 69.286474492247947 ] ] } },
{ "type": "Feature", "properties": { "gml_id": "idd04ebdc9-8a7f-463a-b499-81c96374ac1c", "lokalid": "1bcd415f-e21b-402d-8fb4-4f315a7b7b78", "navnerom": "https://data.geonorge.no/sosi/samferdsel/hovedled_og_biled", "versjonId": 20210101, "datauttaksdato": "2026-01-01T23:00:58", "farlednavn": "Hauglandsosen", "farlednummer": 2247, "farledtype": "Biled" }, "geometry": { "type": "LineString", "coordinates": [ [ 5.107640091669492, 60.429513574711208 ], [ 5.137100800527544, 60.430354398149376 ] ] } },
{ "type": "Feature", "properties": { "gml_id": "idcee94887-599b-47af-bde6-5c5bc68c6f82", "lokalid": "95ca0840-4dd5-4e02-a470-2f762d008c15", "navnerom": "https://data.geonorge.no/sosi/samferdsel/hovedled_og_biled", "versjonId": 20210101, "datauttaksdato": "2026-01-01T23:00:58", "farlednavn": "Leiknes - Kaldfarnes", "farlednummer": 2850, "farledtype": "Biled" }, "geometry": { "type": "LineString", "coordinates": [ [ 16.867222818945226, 69.234785428393366 ], [ 16.946643559047679, 69.264016146618374 ], [ 16.999455775647242, 69.282254770626068 ] ] } },
{ "type": "Feature", "properties": { "gml_id": "idaaccd7c6-0c19-4776-acc4-37d070b7dc39", "lokalid": "ba84f731-211e-49ca-9402-97c467efb45a", "navnerom": "https://data.geonorge.no/sosi/samferdsel/hovedled_og_biled", "versjonId": 20210101, "datauttaksdato": "2026-01-01T23:00:58", "farlednavn": "Grunnfarnes", "farlednummer": 2851, "farledtype": "Biled" }, "geometry": { "type": "LineString", "coordinates": [ [ 16.876626574401115, 69.274895637519464 ], [ 16.976865879940952, 69.295010561537964 ], [ 16.993982414524204, 69.301393958459627 ] ] } },
{ "type": "Feature", "properties": { "gml_id": "id29ee18da-fd2f-4888-837a-aef680c86ebc", "lokalid": "e65b3999-6963-4043-a06f-163124985c5a", "navnerom": "https://data.geonorge.no/sosi/samferdsel/hovedled_og_biled", "versjonId": 20210101, "datauttaksdato": "2026-01-01T23:00:58", "farlednavn": "Torskenfjord", "farlednummer": 2852, "farledtype": "Biled" }, "geometry": { "type": "LineString", "coordinates": [ [ 16.965299327811497, 69.336201375361739 ], [ 17.018210328181016, 69.33434672145637 ], [ 17.095685319113674, 69.333982762459229 ], [ 17.111424100113837, 69.336580022635516 ], [ 17.121881854569573, 69.339192337504628 ] ] } },
{ "type": "Feature", "properties": { "gml_id": "id6a7117d9-d6be-4857-8338-453d65977da7", "lokalid": "90631b98-d9d8-4ac9-9dad-ab69a5e4a117", "navnerom": "https://data.geonorge.no/sosi/samferdsel/hovedled_og_biled", "versjonId": 20210101, "datauttaksdato": "2026-01-01T23:00:58", "farlednavn": "Reisafjord", "farlednummer": 2855, "farledtype": "Biled" }, "geometry": { "type": "LineString", "coordinates": [ [ 17.968685236904459, 69.167490888449677 ], [ 18.130884976388291, 69.146351581467727 ] ] } },
{ "type": "Feature", "properties": { "gml_id": "idf422d61b-6b4a-4144-a092-7dc0a6713370", "lokalid": "2e394135-46b2-4eb6-b828-b46eb0459ff8", "navnerom": "https://data.geonorge.no/sosi/samferdsel/hovedled_og_biled", "versjonId": 20210101, "datauttaksdato": "2026-01-01T23:00:58", "farlednavn": "Helgøyfjorden", "farlednummer": 2906, "farledtype": "Biled" }, "geometry": { "type": "LineString", "coordinates": [ [ 19.663856804464348, 70.044779655488597 ], [ 19.48855480715098, 70.073800747442334 ], [ 19.353976401803902, 70.096527086589361 ], [ 19.343140393516872, 70.096986767292549 ], [ 19.194293532636177, 70.10330108766334 ] ] } },
{ "type": "Feature", "properties": { "gml_id": "ida36583f5-e85e-41bf-9300-ca2c2cb70c66", "lokalid": "80d26a4d-f819-4c97-af57-860d72f69a94", "navnerom": "https://data.geonorge.no/sosi/samferdsel/hovedled_og_biled", "versjonId": 20210101, "datauttaksdato": "2026-01-01T23:00:58", "farlednavn": "Bergsfjorden", "farlednummer": 2931, "farledtype": "Biled" }, "geometry": { "type": "LineString", "coordinates": [ [ 21.596999279970039, 70.366299300016649 ], [ 21.661594866316335, 70.275693033920447 ], [ 21.689439854434539, 70.256954852913012 ], [ 21.749387254938508, 70.263921470075246 ], [ 21.960734323075531, 70.355265913903011 ] ] } },
{ "type": "Feature", "properties": { "gml_id": "id806bc610-3403-4df4-9f31-491ff4057e66", "lokalid": "9306c022-34ba-415f-85ae-47ff18f6e117", "navnerom": "https://data.geonorge.no/sosi/samferdsel/hovedled_og_biled", "versjonId": 20210101, "datauttaksdato": "2026-01-01T23:00:58", "farlednavn": "Mallangen - Rystraumen", "farlednummer": 1586, "farledtype": "Hovedled" }, "geometry": { "type": "LineString", "coordinates": [ [ 18.118043656718939, 69.458070458466182 ], [ 18.15146847599177, 69.473391060127327 ], [ 18.233301721578737, 69.489002153000769 ], [ 18.343757736701313, 69.504805246297053 ], [ 18.598523828248531, 69.541254978970429 ], [ 18.699693336648313, 69.553543909416007 ], [ 18.757162759832728, 69.557957725153216 ], [ 18.777262180172961, 69.56299047846133 ], [ 18.799851617288379, 69.568641100386316 ], [ 18.862253645143412, 69.594279396041969 ] ] } },
{ "type": "Feature", "properties": { "gml_id": "id5912e0c9-e107-44d6-951b-dc7cc7cbe1c9", "lokalid": "19407ad8-1f72-43b2-b428-1927724b39a8", "navnerom": "https://data.geonorge.no/sosi/samferdsel/hovedled_og_biled", "versjonId": 20210101, "datauttaksdato": "2026-01-01T23:00:58", "farlednavn": "Nordfjord", "farlednummer": 2880, "farledtype": "Biled" }, "geometry": { "type": "LineString", "coordinates": [ [ 18.343757736701313, 69.504805246297053 ], [ 18.45416783913894, 69.40934973673204 ], [ 18.706211834263488, 69.336386940287539 ], [ 18.827032895153515, 69.327593774774599 ], [ 18.871355936912831, 69.32917178542813 ], [ 18.905724834343708, 69.324230967945283 ], [ 18.921356966987595, 69.326284187942022 ], [ 18.935910985872987, 69.324866437364591 ] ] } },
{ "type": "Feature", "properties": { "gml_id": "id34f010a8-9221-4eae-bbda-630996353cd2", "lokalid": "f7086e34-8c0e-48e0-9bc0-b9e3f4e01c7b", "navnerom": "https://data.geonorge.no/sosi/samferdsel/hovedled_og_biled", "versjonId": 20210101, "datauttaksdato": "2026-01-01T23:00:58", "farlednavn": "Kårvikhamn", "farlednummer": 2875, "farledtype": "Biled" }, "geometry": { "type": "LineString", "coordinates": [ [ 18.096657157336036, 69.391216133815547 ], [ 18.131754568031052, 69.393813329361606 ], [ 18.161657352207001, 69.396049479908683 ] ] } },
{ "type": "Feature", "properties": { "gml_id": "id67ce089e-c822-466b-90a2-78dc066d93ff", "lokalid": "38f5b028-eddc-405b-b6db-5faaffffa60d", "navnerom": "https://data.geonorge.no/sosi/samferdsel/hovedled_og_biled", "versjonId": 20210101, "datauttaksdato": "2026-01-01T23:00:58", "farlednavn": "Malangen - Stønnesbotn", "farlednummer": 2874, "farledtype": "Biled" }, "geometry": { "type": "LineString", "coordinates": [ [ 17.937677478865627, 69.575494079597405 ], [ 17.93984338047024, 69.526632727058768 ], [ 17.925446350571651, 69.512866116059854 ], [ 17.908626801224266, 69.510388297378626 ], [ 17.907810160662716, 69.510267935696248 ] ] } },
{ "type": "Feature", "properties": { "gml_id": "ide0e520f4-e127-44e6-be56-7e8cd6e91569", "lokalid": "36ee9ee7-182f-4cd0-a242-56287500450c", "navnerom": "https://data.geonorge.no/sosi/samferdsel/hovedled_og_biled", "versjonId": 20210101, "datauttaksdato": "2026-01-01T23:00:58", "farlednavn": "Ytre Senja", "farlednummer": 2872, "farledtype": "Biled" }, "geometry": { "type": "LineString", "coordinates": [ [ 17.825523863530098, 69.632809217624086 ], [ 17.764062520791288, 69.665384058651924 ], [ 17.523171280488633, 69.665338275559037 ], [ 17.499157508577472, 69.616289237125599 ] ] } },
{ "type": "Feature", "properties": { "gml_id": "iddbcc105a-43eb-4f2c-a3c8-b4dd07ea37e6", "lokalid": "7bc6aa87-b1a3-4f07-a8a3-3406e7d56c89", "navnerom": "https://data.geonorge.no/sosi/samferdsel/hovedled_og_biled", "versjonId": 20210101, "datauttaksdato": "2026-01-01T23:00:58", "farlednavn": "Hekkingsundet", "farlednummer": 2870, "farledtype": "Biled" }, "geometry": { "type": "LineString", "coordinates": [ [ 17.499157508577472, 69.616289237125599 ], [ 17.726272618308684, 69.59876014369182 ], [ 17.829571158769355, 69.591968872383248 ], [ 17.839374087624744, 69.590760541353959 ], [ 17.847526732472499, 69.589799372275081 ], [ 17.855776783185501, 69.588607857144638 ], [ 17.859971343680119, 69.589132711774354 ], [ 17.906759465987655, 69.591556038606981 ] ] } },
{ "type": "Feature", "properties": { "gml_id": "id4b26b38e-5494-4173-8c19-8008112ec9e0", "lokalid": "18ec4e7b-0978-46b3-b7c0-87413fdef7cd", "navnerom": "https://data.geonorge.no/sosi/samferdsel/hovedled_og_biled", "versjonId": 20210101, "datauttaksdato": "2026-01-01T23:00:58", "farlednavn": "Straumholet", "farlednummer": 2871, "farledtype": "Biled" }, "geometry": { "type": "LineString", "coordinates": [ [ 17.726272618308684, 69.59876014369182 ], [ 17.804707472879016, 69.588938271069239 ], [ 17.856284970139928, 69.584815230473296 ], [ 17.863523851670479, 69.586512373773616 ], [ 17.912377255904119, 69.58863758725397 ] ] } },
{ "type": "Feature", "properties": { "gml_id": "id947691d3-e746-4b56-b7c6-d77234edbe21", "lokalid": "59b3c97c-3fe9-4d3c-9575-83e2fb488a95", "navnerom": "https://data.geonorge.no/sosi/samferdsel/hovedled_og_biled", "versjonId": 20210101, "datauttaksdato": "2026-01-01T23:00:58", "farlednavn": "Øyfjorden", "farlednummer": 2865, "farledtype": "Biled" }, "geometry": { "type": "LineString", "coordinates": [ [ 17.499157508577472, 69.616289237125599 ], [ 17.533242839860915, 69.609267301596077 ], [ 17.637199192786074, 69.544293920232818 ], [ 17.641449428707705, 69.529266126826144 ], [ 17.644501929119269, 69.518460520547038 ], [ 17.638322745186507, 69.505244494173297 ] ] } },
{ "type": "Feature", "properties": { "gml_id": "id6e1eea48-118c-47af-8643-cc88dfd10c3b", "lokalid": "1b99eab1-3511-40ab-a14f-efdc8f321e91", "navnerom": "https://data.geonorge.no/sosi/samferdsel/hovedled_og_biled", "versjonId": 20210101, "datauttaksdato": "2026-01-01T23:00:58", "farlednavn": "Hamn", "farlednummer": 2860, "farledtype": "Biled" }, "geometry": { "type": "LineString", "coordinates": [ [ 16.850498270458534, 69.351904730248535 ], [ 16.850506946239936, 69.352127341749465 ], [ 16.851552125260014, 69.37890777421822 ], [ 16.932307448734921, 69.411877251381711 ], [ 17.132950103678287, 69.414911735230817 ], [ 17.136179623249024, 69.414960577696178 ], [ 17.145011208751956, 69.415583640358889 ], [ 17.15931248523399, 69.414897684028276 ], [ 17.166451541823292, 69.416457657181539 ] ] } },
{ "type": "Feature", "properties": { "gml_id": "idfb143154-f905-474d-9f59-4bcd61f43f61", "lokalid": "fe3f5c7d-6425-419c-9c1e-a66f072c7233", "navnerom": "https://data.geonorge.no/sosi/samferdsel/hovedled_og_biled", "versjonId": 20210101, "datauttaksdato": "2026-01-01T23:00:58", "farlednavn": "Hekkingen - Håja-Tromvik", "farlednummer": 2890, "farledtype": "Biled" }, "geometry": { "type": "LineString", "coordinates": [ [ 17.825523863530098, 69.632809217624086 ], [ 17.817254579263, 69.73128264058127 ], [ 17.965054159096745, 69.741419942007965 ], [ 18.126945686481623, 69.752523783444204 ], [ 18.155465699228635, 69.754479919345542 ], [ 18.2672579719111, 69.782989001214077 ], [ 18.35693721735959, 69.804299095310427 ], [ 18.402432183508694, 69.804202122400184 ], [ 18.420203998197056, 69.787892005629317 ], [ 18.401685421705558, 69.777678507990828 ] ] } },
{ "type": "Feature", "properties": { "gml_id": "id825d6b48-32b1-46d9-b074-e32fd60a045d", "lokalid": "10444a1c-efe1-4fee-a04c-154fc80cd021", "navnerom": "https://data.geonorge.no/sosi/samferdsel/hovedled_og_biled", "versjonId": 20210101, "datauttaksdato": "2026-01-01T23:00:58", "farlednavn": "Håjafjord - Angstaursund Syd", "farlednummer": 2891, "farledtype": "Biled" }, "geometry": { "type": "LineString", "coordinates": [ [ 17.965054159096745, 69.741419942007965 ], [ 18.113457247514404, 69.692057729737826 ], [ 18.180126821934067, 69.669535500162112 ], [ 18.190734572003656, 69.647369950933481 ], [ 18.192137753969362, 69.638017177437121 ], [ 18.176335117782099, 69.629741059748994 ] ] } },
{ "type": "Feature", "properties": { "gml_id": "idc7ea1b70-1c80-4efa-9824-b537008f7b3e", "lokalid": "9114a402-a2d3-44ee-8ee2-1af3af406c5c", "navnerom": "https://data.geonorge.no/sosi/samferdsel/hovedled_og_biled", "versjonId": 20210101, "datauttaksdato": "2026-01-01T23:00:58", "farlednavn": "Angstaursundet", "farlednummer": 2892, "farledtype": "Biled" }, "geometry": { "type": "LineString", "coordinates": [ [ 18.126945686481623, 69.752523783444204 ], [ 18.173240549807495, 69.699185463896555 ], [ 18.198228296352173, 69.677014633282326 ], [ 18.20023501540232, 69.637349395512985 ], [ 18.176335117782099, 69.629741059748994 ] ] } },
{ "type": "Feature", "properties": { "gml_id": "idc2b49971-8b18-445f-8d4e-8d6829f1e902", "lokalid": "cf3cc96d-7c44-4b46-9803-e0e25dbfdf11", "navnerom": "https://data.geonorge.no/sosi/samferdsel/hovedled_og_biled", "versjonId": 20210101, "datauttaksdato": "2026-01-01T23:00:58", "farlednavn": "Ersfjord", "farlednummer": 2893, "farledtype": "Biled" }, "geometry": { "type": "LineString", "coordinates": [ [ 18.126945686481623, 69.752523783444204 ], [ 18.15939348074054, 69.735768842237619 ], [ 18.216304658192662, 69.712849412125024 ], [ 18.243860101168835, 69.706274357620231 ], [ 18.311688788274974, 69.706547461340875 ], [ 18.417035057403851, 69.706971625241479 ], [ 18.615179895099818, 69.694965261424585 ], [ 18.615829882059458, 69.694925486818846 ] ] } },
{ "type": "Feature", "properties": { "gml_id": "id1816088c-1054-4173-af61-c75aff819142", "lokalid": "19d6727f-4cb3-4d74-99fc-f4e7c5b79a11", "navnerom": "https://data.geonorge.no/sosi/samferdsel/hovedled_og_biled", "versjonId": 20210101, "datauttaksdato": "2026-01-01T23:00:58", "farlednavn": "Sessøyfjord", "farlednummer": 2894, "farledtype": "Biled" }, "geometry": { "type": "LineString", "coordinates": [ [ 18.2672579719111, 69.782989001214077 ], [ 18.293635109232273, 69.737641030343681 ], [ 18.311688788274974, 69.706547461340875 ] ] } },
{ "type": "Feature", "properties": { "gml_id": "id0f287131-a513-44aa-aa52-e13b7ad42635", "lokalid": "12229392-be99-4116-b780-2c8fa6bbd8a7", "navnerom": "https://data.geonorge.no/sosi/samferdsel/hovedled_og_biled", "versjonId": 20210101, "datauttaksdato": "2026-01-01T23:00:58", "farlednavn": "Vågsøysund", "farlednummer": 2898, "farledtype": "Biled" }, "geometry": { "type": "LineString", "coordinates": [ [ 18.602353902703804, 69.819150140622639 ], [ 18.60238851985255, 69.819252853312491 ], [ 18.604512447582316, 69.825552947675817 ], [ 18.600578837027989, 69.827319740360053 ], [ 18.602615408735858, 69.834982722255575 ], [ 18.595774778104829, 69.840923421072389 ], [ 18.630762741051242, 69.863410483204206 ] ] } },
{ "type": "Feature", "properties": { "gml_id": "id3ec9daec-66d2-48ca-90fa-bb9016a481cc", "lokalid": "16386d5f-9e53-47c0-9227-b827dddc1cab", "navnerom": "https://data.geonorge.no/sosi/samferdsel/hovedled_og_biled", "versjonId": 20210101, "datauttaksdato": "2026-01-01T23:00:58", "farlednavn": "Røsholmdjupet - Skagøysund - Råsa", "farlednummer": 2899, "farledtype": "Biled" }, "geometry": { "type": "LineString", "coordinates": [ [ 18.659306497970547, 69.91880835707579 ], [ 18.659214279997887, 69.918627838653649 ], [ 18.631142432292904, 69.863526588351917 ], [ 18.649704851064531, 69.826339805985896 ], [ 18.652281538173479, 69.82116751748967 ], [ 18.631991193677106, 69.820420899523214 ], [ 18.602732632610884, 69.819266309824044 ], [ 18.60238851985255, 69.819252853312491 ], [ 18.479182543417689, 69.814390824474984 ], [ 18.246372820251732, 69.815149634979818 ], [ 18.114683267085571, 69.811708228207976 ], [ 17.925229269278805, 69.795058641831275 ], [ 17.817254579263, 69.73128264058127 ] ] } },
{ "type": "Feature", "properties": { "gml_id": "ide8c693bc-e83f-4076-81a0-ab2fefe737de", "lokalid": "5b3d1d18-5bb8-4c40-b560-4b5789a3cea3", "navnerom": "https://data.geonorge.no/sosi/samferdsel/hovedled_og_biled", "versjonId": 20210101, "datauttaksdato": "2026-01-01T23:00:58", "farlednavn": "Sandnessundet", "farlednummer": 1588, "farledtype": "Hovedled" }, "geometry": { "type": "LineString", "coordinates": [ [ 18.862253645143412, 69.594279396041969 ], [ 18.880595966609746, 69.644782688140225 ], [ 18.871437760767357, 69.655657738003001 ], [ 18.85479897519102, 69.670818865157301 ], [ 18.877088125047251, 69.680655023240107 ], [ 18.90481554178821, 69.692891076849136 ], [ 18.989082227038992, 69.719927104275854 ], [ 19.083015375566625, 69.760910515752784 ] ] } },
{ "type": "Feature", "properties": { "gml_id": "id6e29f3ce-ca79-475e-999c-e0772d815946", "lokalid": "351f776c-9ad7-4b0b-8449-e9ef7f4e312f", "navnerom": "https://data.geonorge.no/sosi/samferdsel/hovedled_og_biled", "versjonId": 20210101, "datauttaksdato": "2026-01-01T23:00:58", "farlednavn": "Tromsøysundet", "farlednummer": 1591, "farledtype": "Hovedled" }, "geometry": { "type": "LineString", "coordinates": [ [ 18.862253645143412, 69.594279396041969 ], [ 18.969740391465415, 69.646754924127038 ], [ 18.975937803170254, 69.649346606888187 ], [ 18.981446053020338, 69.652535457545682 ], [ 19.011453068174799, 69.674186239145186 ], [ 19.028032214403389, 69.686127150444179 ], [ 19.083015375566625, 69.760910515752784 ] ] } },
{ "type": "Feature", "properties": { "gml_id": "id12073dda-0f3c-4596-a04a-7048ebfde830", "lokalid": "8949eda7-ea4b-4d81-8a54-32cd0f7e00a2", "navnerom": "https://data.geonorge.no/sosi/samferdsel/hovedled_og_biled", "versjonId": 20210101, "datauttaksdato": "2026-01-01T23:00:58", "farlednavn": "Balsfjorden", "farlednummer": 2885, "farledtype": "Biled" }, "geometry": { "type": "LineString", "coordinates": [ [ 18.862253645143412, 69.594279396041969 ], [ 18.91522938062726, 69.521143872433697 ], [ 18.951173847292399, 69.483779987349578 ], [ 18.951213450567657, 69.44908568302408 ], [ 19.015901419887211, 69.428498280649848 ], [ 19.051918617532635, 69.375418718824676 ], [ 19.318684808015654, 69.349314164951508 ], [ 19.376902188774583, 69.313410373275332 ], [ 19.355189400511755, 69.2391897506145 ] ] } },
{ "type": "Feature", "properties": { "gml_id": "id775d9195-2552-45dd-bb10-1448705a6aaa", "lokalid": "25186de5-6c9c-4a01-b39a-d69e666bc316", "navnerom": "https://data.geonorge.no/sosi/samferdsel/hovedled_og_biled", "versjonId": 20210101, "datauttaksdato": "2026-01-01T23:00:58", "farlednavn": "Ramfjorden", "farlednummer": 2886, "farledtype": "Biled" }, "geometry": { "type": "LineString", "coordinates": [ [ 18.91522938062726, 69.521143872433697 ], [ 19.01604891414803, 69.525474383239782 ], [ 19.061239327382022, 69.548939261950267 ] ] } },
{ "type": "Feature", "properties": { "gml_id": "id4b3aa8a1-7991-49a8-9131-69ea86986728", "lokalid": "b4925af1-0a7f-43ad-a71a-6b6f5ecdae66", "navnerom": "https://data.geonorge.no/sosi/samferdsel/hovedled_og_biled", "versjonId": 20210101, "datauttaksdato": "2026-01-01T23:00:58", "farlednavn": "Nordbotn", "farlednummer": 2887, "farledtype": "Biled" }, "geometry": { "type": "LineString", "coordinates": [ [ 18.877088125047251, 69.680655023240107 ], [ 18.760071015454294, 69.671263307050296 ], [ 18.75486913914251, 69.671837920467013 ] ] } },
{ "type": "Feature", "properties": { "gml_id": "id7f0b6caf-31f2-4e40-b997-b66be628a530", "lokalid": "0f6f25dd-5d82-40ed-9f48-b8640bf2638b", "navnerom": "https://data.geonorge.no/sosi/samferdsel/hovedled_og_biled", "versjonId": 20210101, "datauttaksdato": "2026-01-01T23:00:58", "farlednavn": "Kvalsundet", "farlednummer": 2897, "farledtype": "Biled" }, "geometry": { "type": "LineString", "coordinates": [ [ 19.083015375566625, 69.760910515752784 ], [ 19.013772103048598, 69.814701796853726 ], [ 18.970550307724544, 69.834548446248846 ], [ 18.876204664151629, 69.866705477619689 ], [ 18.848432103993282, 69.876171553692203 ], [ 18.659214279997887, 69.918627838653649 ], [ 18.658925646185413, 69.918692316960758 ] ] } },
{ "type": "Feature", "properties": { "gml_id": "id0bb9ddd8-ee0c-4397-90a6-26179b09ba5d", "lokalid": "68bb0bd2-2bdf-412c-9502-46ddc935fd29", "navnerom": "https://data.geonorge.no/sosi/samferdsel/hovedled_og_biled", "versjonId": 20210101, "datauttaksdato": "2026-01-01T23:00:58", "farlednavn": "Kvaløyvågen", "farlednummer": 2896, "farledtype": "Biled" }, "geometry": { "type": "LineString", "coordinates": [ [ 18.876204664151629, 69.866705477619689 ], [ 18.811501550545639, 69.846232675129642 ] ] } },
{ "type": "Feature", "properties": { "gml_id": "idd36b778d-2a00-4a5c-b040-e7037ce0bf11", "lokalid": "885da85b-8771-412f-a6be-c231472bdb9c", "navnerom": "https://data.geonorge.no/sosi/samferdsel/hovedled_og_biled", "versjonId": 20210101, "datauttaksdato": "2026-01-01T23:00:58", "farlednavn": "Strynebukta", "farlednummer": 2354, "farledtype": "Biled" }, "geometry": { "type": "LineString", "coordinates": [ [ 6.678771674596616, 61.877408333914779 ], [ 6.678787086958692, 61.877420429012957 ], [ 6.702461675423757, 61.895986673828915 ] ] } },
{ "type": "Feature", "properties": { "gml_id": "idfb68a53e-7f15-4acf-8cb9-eb20612bf686", "lokalid": "1c9fbbea-3c5e-4d2e-a15d-139362c7aa5d", "navnerom": "https://data.geonorge.no/sosi/samferdsel/hovedled_og_biled", "versjonId": 20210101, "datauttaksdato": "2026-01-01T23:00:58", "farlednavn": "Skarsfjord", "farlednummer": 2902, "farledtype": "Biled" }, "geometry": { "type": "LineString", "coordinates": [ [ 18.751497276550882, 69.989256561951336 ], [ 18.837565377518924, 69.962004882070275 ], [ 18.847723882133508, 69.962129868910964 ], [ 18.858823873724916, 69.964093759692489 ], [ 18.863127837767294, 69.965707647254817 ] ] } },
{ "type": "Feature", "properties": { "gml_id": "id3259312d-bf08-47ea-867c-24fa195cbd11", "lokalid": "0630845d-accb-4219-95a9-fd085f5b3ba4", "navnerom": "https://data.geonorge.no/sosi/samferdsel/hovedled_og_biled", "versjonId": 20210101, "datauttaksdato": "2026-01-01T23:00:58", "farlednavn": "Nord om Skolten", "farlednummer": 2163, "farledtype": "Biled" }, "geometry": { "type": "LineString", "coordinates": [ [ 5.193951182901253, 59.446114309409836 ], [ 5.225686923081758, 59.452061267057438 ] ] } },
{ "type": "Feature", "properties": { "gml_id": "id6463f3ae-11c5-453f-9054-8142ac89ec26", "lokalid": "537832b7-8517-474f-ada5-ad83096d9c55", "navnerom": "https://data.geonorge.no/sosi/samferdsel/hovedled_og_biled", "versjonId": 20210101, "datauttaksdato": "2026-01-01T23:00:58", "farlednavn": "Røsholmdjupet - Skagøysund - Råsa", "farlednummer": 2899, "farledtype": "Biled" }, "geometry": { "type": "LineString", "coordinates": [ [ 18.658925646185413, 69.918692316960758 ], [ 18.700971012504006, 69.955293749570515 ], [ 18.751497276550882, 69.989256561951336 ], [ 18.782401641992902, 70.010029901016694 ], [ 18.839271169641037, 70.027482674996079 ], [ 18.946468157402954, 70.0464160253606 ], [ 19.03797943985337, 70.08249098886813 ], [ 19.11644056486579, 70.091490962440332 ], [ 19.194293532636177, 70.10330108766334 ], [ 19.457847376205837, 70.231597525246826 ] ] } },
{ "type": "Feature", "properties": { "gml_id": "id9f868f49-92da-46f4-a499-8558c675aa83", "lokalid": "5ad0f802-4f38-4746-be0d-d7de52766dd2", "navnerom": "https://data.geonorge.no/sosi/samferdsel/hovedled_og_biled", "versjonId": 20210101, "datauttaksdato": "2026-01-01T23:00:58", "farlednavn": "Ulsfjorden", "farlednummer": 2903, "farledtype": "Biled" }, "geometry": { "type": "LineString", "coordinates": [ [ 19.77720243794116, 69.859602845570109 ], [ 19.747243040003752, 69.682371657647906 ], [ 19.763971894806932, 69.66477230864821 ], [ 19.806243314916426, 69.620166014122049 ], [ 19.902943023472538, 69.600518902521841 ] ] } },
{ "type": "Feature", "properties": { "gml_id": "id7e499dca-2ccd-4bf5-974d-aef9dd887072", "lokalid": "067fae5b-6c0c-4368-8a32-aeba0f134992", "navnerom": "https://data.geonorge.no/sosi/samferdsel/hovedled_og_biled", "versjonId": 20210101, "datauttaksdato": "2026-01-01T23:00:58", "farlednavn": "Lyngenfjorden", "farlednummer": 2913, "farledtype": "Biled" }, "geometry": { "type": "LineString", "coordinates": [ [ 20.394098343952599, 69.999393236258413 ], [ 20.430467975497834, 69.931432390527064 ], [ 20.450301274874452, 69.894371589157544 ], [ 20.406918846310695, 69.788367107801236 ], [ 20.39630403471709, 69.762429938842317 ], [ 20.397930690157434, 69.756008418180443 ], [ 20.418173414190395, 69.676096597343431 ], [ 20.349030750997343, 69.573776834745175 ], [ 20.329926411757594, 69.545321687348263 ], [ 20.240501411768516, 69.408268480301558 ], [ 20.26207199872891, 69.396813742143493 ], [ 20.265903569835924, 69.395954692771397 ] ] } },
{ "type": "Feature", "properties": { "gml_id": "id31b3d288-26d7-4724-b58d-6d0ead4d44dc", "lokalid": "68c1a482-924d-4fd4-8c83-f66f5aebcc54", "navnerom": "https://data.geonorge.no/sosi/samferdsel/hovedled_og_biled", "versjonId": 20210101, "datauttaksdato": "2026-01-01T23:00:58", "farlednavn": "Olderdalen", "farlednummer": 2916, "farledtype": "Biled" }, "geometry": { "type": "LineString", "coordinates": [ [ 20.370541655638906, 69.605510189827541 ], [ 20.524028941987453, 69.604777187422286 ] ] } },
{ "type": "Feature", "properties": { "gml_id": "id3aab5090-53c9-42ed-b134-009a3b0dd305", "lokalid": "39233a85-4f55-44ce-8503-159b3ca89a8a", "navnerom": "https://data.geonorge.no/sosi/samferdsel/hovedled_og_biled", "versjonId": 20210101, "datauttaksdato": "2026-01-01T23:00:58", "farlednavn": "Kaafjord", "farlednummer": 2915, "farledtype": "Biled" }, "geometry": { "type": "LineString", "coordinates": [ [ 20.45467461324289, 69.605108400038944 ], [ 20.506170708461116, 69.585877209821049 ], [ 20.548948421888259, 69.569949392889995 ], [ 20.541961982954419, 69.548507940994398 ] ] } },
{ "type": "Feature", "properties": { "gml_id": "ida26380d1-8436-4922-8147-35294f56ffc2", "lokalid": "41693553-6f6a-41b8-b65b-01663fedcb36", "navnerom": "https://data.geonorge.no/sosi/samferdsel/hovedled_og_biled", "versjonId": 20210101, "datauttaksdato": "2026-01-01T23:00:58", "farlednavn": "Grøtsundet - Kvænangen", "farlednummer": 1593, "farledtype": "Hovedled" }, "geometry": { "type": "LineString", "coordinates": [ [ 19.083015375566625, 69.760910515752784 ], [ 19.260196962429848, 69.784841982709423 ], [ 19.739620803419474, 69.849596543456954 ], [ 19.77720243794116, 69.859602845570109 ], [ 20.003908368860195, 69.919964453730358 ], [ 20.193181273433805, 69.970359328138258 ], [ 20.235104105268743, 69.981521495882745 ], [ 20.352801325987837, 69.994593772388896 ], [ 20.394098343952599, 69.999393236258413 ], [ 20.659538976757354, 70.030002646613994 ], [ 20.660005858939623, 70.030056056110567 ], [ 20.833929404452125, 70.050111923622111 ], [ 20.834050706637051, 70.050125838875275 ], [ 20.876169431213086, 70.055533741611427 ], [ 20.973308622633859, 70.098463130905714 ], [ 20.984315649995455, 70.106917581928286 ], [ 21.003353648098646, 70.12154058927139 ], [ 21.121121812871312, 70.228253919013383 ] ] } },
{ "type": "Feature", "properties": { "gml_id": "ida1029501-8128-4cbf-850d-4da2683c599f", "lokalid": "be4e1c81-8feb-45fc-b121-5c3cd1891b17", "navnerom": "https://data.geonorge.no/sosi/samferdsel/hovedled_og_biled", "versjonId": 20210101, "datauttaksdato": "2026-01-01T23:00:58", "farlednavn": "Kjølnangen", "farlednummer": 2919, "farledtype": "Biled" }, "geometry": { "type": "LineString", "coordinates": [ [ 20.743854492395577, 69.926935177501051 ], [ 20.695648595835046, 69.986502118322463 ], [ 20.660005858939623, 70.030056056110567 ] ] } },
{ "type": "Feature", "properties": { "gml_id": "id0ca18983-8e14-4c58-bd6d-619db7784457", "lokalid": "d6f01c7a-ba9b-4dc5-a4a3-25b3b38c7e77", "navnerom": "https://data.geonorge.no/sosi/samferdsel/hovedled_og_biled", "versjonId": 20210101, "datauttaksdato": "2026-01-01T23:00:58", "farlednavn": "Vorterøysund", "farlednummer": 2918, "farledtype": "Biled" }, "geometry": { "type": "LineString", "coordinates": [ [ 20.430467975497834, 69.931432390527064 ], [ 20.681367880799446, 69.93104379109505 ], [ 20.743854492395577, 69.926935177501051 ], [ 20.84203337076606, 69.915801009812597 ], [ 20.842070022566954, 69.91579684094647 ] ] } },
{ "type": "Feature", "properties": { "gml_id": "idcf75903e-b0c6-419b-8559-5cd41592c0f3", "lokalid": "49a57bcf-9dc0-49ad-a9f5-7cd361cef440", "navnerom": "https://data.geonorge.no/sosi/samferdsel/hovedled_og_biled", "versjonId": 20210101, "datauttaksdato": "2026-01-01T23:00:58", "farlednavn": "Sørlenangen", "farlednummer": 2904, "farledtype": "Biled" }, "geometry": { "type": "LineString", "coordinates": [ [ 20.003908368860195, 69.919964453730358 ], [ 20.013210021858377, 69.83420428358032 ], [ 19.999106779875962, 69.812350086983429 ], [ 19.994662903055229, 69.812147961068774 ] ] } },
{ "type": "Feature", "properties": { "gml_id": "id56aade3e-1e92-463f-8e6f-d31c90467558", "lokalid": "2a6b4e5b-f217-47db-929f-802779859a72", "navnerom": "https://data.geonorge.no/sosi/samferdsel/hovedled_og_biled", "versjonId": 20210101, "datauttaksdato": "2026-01-01T23:00:58", "farlednavn": "Mefjorden - Senjahopen", "farlednummer": 2864, "farledtype": "Biled" }, "geometry": { "type": "LineString", "coordinates": [ [ 17.363325483396089, 69.57062177376956 ], [ 17.472998955625556, 69.528845435513674 ], [ 17.508950408918469, 69.515100523535665 ], [ 17.509061886068054, 69.515057865644465 ], [ 17.496050428829893, 69.498220435153996 ], [ 17.494920328242259, 69.496129022654259 ] ] } },
{ "type": "Feature", "properties": { "gml_id": "id0303ec69-df87-420b-b3af-706e12b2e0bc", "lokalid": "289b0718-a98d-4e5f-a7a0-aba50b1e4a18", "navnerom": "https://data.geonorge.no/sosi/samferdsel/hovedled_og_biled", "versjonId": 20210101, "datauttaksdato": "2026-01-01T23:00:58", "farlednavn": "Vannavalen", "farlednummer": 2911, "farledtype": "Biled" }, "geometry": { "type": "LineString", "coordinates": [ [ 20.31678869086425, 70.146174672011739 ], [ 20.316559438587916, 70.146161214191167 ], [ 20.124233548137731, 70.134761283051532 ], [ 20.047905444027087, 70.130176088779919 ], [ 19.995941449585214, 70.126908935255059 ], [ 19.986145912738294, 70.126271556220857 ], [ 19.98077048033689, 70.125970710080168 ], [ 19.9791593974821, 70.12840872439628 ] ] } },
{ "type": "Feature", "properties": { "gml_id": "id4e3b4e0e-37d8-4377-911a-d10765345f51", "lokalid": "d0f0c405-8645-4b58-b1d5-0458f9a8f07c", "navnerom": "https://data.geonorge.no/sosi/samferdsel/hovedled_og_biled", "versjonId": 20210101, "datauttaksdato": "2026-01-01T23:00:58", "farlednavn": "Hidrasundet", "farlednummer": 2105, "farledtype": "Biled" }, "geometry": { "type": "LineString", "coordinates": [ [ 6.236169563779197, 58.217878230802128 ], [ 6.240943409516467, 58.21845608311444 ] ] } },
{ "type": "Feature", "properties": { "gml_id": "id29def520-6c53-4703-92a5-855848a80d16", "lokalid": "d332a624-fa2d-4cdb-a946-0f018a3e997b", "navnerom": "https://data.geonorge.no/sosi/samferdsel/hovedled_og_biled", "versjonId": 20210101, "datauttaksdato": "2026-01-01T23:00:58", "farlednavn": "Kristoffervalen", "farlednummer": 2912, "farledtype": "Biled" }, "geometry": { "type": "LineString", "coordinates": [ [ 20.047905444027087, 70.130176088779919 ], [ 20.004943362399565, 70.130280463412262 ], [ 20.000554202442721, 70.130538470738216 ], [ 19.999365493522703, 70.130678090706127 ] ] } },
{ "type": "Feature", "properties": { "gml_id": "ida63afc0b-bd56-4e31-b72b-91e56fbcc057", "lokalid": "59764329-4880-4427-a43a-0b9210380ed3", "navnerom": "https://data.geonorge.no/sosi/samferdsel/hovedled_og_biled", "versjonId": 20210101, "datauttaksdato": "2026-01-01T23:00:58", "farlednavn": "Torsvåg", "farlednummer": 2900, "farledtype": "Biled" }, "geometry": { "type": "LineString", "coordinates": [ [ 19.457807132913807, 70.231650493939767 ], [ 19.485879279237121, 70.2352104129656 ], [ 19.492254356698492, 70.236577082303896 ], [ 19.500154169972234, 70.239468739647563 ] ] } },
{ "type": "Feature", "properties": { "gml_id": "ida36d79cc-b3df-44ec-8ffa-735f71f6acf0", "lokalid": "5a55892e-e8ef-48f5-9388-df0eebdd8c8a", "navnerom": "https://data.geonorge.no/sosi/samferdsel/hovedled_og_biled", "versjonId": 20210101, "datauttaksdato": "2026-01-01T23:00:58", "farlednavn": "Innseiling Fugløyfjord", "farlednummer": 1197, "farledtype": "Hovedled" }, "geometry": { "type": "LineString", "coordinates": [ [ 20.235104105268743, 69.981521495882745 ], [ 20.282104260993261, 70.076853428365155 ], [ 20.282149788891189, 70.076945329450908 ], [ 20.316559438587916, 70.146161214191167 ], [ 20.343431870640948, 70.199879839228345 ], [ 20.461901946118115, 70.488049828236029 ] ] } },
{ "type": "Feature", "properties": { "gml_id": "ide7718d9e-faaf-4ee7-901b-dba260ba9ddc", "lokalid": "44ecc7ce-5b2e-40e7-92f1-0e4bb4674d44", "navnerom": "https://data.geonorge.no/sosi/samferdsel/hovedled_og_biled", "versjonId": 20210101, "datauttaksdato": "2026-01-01T23:00:58", "farlednavn": "Harøysund", "farlednummer": 2464, "farledtype": "Biled" }, "geometry": { "type": "LineString", "coordinates": [ [ 6.926106992835692, 62.877589666381908 ], [ 6.934720832435532, 62.88033804045893 ] ] } },
{ "type": "Feature", "properties": { "gml_id": "id67aadbd2-f736-4ebd-83e5-ab85bdfb7b85", "lokalid": "9157d266-d8e6-4cb3-bc07-1b2aefacf9e8", "navnerom": "https://data.geonorge.no/sosi/samferdsel/hovedled_og_biled", "versjonId": 20210101, "datauttaksdato": "2026-01-01T23:00:58", "farlednavn": "Vannsundet", "farlednummer": 2909, "farledtype": "Biled" }, "geometry": { "type": "LineString", "coordinates": [ [ 20.235104105268743, 69.981521495882745 ], [ 19.948737533606263, 70.026588239578714 ], [ 19.803286064545659, 70.035936973598055 ], [ 19.663856804464348, 70.044779655488597 ] ] } },
{ "type": "Feature", "properties": { "gml_id": "id7c4093ff-5241-4229-a4a2-050e8e4c0cdb", "lokalid": "945228be-18a8-40ac-89f2-464057ceaede", "navnerom": "https://data.geonorge.no/sosi/samferdsel/hovedled_og_biled", "versjonId": 20210101, "datauttaksdato": "2026-01-01T23:00:58", "farlednavn": "Skjærvøy", "farlednummer": 1593, "farledtype": "Hovedled" }, "geometry": { "type": "LineString", "coordinates": [ [ 20.984315649995455, 70.106917581928286 ], [ 21.027909529928579, 70.042546532382332 ], [ 21.000001311824175, 70.032627077116288 ], [ 20.992256489757459, 70.032208440478357 ] ] } },
{ "type": "Feature", "properties": { "gml_id": "id5ece3b0b-52f1-4f63-80f1-579e3c969b60", "lokalid": "aba12e83-bc43-4d05-9679-7b2751758761", "navnerom": "https://data.geonorge.no/sosi/samferdsel/hovedled_og_biled", "versjonId": 20210101, "datauttaksdato": "2026-01-01T23:00:58", "farlednavn": "Vardø havn - Reinøy", "farlednummer": 1217, "farledtype": "Hovedled" }, "geometry": { "type": "LineString", "coordinates": [ [ 31.110206021340463, 70.389623638419678 ], [ 31.110427139041224, 70.389417444915708 ], [ 31.107147259474445, 70.377833033106015 ], [ 31.107120367176428, 70.377737987380925 ] ] } },
{ "type": "Feature", "properties": { "gml_id": "idf944a353-6d15-4430-b78f-f617c49c7dce", "lokalid": "493271b8-23d5-44bc-a7cd-24ecfb4ca75d", "navnerom": "https://data.geonorge.no/sosi/samferdsel/hovedled_og_biled", "versjonId": 20210101, "datauttaksdato": "2026-01-01T23:00:58", "farlednavn": "Rotsundet - Maursundet", "farlednummer": 2917, "farledtype": "Biled" }, "geometry": { "type": "LineString", "coordinates": [ [ 20.406918846310695, 69.788367107801236 ], [ 20.551306851424631, 69.782982655871535 ], [ 20.583065618044312, 69.785025430494287 ], [ 20.592179079027087, 69.785610491316064 ], [ 20.710353916373222, 69.809343790099717 ], [ 20.735662484121164, 69.817252145344526 ], [ 20.752017812035064, 69.838746519659182 ], [ 20.72903582032523, 69.866817523203366 ], [ 20.74970274638321, 69.885339870172601 ], [ 20.84203337076606, 69.915801009812597 ], [ 20.863837468302393, 69.922974387769003 ], [ 20.949778990716844, 69.940538245794102 ], [ 21.119236482697605, 70.001519084104459 ] ] } },
{ "type": "Feature", "properties": { "gml_id": "ide7cb5513-94c3-4a43-81be-3b7d870da3fb", "lokalid": "3e75a7a3-9f78-4df9-8e98-fa8ea2426657", "navnerom": "https://data.geonorge.no/sosi/samferdsel/hovedled_og_biled", "versjonId": 20210101, "datauttaksdato": "2026-01-01T23:00:58", "farlednavn": "Nordreisa", "farlednummer": 2920, "farledtype": "Biled" }, "geometry": { "type": "LineString", "coordinates": [ [ 20.984315649995455, 70.106917581928286 ], [ 21.118817809312258, 70.021321564744227 ], [ 21.119232642404466, 70.001704730055678 ], [ 21.120251034448824, 69.953532675937566 ], [ 21.013631749069578, 69.875657674721651 ], [ 20.939020733461248, 69.797457705675626 ] ] } },
{ "type": "Feature", "properties": { "gml_id": "idc5b06f95-1ac1-47d9-9763-28d7e05325a5", "lokalid": "be3c39f5-1b0c-4e1c-9a4a-9b80456ec0b3", "navnerom": "https://data.geonorge.no/sosi/samferdsel/hovedled_og_biled", "versjonId": 20210101, "datauttaksdato": "2026-01-01T23:00:58", "farlednavn": "Lauksundet", "farlednummer": 2921, "farledtype": "Biled" }, "geometry": { "type": "LineString", "coordinates": [ [ 20.834050706637051, 70.050125838875275 ], [ 20.800529156928032, 70.073553040636213 ], [ 20.76910127935453, 70.091727082363604 ], [ 20.758642962298843, 70.112327088087696 ], [ 20.814793012923857, 70.157552098241155 ], [ 21.121121812871312, 70.228253919013383 ] ] } },
{ "type": "Feature", "properties": { "gml_id": "id6ccaa763-9fbe-4ce2-841a-5b7e3bdccf31", "lokalid": "17f96b9c-9467-4425-88b1-24ee255b8b9e", "navnerom": "https://data.geonorge.no/sosi/samferdsel/hovedled_og_biled", "versjonId": 20210101, "datauttaksdato": "2026-01-01T23:00:58", "farlednavn": "Haukøysundet", "farlednummer": 2923, "farledtype": "Biled" }, "geometry": { "type": "LineString", "coordinates": [ [ 21.119232556661277, 70.001704715899677 ], [ 21.119232642404466, 70.001704730055678 ], [ 21.281445619606707, 70.028229880924755 ], [ 21.457023775023501, 70.041036791385935 ], [ 21.564884934188122, 70.048810530519134 ], [ 21.671072514413687, 70.056394057688735 ], [ 21.703679668729396, 70.045623056475719 ], [ 21.851488655550369, 69.996584335863147 ] ] } },
{ "type": "Feature", "properties": { "gml_id": "id3bbfe9d3-dfbc-41f5-a597-49ba3448a247", "lokalid": "ab65cc7d-d19a-4955-af81-0b30167d6e4b", "navnerom": "https://data.geonorge.no/sosi/samferdsel/hovedled_og_biled", "versjonId": 20210101, "datauttaksdato": "2026-01-01T23:00:58", "farlednavn": "Kvænangen", "farlednummer": 2924, "farledtype": "Biled" }, "geometry": { "type": "LineString", "coordinates": [ [ 22.022674639577406, 69.848874239394945 ], [ 21.888287471637799, 69.867376047583093 ], [ 21.852138361263069, 69.918305396130265 ], [ 21.849594604814854, 69.919076647752888 ], [ 21.659300200460134, 69.976511263780196 ], [ 21.658476329744122, 69.976758805277711 ], [ 21.628866159436168, 69.985582498306385 ], [ 21.53180377380496, 70.014420600943453 ], [ 21.457023775023501, 70.041036791385935 ], [ 21.372483460621787, 70.071008503174767 ], [ 20.984315649995455, 70.106917581928286 ] ] } },
{ "type": "Feature", "properties": { "gml_id": "id5503a09a-87ce-4c15-8813-4ec91b5ba7ab", "lokalid": "db25d252-7e24-4f51-aec7-c353700556d6", "navnerom": "https://data.geonorge.no/sosi/samferdsel/hovedled_og_biled", "versjonId": 20210101, "datauttaksdato": "2026-01-01T23:00:58", "farlednavn": "Moldvikøyra - Klubben", "farlednummer": 2925, "farledtype": "Biled" }, "geometry": { "type": "LineString", "coordinates": [ [ 21.851488655550369, 69.996584335863147 ], [ 21.83876032651559, 69.939806672684711 ], [ 21.849594604814854, 69.919076647752888 ], [ 21.850460697607566, 69.917417761558852 ] ] } },
{ "type": "Feature", "properties": { "gml_id": "id197fc8b3-d43b-4cd4-bfa0-639950115910", "lokalid": "afd504e1-d903-4535-ab77-3dfe7b5a4eed", "navnerom": "https://data.geonorge.no/sosi/samferdsel/hovedled_og_biled", "versjonId": 20210101, "datauttaksdato": "2026-01-01T23:00:58", "farlednavn": "Alta - Burfjord", "farlednummer": 2926, "farledtype": "Biled" }, "geometry": { "type": "LineString", "coordinates": [ [ 21.656802031448404, 69.975869325569619 ], [ 21.659300200460134, 69.976511263780196 ], [ 21.728575917323628, 69.994282660843155 ], [ 21.851488655550369, 69.996584335863147 ], [ 21.977337038011068, 69.998940983754224 ], [ 22.016599677027369, 69.995675030663321 ], [ 22.026895766106076, 69.954538865988425 ], [ 22.042634065209679, 69.941306106528558 ] ] } },
{ "type": "Feature", "properties": { "gml_id": "idef1b3cfb-2639-44d1-aa66-3c0894686706", "lokalid": "0a81f71c-4a7d-4437-bc5e-11807bb24727", "navnerom": "https://data.geonorge.no/sosi/samferdsel/hovedled_og_biled", "versjonId": 20210101, "datauttaksdato": "2026-01-01T23:00:58", "farlednavn": "Gratangen", "farlednummer": 2813, "farledtype": "Biled" }, "geometry": { "type": "LineString", "coordinates": [ [ 17.198425811356682, 68.763599459546029 ], [ 17.315089332612239, 68.733920319160944 ], [ 17.422753220702017, 68.730719227981112 ], [ 17.469361094583554, 68.698376842865628 ], [ 17.536480117972445, 68.685797137530201 ], [ 17.595344486504249, 68.688909916384176 ], [ 17.667395236791215, 68.674166937127112 ] ] } },
{ "type": "Feature", "properties": { "gml_id": "id3b8fb7c4-a231-4e27-8554-6a1fa71d9b9e", "lokalid": "2e113acd-6850-4927-940e-90bfe6433757", "navnerom": "https://data.geonorge.no/sosi/samferdsel/hovedled_og_biled", "versjonId": 20210101, "datauttaksdato": "2026-01-01T23:00:58", "farlednavn": "Innseiling Andfjorden", "farlednummer": 1192, "farledtype": "Hovedled" }, "geometry": { "type": "LineString", "coordinates": [ [ 16.29407947692285, 69.438712037208745 ], [ 16.2657731322589, 69.329931619040096 ], [ 16.184187722309581, 69.010024215509318 ], [ 16.172740954532735, 68.964366238819267 ], [ 16.220761625555198, 68.945660352306518 ], [ 16.223449300803953, 68.944613400457811 ], [ 16.240240178941573, 68.939472206007096 ], [ 16.42791581773983, 68.8820078515229 ], [ 16.584093526111982, 68.86541897878665 ], [ 16.591104095109642, 68.864582347375318 ], [ 16.633565323147383, 68.859567151950657 ], [ 16.74155678174397, 68.846754063217844 ], [ 16.741958926957562, 68.846706193741085 ] ] } },
{ "type": "Feature", "properties": { "gml_id": "id70e11d84-f87f-43e9-b513-4e98598772ea", "lokalid": "8e655e09-515f-4263-b1e0-598050eeaa8d", "navnerom": "https://data.geonorge.no/sosi/samferdsel/hovedled_og_biled", "versjonId": 20210101, "datauttaksdato": "2026-01-01T23:00:58", "farlednavn": "Holmestrand - Rødtangen", "farlednummer": 2021, "farledtype": "Biled" }, "geometry": { "type": "LineString", "coordinates": [ [ 10.335804760985525, 59.496244885554447 ], [ 10.396397040145557, 59.521747984827343 ], [ 10.406856104732139, 59.527773673185912 ] ] } },
{ "type": "Feature", "properties": { "gml_id": "id7ec63c76-83fb-4b93-928a-498ee4423624", "lokalid": "21b894df-38ec-4016-8367-478d8cdd645b", "navnerom": "https://data.geonorge.no/sosi/samferdsel/hovedled_og_biled", "versjonId": 20210101, "datauttaksdato": "2026-01-01T23:00:58", "farlednavn": "Trondheimsleden", "farlednummer": 1543, "farledtype": "Hovedled" }, "geometry": { "type": "LineString", "coordinates": [ [ 8.879823085524235, 63.463606263136775 ], [ 9.047248209629084, 63.489397897893639 ], [ 9.259083392345779, 63.548453004051815 ] ] } },
{ "type": "Feature", "properties": { "gml_id": "id92c85619-1cc5-4ce6-a4f6-b76c08008d04", "lokalid": "57f44004-f4f1-42d0-b76a-368e03cb107e", "navnerom": "https://data.geonorge.no/sosi/samferdsel/hovedled_og_biled", "versjonId": 20210101, "datauttaksdato": "2026-01-01T23:00:58", "farlednavn": "Hestvika", "farlednummer": 2502, "farledtype": "Biled" }, "geometry": { "type": "LineString", "coordinates": [ [ 9.259083392345779, 63.548453004051815 ], [ 9.235309173974489, 63.569031242550906 ], [ 9.228634233128318, 63.569022912606059 ], [ 9.200403550019638, 63.563675672539524 ] ] } },
{ "type": "Feature", "properties": { "gml_id": "id52c7860d-dff0-4bf2-8886-594aa51de1f2", "lokalid": "2a307cfe-dd72-4f2f-87a8-1c981530974c", "navnerom": "https://data.geonorge.no/sosi/samferdsel/hovedled_og_biled", "versjonId": 20210101, "datauttaksdato": "2026-01-01T23:00:58", "farlednavn": "Ferge Flakk - Rørvik", "farlednummer": 2511, "farledtype": "Biled" }, "geometry": { "type": "LineString", "coordinates": [ [ 10.203986818537905, 63.452845151628161 ], [ 10.179542063815589, 63.474556230327877 ], [ 10.150207075035356, 63.500560644554973 ], [ 10.140783969991395, 63.508902331956925 ] ] } },
{ "type": "Feature", "properties": { "gml_id": "id054f0544-dd1c-4148-af1a-2e7d0dbe161d", "lokalid": "c6feec7c-f68c-4e75-ae37-d94d2aae1675", "navnerom": "https://data.geonorge.no/sosi/samferdsel/hovedled_og_biled", "versjonId": 20210101, "datauttaksdato": "2026-01-01T23:00:58", "farlednavn": "Ferge Valset - Brekstad", "farlednummer": 2503, "farledtype": "Biled" }, "geometry": { "type": "LineString", "coordinates": [ [ 9.687169169148062, 63.640423408488388 ], [ 9.68697915738861, 63.640981374941184 ], [ 9.685311760666542, 63.64955552278461 ], [ 9.684383781070592, 63.654324886002875 ], [ 9.678201369826073, 63.68605358859547 ], [ 9.678193431246042, 63.686054333638232 ] ] } },
{ "type": "Feature", "properties": { "gml_id": "id7aee003a-e759-4ed8-a483-bcadcb0a2421", "lokalid": "46597295-a3be-4a73-8530-d5f4b5db0f4b", "navnerom": "https://data.geonorge.no/sosi/samferdsel/hovedled_og_biled", "versjonId": 20210101, "datauttaksdato": "2026-01-01T23:00:58", "farlednavn": "Stjørnfjorden", "farlednummer": 2504, "farledtype": "Biled" }, "geometry": { "type": "LineString", "coordinates": [ [ 9.744148001726234, 63.661814546886752 ], [ 9.766895111953085, 63.67882302074225 ], [ 10.062962763936314, 63.769137716410619 ] ] } },
{ "type": "Feature", "properties": { "gml_id": "id0fa7977b-ca7b-4558-a6ae-6d34b5af19f8", "lokalid": "bc3c5660-2b35-41e3-8147-c7c5b49c500a", "navnerom": "https://data.geonorge.no/sosi/samferdsel/hovedled_og_biled", "versjonId": 20210101, "datauttaksdato": "2026-01-01T23:00:58", "farlednavn": "Kvæfjorden", "farlednummer": 2831, "farledtype": "Biled" }, "geometry": { "type": "LineString", "coordinates": [ [ 16.183821800040707, 69.00998832810852 ], [ 16.112080423572301, 68.958216225422049 ], [ 16.108125525736781, 68.955354179721127 ], [ 16.105785227378846, 68.922258783208463 ], [ 16.103318723047447, 68.884430080460092 ], [ 16.06211159251777, 68.834147959183937 ], [ 16.107042667883398, 68.78198678007611 ], [ 16.158962470499791, 68.771748175118205 ], [ 16.166075514647424, 68.772922708690629 ] ] } },
{ "type": "Feature", "properties": { "gml_id": "idbd64c70a-7ee9-4026-8aeb-5f7c11e16408", "lokalid": "21fc443e-d329-49a6-8701-75fc9dbd17fb", "navnerom": "https://data.geonorge.no/sosi/samferdsel/hovedled_og_biled", "versjonId": 20210101, "datauttaksdato": "2026-01-01T23:00:58", "farlednavn": "Gullesfjord", "farlednummer": 2830, "farledtype": "Biled" }, "geometry": { "type": "LineString", "coordinates": [ [ 15.736649041695671, 68.537104693518643 ], [ 15.738503640328636, 68.538216199081361 ], [ 15.767129179707199, 68.554592213668883 ], [ 15.815297922656907, 68.564372268693589 ], [ 15.800011043253599, 68.613727263221264 ], [ 15.799515077286916, 68.626920931557919 ], [ 15.832412334409396, 68.639347774427122 ], [ 15.904029718337956, 68.649634614328349 ], [ 15.951106575417654, 68.667386200404579 ], [ 15.962340850488772, 68.67509819628745 ], [ 16.017286970434437, 68.712729624012567 ], [ 16.06211159251777, 68.834147959183937 ] ] } },
{ "type": "Feature", "properties": { "gml_id": "ide1477975-95d0-44aa-a1ce-143e654b9d0b", "lokalid": "b3dca9c9-5001-4a0d-af28-f4e4ae9c9d37", "navnerom": "https://data.geonorge.no/sosi/samferdsel/hovedled_og_biled", "versjonId": 20210101, "datauttaksdato": "2026-01-01T23:00:58", "farlednavn": "Finnfjordbotn", "farlednummer": 2876, "farledtype": "Biled" }, "geometry": { "type": "LineString", "coordinates": [ [ 18.085801478572105, 69.229042778021622 ], [ 17.986474764462724, 69.208960979738748 ] ] } },
{ "type": "Feature", "properties": { "gml_id": "id72cd970d-ed68-48db-9f97-f44b03c79f29", "lokalid": "762503a5-162b-40e1-8ddf-576e85bd4e50", "navnerom": "https://data.geonorge.no/sosi/samferdsel/hovedled_og_biled", "versjonId": 20210101, "datauttaksdato": "2026-01-01T23:00:58", "farlednavn": "Husøy-Øyfjorden", "farlednummer": 2877, "farledtype": "Biled" }, "geometry": { "type": "LineString", "coordinates": [ [ 17.641449428707705, 69.529266126826144 ], [ 17.672093610573729, 69.537724211640423 ], [ 17.671380330329054, 69.541463658240858 ], [ 17.671347188102636, 69.54163737640512 ] ] } },
{ "type": "Feature", "properties": { "gml_id": "id580df26c-2388-4c08-92bd-4ef064d8badc", "lokalid": "a0374d66-57d8-4ae5-a59e-bf0f47e3b582", "navnerom": "https://data.geonorge.no/sosi/samferdsel/hovedled_og_biled", "versjonId": 20210101, "datauttaksdato": "2026-01-01T23:00:58", "farlednavn": "Vikran - larseng", "farlednummer": 2879, "farledtype": "Biled" }, "geometry": { "type": "LineString", "coordinates": [ [ 18.772221151267054, 69.568436369773636 ], [ 18.777262180172961, 69.56299047846133 ], [ 18.792490128657626, 69.546521984213157 ] ] } },
{ "type": "Feature", "properties": { "gml_id": "idfc082c40-42b2-4e5a-b208-fd9d061af6d6", "lokalid": "27fde459-6ac6-4207-8757-214e7f64d274", "navnerom": "https://data.geonorge.no/sosi/samferdsel/hovedled_og_biled", "versjonId": 20210101, "datauttaksdato": "2026-01-01T23:00:58", "farlednavn": "Skulsfjorden", "farlednummer": 2882, "farledtype": "Biled" }, "geometry": { "type": "LineString", "coordinates": [ [ 18.762260063628371, 69.787880069421377 ], [ 18.653116897384326, 69.820360602371167 ] ] } },
{ "type": "Feature", "properties": { "gml_id": "idfb0994b2-189a-4873-8c2b-c0e842ce19d8", "lokalid": "84f51a81-cfbd-416a-aa71-86fcbb2ad1aa", "navnerom": "https://data.geonorge.no/sosi/samferdsel/hovedled_og_biled", "versjonId": 20210101, "datauttaksdato": "2026-01-01T23:00:58", "farlednavn": "Orkdalsfjorden", "farlednummer": 2505, "farledtype": "Biled" }, "geometry": { "type": "LineString", "coordinates": [ [ 9.982181303932107, 63.479472925334186 ], [ 10.001122918562437, 63.423678460607995 ], [ 9.951759035243517, 63.359911796641619 ], [ 9.855027521725638, 63.322203270482021 ] ] } },
{ "type": "Feature", "properties": { "gml_id": "id4f878d09-4620-41f8-94ce-68fc6415abcc", "lokalid": "dc948cae-db7b-432f-893a-2fb2d99f9681", "navnerom": "https://data.geonorge.no/sosi/samferdsel/hovedled_og_biled", "versjonId": 20210101, "datauttaksdato": "2026-01-01T23:00:58", "farlednavn": "Hemnefjorden", "farlednummer": 2500, "farledtype": "Biled" }, "geometry": { "type": "LineString", "coordinates": [ [ 9.047248209629084, 63.489397897893639 ], [ 9.147370236371261, 63.419370109271888 ], [ 9.192198096206585, 63.373545166891958 ], [ 9.197067581779875, 63.35919510462768 ], [ 9.133334193771926, 63.323542341774129 ], [ 9.094453594567364, 63.290686838722181 ] ] } },
{ "type": "Feature", "properties": { "gml_id": "id8601211f-ddc1-429a-bace-83563f4abac6", "lokalid": "79c040dc-f141-4fdf-840c-2b8876188480", "navnerom": "https://data.geonorge.no/sosi/samferdsel/hovedled_og_biled", "versjonId": 20210101, "datauttaksdato": "2026-01-01T23:00:58", "farlednavn": "Hamarfjord - Burøysundet", "farlednummer": 2901, "farledtype": "Biled" }, "geometry": { "type": "LineString", "coordinates": [ [ 19.732076201278655, 70.229640142990746 ], [ 19.697154822878211, 70.239227409696824 ], [ 19.636438013202095, 70.294590265697551 ], [ 19.402813164080296, 70.304189227611872 ] ] } },
{ "type": "Feature", "properties": { "gml_id": "ida67a234a-f77c-4033-8c55-6da2d30d756a", "lokalid": "739fe280-7f75-4df5-afcf-650f7a28674a", "navnerom": "https://data.geonorge.no/sosi/samferdsel/hovedled_og_biled", "versjonId": 20210101, "datauttaksdato": "2026-01-01T23:00:58", "farlednavn": "Ulsfjorden", "farlednummer": 2867, "farledtype": "Biled" }, "geometry": { "type": "LineString", "coordinates": [ [ 19.653988423256045, 69.669979295834352 ], [ 19.763971894806932, 69.66477230864821 ], [ 19.810130763078018, 69.662565727139892 ] ] } },
{ "type": "Feature", "properties": { "gml_id": "idbe475a8d-994e-4c07-9557-fd66edadf7c1", "lokalid": "dc6547ed-7e5f-435f-b6aa-c4f23248636c", "navnerom": "https://data.geonorge.no/sosi/samferdsel/hovedled_og_biled", "versjonId": 20210101, "datauttaksdato": "2026-01-01T23:00:58", "farlednavn": "Hansnes - Skåningsbukt", "farlednummer": 2868, "farledtype": "Biled" }, "geometry": { "type": "LineString", "coordinates": [ [ 19.631205078732997, 69.965760902990894 ], [ 19.665005215920793, 69.970075557163156 ], [ 19.685899545393308, 69.972738640871569 ], [ 19.753771686810364, 70.016096297228998 ], [ 19.777937667066865, 70.02578623017898 ], [ 19.803286064545659, 70.035936973598055 ], [ 19.847756109406344, 70.053712107598386 ] ] } },
{ "type": "Feature", "properties": { "gml_id": "idf76a1b07-2256-4416-8a5b-d1dc70606529", "lokalid": "c96f355c-cc78-44c1-9b15-41bb9d19d5a2", "navnerom": "https://data.geonorge.no/sosi/samferdsel/hovedled_og_biled", "versjonId": 20210101, "datauttaksdato": "2026-01-01T23:00:58", "farlednavn": "Arnøyhavn - Kaagsundet", "farlednummer": 2980, "farledtype": "Biled" }, "geometry": { "type": "LineString", "coordinates": [ [ 20.640860666450621, 70.052921099986918 ], [ 20.659538976757354, 70.030002646613994 ] ] } },
{ "type": "Feature", "properties": { "gml_id": "id8600eb26-19ba-438f-a672-083a57f4f36e", "lokalid": "0646b090-ee0c-47db-9f99-dac4ac181aa4", "navnerom": "https://data.geonorge.no/sosi/samferdsel/hovedled_og_biled", "versjonId": 20210101, "datauttaksdato": "2026-01-01T23:00:58", "farlednavn": "Rødøysund", "farlednummer": 2930, "farledtype": "Biled" }, "geometry": { "type": "LineString", "coordinates": [ [ 21.121121812871312, 70.228253919013383 ], [ 21.161718526220458, 70.192804179942669 ], [ 21.564884934188122, 70.048810530519134 ] ] } },
{ "type": "Feature", "properties": { "gml_id": "idbf6055c5-5696-493e-a19a-29a468940a7b", "lokalid": "ee4fc14a-ce43-4234-9520-0b5fae4755f3", "navnerom": "https://data.geonorge.no/sosi/samferdsel/hovedled_og_biled", "versjonId": 20210101, "datauttaksdato": "2026-01-01T23:00:58", "farlednavn": "Stjernsundet", "farlednummer": 2929, "farledtype": "Biled" }, "geometry": { "type": "LineString", "coordinates": [ [ 22.617788132540245, 70.256211089391556 ], [ 22.613804520308705, 70.246982814217574 ], [ 22.613782869636758, 70.246984739466441 ] ] } },
{ "type": "Feature", "properties": { "gml_id": "ideb701a9c-27c6-4f6f-9279-4d8e7d0957cc", "lokalid": "69cef294-4315-48d2-9306-b4a3b0d4382e", "navnerom": "https://data.geonorge.no/sosi/samferdsel/hovedled_og_biled", "versjonId": 20210101, "datauttaksdato": "2026-01-01T23:00:58", "farlednavn": "Sandland", "farlednummer": 2943, "farledtype": "Biled" }, "geometry": { "type": "LineString", "coordinates": [ [ 21.609586723057596, 70.265901263829733 ], [ 21.615838245927993, 70.265393997059178 ], [ 21.661594866316335, 70.275693033920447 ] ] } },
{ "type": "Feature", "properties": { "gml_id": "id6ba38b7a-cd08-4a09-a46b-261191fa9c7c", "lokalid": "9e4f96c4-1140-49c0-b1bf-6a6df12e2eee", "navnerom": "https://data.geonorge.no/sosi/samferdsel/hovedled_og_biled", "versjonId": 20210101, "datauttaksdato": "2026-01-01T23:00:58", "farlednavn": "Loppa", "farlednummer": 2881, "farledtype": "Biled" }, "geometry": { "type": "LineString", "coordinates": [ [ 21.449516077730497, 70.344541069258767 ], [ 21.453979379650857, 70.350328901271851 ], [ 21.532591875716374, 70.342320763212271 ] ] } },
{ "type": "Feature", "properties": { "gml_id": "id7154d5f0-4f93-4f72-996c-f2616f8fb58b", "lokalid": "87fb4ffa-0841-4e86-9c46-c38d7a1c9d5a", "navnerom": "https://data.geonorge.no/sosi/samferdsel/hovedled_og_biled", "versjonId": 20210101, "datauttaksdato": "2026-01-01T23:00:58", "farlednavn": "Aarøysundet", "farlednummer": 2997, "farledtype": "Biled" }, "geometry": { "type": "LineString", "coordinates": [ [ 23.275249137595647, 70.143658722176212 ], [ 23.296914361035299, 70.14367054547624 ], [ 23.318283988921177, 70.143679635398186 ] ] } },
{ "type": "Feature", "properties": { "gml_id": "idbbf0d81d-6d53-40a6-aed0-f3c4e3cc3b30", "lokalid": "d45732fb-daa1-44ab-a736-6f0c322dbbeb", "navnerom": "https://data.geonorge.no/sosi/samferdsel/hovedled_og_biled", "versjonId": 20210101, "datauttaksdato": "2026-01-01T23:00:58", "farlednavn": "Kvalsund", "farlednummer": 2947, "farledtype": "Biled" }, "geometry": { "type": "LineString", "coordinates": [ [ 23.981759391106102, 70.505010055793832 ], [ 23.988146949405724, 70.516551451518808 ] ] } },
{ "type": "Feature", "properties": { "gml_id": "idc59b6341-881c-419e-8ee7-e44ff6d7d7d4", "lokalid": "21b11569-0cfb-4ed1-996a-c6b9daea9c38", "navnerom": "https://data.geonorge.no/sosi/samferdsel/hovedled_og_biled", "versjonId": 20210101, "datauttaksdato": "2026-01-01T23:00:58", "farlednavn": "Klubbebukta", "farlednummer": 2960, "farledtype": "Biled" }, "geometry": { "type": "LineString", "coordinates": [ [ 24.127086263273103, 70.533009378394766 ], [ 24.120459609747826, 70.523857810598784 ], [ 24.037995768712381, 70.535749607164931 ] ] } },
{ "type": "Feature", "properties": { "gml_id": "idf1c950a8-f9b1-41a6-8174-40b0731ee8ad", "lokalid": "6a6e8933-8db1-4836-8b29-e9e96cbc982a", "navnerom": "https://data.geonorge.no/sosi/samferdsel/hovedled_og_biled", "versjonId": 20210101, "datauttaksdato": "2026-01-01T23:00:58", "farlednavn": "Snefjorden", "farlednummer": 2946, "farledtype": "Biled" }, "geometry": { "type": "LineString", "coordinates": [ [ 24.572131780593882, 70.798216598278998 ], [ 24.558388741586796, 70.801550859231057 ], [ 24.335282703224223, 70.918537716026535 ] ] } },
{ "type": "Feature", "properties": { "gml_id": "id8decf920-500e-4e61-aea0-6fecd86bd1a2", "lokalid": "eec0eb2b-3425-4274-bfcc-b2574201baef", "navnerom": "https://data.geonorge.no/sosi/samferdsel/hovedled_og_biled", "versjonId": 20210101, "datauttaksdato": "2026-01-01T23:00:58", "farlednavn": "Nordvaagen", "farlednummer": 2955, "farledtype": "Biled" }, "geometry": { "type": "LineString", "coordinates": [ [ 26.021005904087936, 70.965932431625674 ], [ 26.021102211055513, 70.973398420836901 ] ] } },
{ "type": "Feature", "properties": { "gml_id": "id10cc9d22-9ca0-417c-afdb-35d0d286d315", "lokalid": "a83a08bf-3ea5-468c-8e46-6f21f7882c1d", "navnerom": "https://data.geonorge.no/sosi/samferdsel/hovedled_og_biled", "versjonId": 20210101, "datauttaksdato": "2026-01-01T23:00:58", "farlednavn": "Indre Billefjord", "farlednummer": 2967, "farledtype": "Biled" }, "geometry": { "type": "LineString", "coordinates": [ [ 25.078994898211253, 70.330198446045998 ], [ 25.344042942278378, 70.357182224913601 ] ] } },
{ "type": "Feature", "properties": { "gml_id": "id76b78fa5-212e-4253-92e3-0051e95c4b5c", "lokalid": "c2f6905c-4fb4-4062-8ca6-e0aac7bea26c", "navnerom": "https://data.geonorge.no/sosi/samferdsel/hovedled_og_biled", "versjonId": 20210101, "datauttaksdato": "2026-01-01T23:00:58", "farlednavn": "Dyfjorden", "farlednummer": 2939, "farledtype": "Biled" }, "geometry": { "type": "LineString", "coordinates": [ [ 27.22996599102305, 70.898108876373627 ], [ 27.231032250913508, 70.898037352739706 ], [ 27.211271220224983, 70.888312917951566 ], [ 26.858332257529856, 70.892384077282514 ] ] } },
{ "type": "Feature", "properties": { "gml_id": "idd523f62f-24be-4f27-a6f3-438923b4a0cb", "lokalid": "828cd8e0-65b6-4d1f-b768-bc1dbe46edde", "navnerom": "https://data.geonorge.no/sosi/samferdsel/hovedled_og_biled", "versjonId": 20210101, "datauttaksdato": "2026-01-01T23:00:58", "farlednavn": "Vestre Jakobselv", "farlednummer": 2979, "farledtype": "Biled" }, "geometry": { "type": "LineString", "coordinates": [ [ 29.326055492765907, 70.106842909890958 ], [ 29.313164526240598, 70.087380758379538 ] ] } },
{ "type": "Feature", "properties": { "gml_id": "id708fb86d-6d9b-4508-813f-612d20be4466", "lokalid": "fa597c0c-2497-4a31-b262-4e09f69fe7e7", "navnerom": "https://data.geonorge.no/sosi/samferdsel/hovedled_og_biled", "versjonId": 20210101, "datauttaksdato": "2026-01-01T23:00:58", "farlednavn": "Skaganeset", "farlednummer": 2239, "farledtype": "Biled" }, "geometry": { "type": "LineString", "coordinates": [ [ 5.160735908976151, 60.26130176991682 ], [ 5.118092332448882, 60.268544942648212 ], [ 5.110237142871919, 60.269809747637744 ] ] } },
{ "type": "Feature", "properties": { "gml_id": "idfecf7e3c-6533-451b-8c52-1946549dcedc", "lokalid": "882e9e07-a56d-4aa3-9b6b-94a923573a50", "navnerom": "https://data.geonorge.no/sosi/samferdsel/hovedled_og_biled", "versjonId": 20210101, "datauttaksdato": "2026-01-01T23:00:58", "farlednavn": "Nyelv", "farlednummer": 2974, "farledtype": "Biled" }, "geometry": { "type": "LineString", "coordinates": [ [ 28.868489270656084, 70.075171336541132 ], [ 28.879171994506649, 70.112558626995494 ] ] } },
{ "type": "Feature", "properties": { "gml_id": "id65480d4d-2d1a-412a-be0b-9956943393c8", "lokalid": "2a3b495c-d510-4051-aeb0-bf727eafe39f", "navnerom": "https://data.geonorge.no/sosi/samferdsel/hovedled_og_biled", "versjonId": 20210101, "datauttaksdato": "2026-01-01T23:00:58", "farlednavn": "Øksfjorden", "farlednummer": 1211, "farledtype": "Hovedled" }, "geometry": { "type": "LineString", "coordinates": [ [ 22.343181386049167, 70.237747405876618 ], [ 22.323029501049099, 70.241041709470394 ], [ 22.323421191664128, 70.29185548549377 ] ] } },
{ "type": "Feature", "properties": { "gml_id": "idc07c49a5-0b1f-421d-ad76-9402d068c88a", "lokalid": "fbb531fc-df33-4e62-a4de-f4054f1c443b", "navnerom": "https://data.geonorge.no/sosi/samferdsel/hovedled_og_biled", "versjonId": 20210101, "datauttaksdato": "2026-01-01T23:00:58", "farlednavn": "Havøysund", "farlednummer": 1597, "farledtype": "Hovedled" }, "geometry": { "type": "LineString", "coordinates": [ [ 24.683017771432564, 70.994388309827173 ], [ 24.696703940049037, 70.993570512219137 ], [ 24.803641229908969, 71.005427009984672 ], [ 24.803019647578246, 71.005492967665802 ] ] } },
{ "type": "Feature", "properties": { "gml_id": "id758e956b-8464-4e98-b8bb-158e7b47afb4", "lokalid": "7ea0fcda-9fb9-48d7-8884-d47174f8de8e", "navnerom": "https://data.geonorge.no/sosi/samferdsel/hovedled_og_biled", "versjonId": 20210101, "datauttaksdato": "2026-01-01T23:00:58", "farlednavn": "Havøysund - Revsbotn", "farlednummer": 2996, "farledtype": "Biled" }, "geometry": { "type": "LineString", "coordinates": [ [ 24.683017771432564, 70.994388309827173 ], [ 24.669406075713795, 70.992972427458426 ], [ 24.64012866819597, 70.994383517210295 ], [ 24.623607638723303, 70.99357822386601 ], [ 24.617514773152067, 70.992567303428174 ], [ 24.605378995370923, 70.991995101692581 ], [ 24.43358373426495, 70.994982394702191 ] ] } },
{ "type": "Feature", "properties": { "gml_id": "ida3f41779-7ca4-491d-8115-ff2645728495", "lokalid": "9dbd3157-a5c5-41b1-867e-1c7edb3d9568", "navnerom": "https://data.geonorge.no/sosi/samferdsel/hovedled_og_biled", "versjonId": 20210101, "datauttaksdato": "2026-01-01T23:00:58", "farlednavn": "Skardholmen - Smalfjord", "farlednummer": 2985, "farledtype": "Biled" }, "geometry": { "type": "LineString", "coordinates": [ [ 28.33278149500908, 70.598113239809891 ], [ 28.332773625404066, 70.598107273668504 ], [ 28.197385840255603, 70.494891018623903 ], [ 28.181682610558571, 70.49142006279591 ], [ 28.144788211900803, 70.486969769712289 ], [ 28.051891251088158, 70.455560079274775 ], [ 28.051155732931974, 70.444864916498645 ] ] } },
{ "type": "Feature", "properties": { "gml_id": "id33b6e2bb-f1d4-4a7e-8e39-aed594104554", "lokalid": "2675dd1f-7531-47d7-a095-3a41880bb1af", "navnerom": "https://data.geonorge.no/sosi/samferdsel/hovedled_og_biled", "versjonId": 20210101, "datauttaksdato": "2026-01-01T23:00:58", "farlednavn": "Brøstadbotn", "farlednummer": 2816, "farledtype": "Biled" }, "geometry": { "type": "LineString", "coordinates": [ [ 17.576100021544558, 69.07645200698488 ], [ 17.667253648175848, 69.083311541613909 ] ] } },
{ "type": "Feature", "properties": { "gml_id": "id9ba43581-3a9d-4054-b989-00f0182ecb14", "lokalid": "b912ee19-f09f-4c23-84ce-4c126805a50b", "navnerom": "https://data.geonorge.no/sosi/samferdsel/hovedled_og_biled", "versjonId": 20210101, "datauttaksdato": "2026-01-01T23:00:58", "farlednavn": "Repparfjorden", "farlednummer": 2884, "farledtype": "Biled" }, "geometry": { "type": "LineString", "coordinates": [ [ 24.120459609747826, 70.523857810598784 ], [ 24.281294978037089, 70.483830842223526 ], [ 24.284050034651258, 70.454779135352098 ] ] } },
{ "type": "Feature", "properties": { "gml_id": "id3afe42cd-9112-4ab2-b26a-1d83f2d43b34", "lokalid": "edc982ce-62cd-4f5b-a649-01337ca72685", "navnerom": "https://data.geonorge.no/sosi/samferdsel/hovedled_og_biled", "versjonId": 20210101, "datauttaksdato": "2026-01-01T23:00:58", "farlednavn": "Havanes - Rotsund", "farlednummer": 2883, "farledtype": "Biled" }, "geometry": { "type": "LineString", "coordinates": [ [ 20.597930527680603, 69.780837591239901 ], [ 20.583065618044312, 69.785025430494287 ], [ 20.571883295958756, 69.788173878343144 ] ] } },
{ "type": "Feature", "properties": { "gml_id": "idf6019bcd-80be-4c24-a577-9b9bfabf9521", "lokalid": "6aeaf559-b293-43cc-b9cb-43a62204d93a", "navnerom": "https://data.geonorge.no/sosi/samferdsel/hovedled_og_biled", "versjonId": 20210101, "datauttaksdato": "2026-01-01T23:00:58", "farlednavn": "Tanafjorden - Skardholmen", "farlednummer": 1212, "farledtype": "Hovedled" }, "geometry": { "type": "LineString", "coordinates": [ [ 28.824298996252704, 70.998055922466136 ], [ 28.464460212348119, 70.776787535696158 ], [ 28.4644587594453, 70.776785584401779 ], [ 28.332768168447256, 70.598113485357587 ] ] } },
{ "type": "Feature", "properties": { "gml_id": "id608b2a02-cce2-4036-89ec-fbac19494a90", "lokalid": "b302fcf7-d6cd-4364-be14-be8895b09bd0", "navnerom": "https://data.geonorge.no/sosi/samferdsel/hovedled_og_biled", "versjonId": 20210101, "datauttaksdato": "2026-01-01T23:00:58", "farlednavn": "Skardholmen - Leirpollen", "farlednummer": 1213, "farledtype": "Hovedled" }, "geometry": { "type": "LineString", "coordinates": [ [ 28.332768168447256, 70.598113485357587 ], [ 28.332771322427728, 70.598109893513055 ], [ 28.332773625404066, 70.598107273668504 ], [ 28.384005125404407, 70.539613893872897 ], [ 28.409327877544222, 70.537087094593758 ], [ 28.426625658488625, 70.533526186078802 ], [ 28.434251999420777, 70.528150450410138 ], [ 28.435568788004996, 70.52446299889877 ], [ 28.446194089395323, 70.520351610003758 ], [ 28.463133378414096, 70.509193465936477 ], [ 28.481460559428903, 70.500357248732968 ], [ 28.484575706561788, 70.476379226946236 ], [ 28.484383137723299, 70.476338567773951 ] ] } },
{ "type": "Feature", "properties": { "gml_id": "id50e7e3a2-ea6f-4a26-a0c4-016b71d36d43", "lokalid": "eb8a6e0f-81f2-4627-9f75-18dd323136c8", "navnerom": "https://data.geonorge.no/sosi/samferdsel/hovedled_og_biled", "versjonId": 20210101, "datauttaksdato": "2026-01-01T23:00:58", "farlednavn": "Karlsøysundet", "farlednummer": 2957, "farledtype": "Biled" }, "geometry": { "type": "LineString", "coordinates": [ [ 19.877471617775697, 69.998634838849327 ], [ 20.003908368860195, 69.919964453730358 ] ] } },
{ "type": "Feature", "properties": { "gml_id": "idcea561b6-95e8-4d9d-a752-04cd2b2ad952", "lokalid": "de3e146b-c601-4da4-a38b-8eee4d32bf1f", "navnerom": "https://data.geonorge.no/sosi/samferdsel/hovedled_og_biled", "versjonId": 20210101, "datauttaksdato": "2026-01-01T23:00:58", "farlednavn": "Hamn - Bergsfjorden", "farlednummer": 2863, "farledtype": "Biled" }, "geometry": { "type": "LineString", "coordinates": [ [ 17.114234517056254, 69.419461459469971 ], [ 17.114271023067094, 69.419463337643393 ], [ 17.154312974641599, 69.421518883591943 ], [ 17.200940703328175, 69.417629970262965 ], [ 17.226876928513317, 69.421391096403539 ], [ 17.25748707820609, 69.420098978757878 ], [ 17.269990190976884, 69.429083061824301 ], [ 17.26323547557843, 69.439796185108875 ] ] } },
{ "type": "Feature", "properties": { "gml_id": "idc3cfb0ec-d451-403d-a616-482d1f3f243b", "lokalid": "5c67dcc1-9917-4278-b122-a21740e979f8", "navnerom": "https://data.geonorge.no/sosi/samferdsel/hovedled_og_biled", "versjonId": 20210101, "datauttaksdato": "2026-01-01T23:00:58", "farlednavn": "Skaland", "farlednummer": 2878, "farledtype": "Biled" }, "geometry": { "type": "LineString", "coordinates": [ [ 17.295149038119089, 69.443258708037661 ], [ 17.26323547557843, 69.439796185108875 ], [ 17.150974072480683, 69.47942167027982 ], [ 17.155293647368154, 69.492216105682942 ], [ 17.187641255774668, 69.502847850243043 ], [ 17.141726227721755, 69.531410434235951 ], [ 17.065862993640344, 69.535302323755218 ] ] } },
{ "type": "Feature", "properties": { "gml_id": "idbfa53859-820d-456e-b2e8-f93b2ee38512", "lokalid": "41ca100d-b7d5-42f5-a132-edb7ad00ee22", "navnerom": "https://data.geonorge.no/sosi/samferdsel/hovedled_og_biled", "versjonId": 20210101, "datauttaksdato": "2026-01-01T23:00:58", "farlednavn": "Mefjordvær - Røra lykt", "farlednummer": 2862, "farledtype": "Biled" }, "geometry": { "type": "LineString", "coordinates": [ [ 17.187849374058242, 69.503208007649036 ], [ 17.281507029514028, 69.542967725097981 ], [ 17.363325483396089, 69.57062177376956 ], [ 17.499157508577472, 69.616289237125599 ] ] } },
{ "type": "Feature", "properties": { "gml_id": "idc70b78f6-7c0e-4c19-b358-a984363e3681", "lokalid": "3f5df66b-4540-4841-a76a-2a02da6aea2f", "navnerom": "https://data.geonorge.no/sosi/samferdsel/hovedled_og_biled", "versjonId": 20210101, "datauttaksdato": "2026-01-01T23:00:58", "farlednavn": "Steinshamn", "farlednummer": 2451, "farledtype": "Biled" }, "geometry": { "type": "LineString", "coordinates": [ [ 6.583518999420828, 62.778721652133164 ], [ 6.47951820103963, 62.788067530759506 ], [ 6.478794657339797, 62.787758067299407 ] ] } },
{ "type": "Feature", "properties": { "gml_id": "id5d3da537-4dc3-40f2-9e50-d659f74c035d", "lokalid": "716da0e0-b17c-43f2-bf02-cd967d6eb6b2", "navnerom": "https://data.geonorge.no/sosi/samferdsel/hovedled_og_biled", "versjonId": 20210101, "datauttaksdato": "2026-01-01T23:00:58", "farlednavn": "Leirfjorden - Vefsnsundet", "farlednummer": 1161, "farledtype": "Hovedled" }, "geometry": { "type": "LineString", "coordinates": [ [ 12.615791574784311, 66.052482161157954 ], [ 12.637457703193437, 66.028731370211759 ] ] } },
{ "type": "Feature", "properties": { "gml_id": "id50a00874-81d9-4f33-88f6-91032dcd7ced", "lokalid": "cb5be266-35bd-482f-a190-e2dd72b7e34b", "navnerom": "https://data.geonorge.no/sosi/samferdsel/hovedled_og_biled", "versjonId": 20210101, "datauttaksdato": "2026-01-01T23:00:58", "farlednavn": "Innseilingen Åsvær", "farlednummer": 1163, "farledtype": "Hovedled" }, "geometry": { "type": "LineString", "coordinates": [ [ 12.605222430806263, 66.232898575706216 ], [ 12.789579041119692, 66.193195312219302 ], [ 12.829625212495865, 66.155861963868503 ] ] } },
{ "type": "Feature", "properties": { "gml_id": "idc5daa4d8-b5f4-4a70-9915-b05c49ffb07c", "lokalid": "4b9e7b46-8704-4d41-a601-430f64c45503", "navnerom": "https://data.geonorge.no/sosi/samferdsel/hovedled_og_biled", "versjonId": 20210101, "datauttaksdato": "2026-01-01T23:00:58", "farlednavn": "Innseilingen Åsvær", "farlednummer": 1163, "farledtype": "Hovedled" }, "geometry": { "type": "LineString", "coordinates": [ [ 12.207563965748177, 66.28350103180793 ], [ 12.605222430806263, 66.232898575706216 ], [ 12.623330636036949, 66.223233407784662 ], [ 12.684900038531223, 66.122731334556264 ], [ 12.693620670758747, 66.10842856825785 ], [ 12.691621489030513, 66.103927453815359 ], [ 12.684199900765222, 66.087203979576387 ] ] } },
{ "type": "Feature", "properties": { "gml_id": "id35542501-625a-4194-a100-9d5de68888c9", "lokalid": "c5f147a8-2ecd-4ef2-b269-afaa81bf76b8", "navnerom": "https://data.geonorge.no/sosi/samferdsel/hovedled_og_biled", "versjonId": 20210101, "datauttaksdato": "2026-01-01T23:00:58", "farlednavn": "Nesna", "farlednummer": 1566, "farledtype": "Hovedled" }, "geometry": { "type": "LineString", "coordinates": [ [ 12.793980666819072, 66.132791851308653 ], [ 12.873416870257627, 66.147583472414055 ], [ 12.954334613225893, 66.168763167368454 ], [ 12.972821070330891, 66.174176710540337 ], [ 12.999715106890902, 66.187735761558173 ], [ 13.005377171872132, 66.200234816219776 ], [ 12.967129631807211, 66.214302392029367 ], [ 12.928234479164725, 66.222156731383706 ], [ 12.927705545079501, 66.222263440987717 ], [ 12.901850248540358, 66.223626241491488 ], [ 12.896206383803996, 66.230946769789497 ] ] } },
{ "type": "Feature", "properties": { "gml_id": "ide15249e6-287d-4db2-af93-5ad630d622b7", "lokalid": "36dddb8d-1993-4784-b1b2-75f29e71a4c6", "navnerom": "https://data.geonorge.no/sosi/samferdsel/hovedled_og_biled", "versjonId": 20210101, "datauttaksdato": "2026-01-01T23:00:58", "farlednavn": "Eidet via Ørnes", "farlednummer": 1168, "farledtype": "Hovedled" }, "geometry": { "type": "LineString", "coordinates": [ [ 13.569584098406546, 66.821358370656071 ], [ 13.569607271122234, 66.821361115891108 ], [ 13.656606337863119, 66.831638732970788 ], [ 13.676788819594709, 66.837983699546385 ], [ 13.697020995206415, 66.868074676244063 ], [ 13.68467501369163, 66.874368805402156 ], [ 13.676833361585921, 66.87500959338648 ], [ 13.676755758731058, 66.875015932875343 ], [ 13.563642082745693, 66.858266620588296 ] ] } },
{ "type": "Feature", "properties": { "gml_id": "id5d1a4fae-e1c4-4dc7-a9ab-67e1e3dc1ccc", "lokalid": "a3cb8eba-b943-4187-8c4e-b4d76d2acd77", "navnerom": "https://data.geonorge.no/sosi/samferdsel/hovedled_og_biled", "versjonId": 20210101, "datauttaksdato": "2026-01-01T23:00:58", "farlednavn": "Olstokvær", "farlednummer": 1167, "farledtype": "Hovedled" }, "geometry": { "type": "LineString", "coordinates": [ [ 13.223032598890081, 66.761775557719048 ], [ 13.247751376577146, 66.783490622713927 ], [ 13.258545695046925, 66.792960106172259 ], [ 13.259620078859047, 66.802044611327986 ], [ 13.261175014537844, 66.815181161857765 ], [ 13.269590756026153, 66.835274046675863 ], [ 13.27871351639306, 66.839305276746458 ], [ 13.32473285832066, 66.849941692300973 ], [ 13.355240088645992, 66.874976328532611 ], [ 13.355819061726503, 66.875450893287336 ], [ 13.47002067417715, 66.902338488016881 ], [ 13.489998621419783, 66.911670007999291 ], [ 13.493632309285791, 66.917911586144143 ] ] } },
{ "type": "Feature", "properties": { "gml_id": "idbc828913-2a6b-4b90-9a9d-efad16c499fc", "lokalid": "2427eef1-83b5-4b88-95e9-b6f784ebd81d", "navnerom": "https://data.geonorge.no/sosi/samferdsel/hovedled_og_biled", "versjonId": 20210101, "datauttaksdato": "2026-01-01T23:00:58", "farlednavn": "Støtt - Landegode", "farlednummer": 1573, "farledtype": "Hovedled" }, "geometry": { "type": "LineString", "coordinates": [ [ 13.493632309285791, 66.917911586144143 ], [ 13.489739732727722, 66.929166594931175 ], [ 13.48021636340148, 66.93769098207953 ], [ 13.478650230341398, 66.953107185661963 ], [ 13.483220769808064, 66.957542839403033 ], [ 13.496250186272059, 66.962414725879114 ], [ 13.559445385529955, 66.967453652724743 ], [ 13.661950343532146, 66.974222804846022 ], [ 13.883655675974591, 67.057709639803377 ], [ 13.894382024325617, 67.069296943762652 ], [ 13.978764484777123, 67.106986103605465 ], [ 14.018377758464467, 67.124623590641349 ], [ 14.046367860565026, 67.167646688548103 ], [ 14.127036404030868, 67.216503879086531 ], [ 14.219426957590361, 67.272168772463246 ], [ 14.319761261327963, 67.32002958816436 ], [ 14.373350905549126, 67.345488969522037 ], [ 14.427589619978153, 67.37121318273573 ], [ 14.430836205429008, 67.396672579697764 ], [ 14.454586338635895, 67.423692582641564 ], [ 14.398089601310836, 67.465720456063906 ] ] } },
{ "type": "Feature", "properties": { "gml_id": "ida9c163e7-5690-4ea0-a222-c0796b9b45a8", "lokalid": "414b70ad-a4a3-4bf8-b1ac-aa10c3e3d3c4", "navnerom": "https://data.geonorge.no/sosi/samferdsel/hovedled_og_biled", "versjonId": 20210101, "datauttaksdato": "2026-01-01T23:00:58", "farlednavn": "Innseilingen Fleinvær", "farlednummer": 1170, "farledtype": "Hovedled" }, "geometry": { "type": "LineString", "coordinates": [ [ 13.767055518464684, 67.226325998537007 ], [ 13.767357011033166, 67.226285260738194 ], [ 13.971643519400276, 67.198519148963214 ], [ 14.073982655742212, 67.184487159784894 ] ] } },
{ "type": "Feature", "properties": { "gml_id": "id88be27a4-a651-40fc-accb-c25dc4fe2fec", "lokalid": "4c7f4c92-4562-4d86-9b87-d33e4d98717b", "navnerom": "https://data.geonorge.no/sosi/samferdsel/hovedled_og_biled", "versjonId": 20210101, "datauttaksdato": "2026-01-01T23:00:58", "farlednavn": "Måløyvær", "farlednummer": 2698, "farledtype": "Biled" }, "geometry": { "type": "LineString", "coordinates": [ [ 14.717960589661196, 67.759638804767803 ], [ 14.555995221858865, 67.770244292909524 ], [ 14.519741716751804, 67.7831131549502 ], [ 14.507484136724001, 67.789302695810804 ], [ 14.512937987006898, 67.798209132181341 ], [ 14.662998821790641, 67.846260502334189 ], [ 14.689155007274703, 67.852780081419297 ], [ 14.706149187053427, 67.857505684017909 ], [ 14.753090713784598, 67.876322405608732 ], [ 14.832368884026144, 67.882009289750073 ] ] } },
{ "type": "Feature", "properties": { "gml_id": "ida1115a02-6b5d-418f-ab9e-a7abc31feba0", "lokalid": "1244f2a7-2fab-4231-af4b-0d7d919a42b0", "navnerom": "https://data.geonorge.no/sosi/samferdsel/hovedled_og_biled", "versjonId": 20210101, "datauttaksdato": "2026-01-01T23:00:58", "farlednavn": "Handnessundet", "farlednummer": 2616, "farledtype": "Biled" }, "geometry": { "type": "LineString", "coordinates": [ [ 12.927705545079501, 66.222263440987717 ], [ 12.918101117375148, 66.227483781569759 ], [ 12.915547617737799, 66.231524333746535 ], [ 12.92012302155088, 66.25412938293104 ] ] } },
{ "type": "Feature", "properties": { "gml_id": "id731af5eb-e857-429d-94ea-d34f68af3a9f", "lokalid": "dd2d8051-d7fe-4ceb-891e-62984db4270b", "navnerom": "https://data.geonorge.no/sosi/samferdsel/hovedled_og_biled", "versjonId": 20210101, "datauttaksdato": "2026-01-01T23:00:58", "farlednavn": "Lillesjona", "farlednummer": 2616, "farledtype": "Biled" }, "geometry": { "type": "LineString", "coordinates": [ [ 13.240560671354425, 66.298676744165505 ], [ 13.016235200364877, 66.228246778205857 ], [ 12.928234479164725, 66.222156731383706 ], [ 12.885586978093274, 66.219186325317352 ] ] } },
{ "type": "Feature", "properties": { "gml_id": "id4122558c-7722-463d-b34e-2286a034b2b7", "lokalid": "865ea475-16fb-4fd4-976c-bdc47f410610", "navnerom": "https://data.geonorge.no/sosi/samferdsel/hovedled_og_biled", "versjonId": 20210101, "datauttaksdato": "2026-01-01T23:00:58", "farlednavn": "Bodø", "farlednummer": 1171, "farledtype": "Hovedled" }, "geometry": { "type": "LineString", "coordinates": [ [ 14.126269062862859, 67.216296054846126 ], [ 14.127036404030868, 67.216503879086531 ], [ 14.306605967071476, 67.264938894976325 ], [ 14.361666825146852, 67.285099034323636 ] ] } },
{ "type": "Feature", "properties": { "gml_id": "ida28c8f82-451d-4c66-8cb9-c65b5cd0aaeb", "lokalid": "8802172f-899c-4626-bb68-85b07858d176", "navnerom": "https://data.geonorge.no/sosi/samferdsel/hovedled_og_biled", "versjonId": 20210101, "datauttaksdato": "2026-01-01T23:00:58", "farlednavn": "Hjartøysundet", "farlednummer": 1172, "farledtype": "Hovedled" }, "geometry": { "type": "LineString", "coordinates": [ [ 14.307548043882058, 67.276017178407429 ], [ 14.317688492270499, 67.280828809850576 ], [ 14.344940168801429, 67.293746990380001 ], [ 14.360635277170127, 67.302593382506132 ], [ 14.369085235764963, 67.307286059340257 ], [ 14.369177785101686, 67.30733744290751 ], [ 14.417669088594268, 67.339212220738958 ], [ 14.427589619978153, 67.37121318273573 ] ] } },
{ "type": "Feature", "properties": { "gml_id": "idce828b67-5db4-479a-b6f4-434052d491ed", "lokalid": "aabd39bc-4515-41d7-91c6-fb39ef00b81b", "navnerom": "https://data.geonorge.no/sosi/samferdsel/hovedled_og_biled", "versjonId": 20210101, "datauttaksdato": "2026-01-01T23:00:58", "farlednavn": "Vestfjorden", "farlednummer": 1576, "farledtype": "Hovedled" }, "geometry": { "type": "LineString", "coordinates": [ [ 14.398089601310836, 67.465720456063906 ], [ 14.305668301100837, 67.61749860123723 ], [ 14.254665047079362, 67.700404375331914 ], [ 14.393318010597673, 67.798572582337357 ], [ 14.507744269579328, 67.878884944611769 ], [ 14.670022333621496, 67.930314492737239 ], [ 15.120911220751482, 68.071193790784093 ], [ 15.136364956132393, 68.075970216097701 ], [ 15.36642110467543, 68.146672242081166 ], [ 15.594792883020457, 68.212318372074222 ], [ 15.954079023936472, 68.354317009323623 ] ] } },
{ "type": "Feature", "properties": { "gml_id": "id965f64b4-85ad-4799-9f44-42ffa330ed10", "lokalid": "235a8a11-da73-4fa8-aa7d-f6586d6a7ed7", "navnerom": "https://data.geonorge.no/sosi/samferdsel/hovedled_og_biled", "versjonId": 20210101, "datauttaksdato": "2026-01-01T23:00:58", "farlednavn": "Vestfjorden - Stamsund", "farlednummer": 1175, "farledtype": "Hovedled" }, "geometry": { "type": "LineString", "coordinates": [ [ 14.254665047079362, 67.700404375331914 ], [ 14.087206297495737, 67.866430507039041 ], [ 13.855523765738466, 68.092002437625496 ], [ 13.83410493049503, 68.101762475329039 ], [ 13.831921970663295, 68.111079148051743 ], [ 13.835025587664903, 68.116534062264932 ] ] } },
{ "type": "Feature", "properties": { "gml_id": "id8716643d-3c8b-40a2-af3b-c9abcea62ed4", "lokalid": "2cfc8b93-24e7-4c39-803b-62f173d8e43a", "navnerom": "https://data.geonorge.no/sosi/samferdsel/hovedled_og_biled", "versjonId": 20210101, "datauttaksdato": "2026-01-01T23:00:58", "farlednavn": "Vestfjorden Svolvær", "farlednummer": 1180, "farledtype": "Hovedled" }, "geometry": { "type": "LineString", "coordinates": [ [ 14.254665047079362, 67.700404375331914 ], [ 14.349647610720048, 67.845586610063236 ], [ 14.414440579664589, 67.943569746219509 ], [ 14.529367482555831, 68.11529985333749 ], [ 14.537097152243884, 68.143384008546406 ], [ 14.554806414362853, 68.207469243939471 ], [ 14.557301705134698, 68.209921705418907 ], [ 14.55738187650025, 68.210000491889701 ], [ 14.559138409907481, 68.211726529221153 ], [ 14.565732252207805, 68.218203400308681 ], [ 14.560733904925581, 68.22359458674859 ] ] } },
{ "type": "Feature", "properties": { "gml_id": "idf35a3267-c4c9-4c7c-89b6-9129d1b8b2c6", "lokalid": "0b75a31b-b48b-4812-ab04-9442e8ccebb7", "navnerom": "https://data.geonorge.no/sosi/samferdsel/hovedled_og_biled", "versjonId": 20210101, "datauttaksdato": "2026-01-01T23:00:58", "farlednavn": "Raftsundet - Sortlandssundet", "farlednummer": 1184, "farledtype": "Hovedled" }, "geometry": { "type": "LineString", "coordinates": [ [ 14.889054100223918, 68.217571608885507 ], [ 14.905141794808598, 68.228757972526509 ], [ 14.934014334523811, 68.24880281665537 ], [ 14.972235578925293, 68.290797037595439 ], [ 14.969037202564131, 68.310097487875609 ], [ 14.969511559654427, 68.314764382451372 ], [ 14.969858853969637, 68.314978695767593 ], [ 14.975859543555421, 68.318680951132905 ], [ 15.004675850790242, 68.329479988323229 ], [ 15.024076994116074, 68.340299388981634 ], [ 15.042472315616138, 68.353252515137726 ], [ 15.049342813372808, 68.361125704630012 ], [ 15.050282234434555, 68.368224199254456 ], [ 15.079798086790616, 68.385369726900066 ], [ 15.114107727003244, 68.406825585280259 ], [ 15.131333776747292, 68.415569554770258 ], [ 15.142629430934884, 68.428564472177314 ], [ 15.152544431709828, 68.435817174149406 ], [ 15.180895422845655, 68.448033734215841 ], [ 15.196300997306027, 68.460664578449169 ], [ 15.207130592345971, 68.477829287227152 ], [ 15.215892322156426, 68.483447080162648 ], [ 15.21813484222856, 68.485713552062279 ], [ 15.206331296467066, 68.48797415713608 ], [ 15.195480434263917, 68.492745032908161 ], [ 15.174906214742148, 68.501783587576071 ], [ 15.137822377975821, 68.536950239362397 ], [ 15.186732170312073, 68.578232974994478 ], [ 15.325619331559819, 68.629989411061572 ], [ 15.433293338228442, 68.66987187338097 ], [ 15.439257187683804, 68.68739684215393 ], [ 15.427182262706641, 68.706792231424572 ] ] } },
{ "type": "Feature", "properties": { "gml_id": "id5b050748-6029-4048-bff0-049b583d447d", "lokalid": "88f8c93b-9316-4eed-9a46-8cc29cb8eb77", "navnerom": "https://data.geonorge.no/sosi/samferdsel/hovedled_og_biled", "versjonId": 20210101, "datauttaksdato": "2026-01-01T23:00:58", "farlednavn": "Henningsværstraumen Vestfjorden", "farlednummer": 1182, "farledtype": "Hovedled" }, "geometry": { "type": "LineString", "coordinates": [ [ 13.831921970663295, 68.111079148051743 ], [ 13.862268510343087, 68.10831614084158 ], [ 14.099780638424479, 68.110825772824796 ], [ 14.148163743460941, 68.11129514437404 ], [ 14.529367482555831, 68.11529985333749 ], [ 14.745468646945831, 68.13559924059544 ], [ 14.801568500632461, 68.140817045168774 ], [ 14.803166591644219, 68.140965369652989 ], [ 14.852179281275797, 68.14550599122326 ], [ 15.594792883020457, 68.212318372074222 ] ] } },
{ "type": "Feature", "properties": { "gml_id": "id598c9fdd-153c-4bdd-9bd0-0543d5dc9184", "lokalid": "28252bd3-1a09-4e24-ae7f-67d80df7b29a", "navnerom": "https://data.geonorge.no/sosi/samferdsel/hovedled_og_biled", "versjonId": 20210101, "datauttaksdato": "2026-01-01T23:00:58", "farlednavn": "Henningsvær - Svolvær - Moldøra", "farlednummer": 1176, "farledtype": "Hovedled" }, "geometry": { "type": "LineString", "coordinates": [ [ 14.148163743460941, 68.11129514437404 ], [ 14.364683739027802, 68.179869434949779 ], [ 14.554806414362853, 68.207469243939471 ] ] } },
{ "type": "Feature", "properties": { "gml_id": "idebaf5358-2a0e-416a-982f-f077733463fb", "lokalid": "225cb0a2-7030-4e13-a43a-4d9386bc3ca6", "navnerom": "https://data.geonorge.no/sosi/samferdsel/hovedled_og_biled", "versjonId": 20210101, "datauttaksdato": "2026-01-01T23:00:58", "farlednavn": "Henningsvær - Svolvær - Moldøra", "farlednummer": 1176, "farledtype": "Hovedled" }, "geometry": { "type": "LineString", "coordinates": [ [ 14.565732252207805, 68.218203400308681 ], [ 14.63636979937935, 68.2246551319692 ], [ 14.68189045416408, 68.231646020702556 ], [ 14.731083284000233, 68.239182064510445 ], [ 14.769639117193476, 68.232343343256545 ], [ 14.775037128390535, 68.229773602150402 ], [ 14.781895777178869, 68.228481247870846 ], [ 14.785412344964287, 68.226787628369905 ], [ 14.857227806704621, 68.216067448877212 ], [ 14.889052934156728, 68.217571554292121 ], [ 14.889054100223918, 68.217571608885507 ] ] } },
{ "type": "Feature", "properties": { "gml_id": "id85482090-94d5-40bc-a7af-82fe7a2d2725", "lokalid": "27a8ce03-0970-4ee7-880e-1a6f7f8a100c", "navnerom": "https://data.geonorge.no/sosi/samferdsel/hovedled_og_biled", "versjonId": 20210101, "datauttaksdato": "2026-01-01T23:00:58", "farlednavn": "Lødingen Ofortfjorden", "farlednummer": 1183, "farledtype": "Hovedled" }, "geometry": { "type": "LineString", "coordinates": [ [ 16.145674928920329, 68.374986308884147 ], [ 16.09732641988424, 68.380970280353523 ], [ 16.073203522383466, 68.388074400566026 ], [ 16.05672663492107, 68.396345647117769 ], [ 16.048816763044957, 68.414288056943477 ] ] } },
{ "type": "Feature", "properties": { "gml_id": "id759bb156-32e0-457b-90ac-201c06450f88", "lokalid": "44e4fa4f-9fdd-4aea-abea-131293339cd2", "navnerom": "https://data.geonorge.no/sosi/samferdsel/hovedled_og_biled", "versjonId": 20210101, "datauttaksdato": "2026-01-01T23:00:58", "farlednavn": "Innseilingen Hadselfjorden", "farlednummer": 1185, "farledtype": "Hovedled" }, "geometry": { "type": "LineString", "coordinates": [ [ 13.973366631938857, 68.511757673002151 ], [ 13.973464934296732, 68.511748683416542 ], [ 14.521806454331607, 68.460591386461218 ] ] } },
{ "type": "Feature", "properties": { "gml_id": "id74a5ffa7-dd56-4157-8a1d-b902c2e5d82a", "lokalid": "a3d83d40-477a-4fe9-b9ee-dbf44b00a45a", "navnerom": "https://data.geonorge.no/sosi/samferdsel/hovedled_og_biled", "versjonId": 20210101, "datauttaksdato": "2026-01-01T23:00:58", "farlednavn": "Hadselfjorden", "farlednummer": 1185, "farledtype": "Hovedled" }, "geometry": { "type": "LineString", "coordinates": [ [ 14.969169917229332, 68.498677241292683 ], [ 15.162031972544449, 68.503352582866412 ], [ 15.174906214742148, 68.501783587576071 ] ] } },
{ "type": "Feature", "properties": { "gml_id": "ide6c7859b-47e0-4162-9d28-ea6572eeae80", "lokalid": "d0b11b1b-d033-4c08-85ac-4dde76c8bf85", "navnerom": "https://data.geonorge.no/sosi/samferdsel/hovedled_og_biled", "versjonId": 20210101, "datauttaksdato": "2026-01-01T23:00:58", "farlednavn": "Sortlandssundet - Risøyrenna", "farlednummer": 1190, "farledtype": "Hovedled" }, "geometry": { "type": "LineString", "coordinates": [ [ 15.427182262706641, 68.706792231424572 ], [ 15.42209461976803, 68.736419812920929 ], [ 15.434487183191493, 68.809480926271661 ], [ 15.451994779737623, 68.821910036835391 ], [ 15.513771983430589, 68.863266740144937 ], [ 15.5551990610779, 68.896669338480606 ], [ 15.577423664474622, 68.907333613019546 ], [ 15.611313870805926, 68.954866558426744 ], [ 15.638163398373711, 68.965648645784285 ], [ 15.650380760295208, 68.968057015940573 ], [ 15.678276884419226, 68.968577332337503 ], [ 15.712508701959695, 68.97809811307414 ], [ 15.717665642153904, 68.97880509382334 ], [ 15.785792927365922, 68.977255091505469 ], [ 15.90259904476064, 68.98214119331935 ], [ 16.098317169940849, 68.959784351197001 ] ] } },
{ "type": "Feature", "properties": { "gml_id": "ide7d6c021-6fa4-47d6-b00c-3e3e79b0ab04", "lokalid": "4e5d3298-55d6-4be4-9470-a095ae9d79b1", "navnerom": "https://data.geonorge.no/sosi/samferdsel/hovedled_og_biled", "versjonId": 20210101, "datauttaksdato": "2026-01-01T23:00:58", "farlednavn": "Gavlfjorden - Andenes", "farlednummer": 1191, "farledtype": "Hovedled" }, "geometry": { "type": "LineString", "coordinates": [ [ 15.451994779737623, 68.821910036835391 ], [ 15.399641411420891, 68.901778707004212 ], [ 15.388097886457551, 68.999568782685088 ], [ 15.378652297287601, 69.078950832010392 ], [ 15.630832423426382, 69.22741340731271 ], [ 15.844915712636318, 69.332062404342878 ], [ 16.159329376271522, 69.413685192696491 ], [ 16.29407947692285, 69.438712037208745 ] ] } },
{ "type": "Feature", "properties": { "gml_id": "id6725dfee-f9ac-471f-a55b-4349b2d96403", "lokalid": "50ac4eb4-65d5-4c19-afc5-5cea6a9ee86a", "navnerom": "https://data.geonorge.no/sosi/samferdsel/hovedled_og_biled", "versjonId": 20210101, "datauttaksdato": "2026-01-01T23:00:58", "farlednavn": "Tjeldsundet", "farlednummer": 1578, "farledtype": "Hovedled" }, "geometry": { "type": "LineString", "coordinates": [ [ 15.954079023936472, 68.354317009323623 ], [ 16.018116765727054, 68.378988526143928 ], [ 16.027180589754661, 68.382474183206313 ], [ 16.048816763044957, 68.414288056943477 ], [ 16.085743146703312, 68.457976405626795 ], [ 16.12690742092645, 68.493555871087679 ], [ 16.214337403553685, 68.545653349372998 ], [ 16.240340920859815, 68.552166592449254 ], [ 16.272395607214108, 68.552041045162255 ], [ 16.298383060130341, 68.553818550081331 ], [ 16.351832636476864, 68.560820160492227 ], [ 16.385148531578658, 68.557806476051923 ], [ 16.466487180083508, 68.552333839110787 ], [ 16.49146185042283, 68.555512483456752 ], [ 16.529404299836823, 68.569668747683906 ], [ 16.536779283730116, 68.576546042472742 ], [ 16.534201182068941, 68.597823847536503 ], [ 16.615971039776944, 68.653247696570673 ], [ 16.647533329458717, 68.669531925308476 ], [ 16.71770679739884, 68.706960155206389 ], [ 16.740599898881499, 68.737573937211451 ] ] } },
{ "type": "Feature", "properties": { "gml_id": "idabaa3eea-c682-4e69-9bd1-432f49d438f3", "lokalid": "ccca020a-f30d-4900-9a34-7af8271ed86c", "navnerom": "https://data.geonorge.no/sosi/samferdsel/hovedled_og_biled", "versjonId": 20210101, "datauttaksdato": "2026-01-01T23:00:58", "farlednavn": "Sandtorgstraumen", "farlednummer": 1578, "farledtype": "Hovedled" }, "geometry": { "type": "LineString", "coordinates": [ [ 16.385148531578658, 68.557806476051923 ], [ 16.429546346321235, 68.546366343635384 ], [ 16.466487180083508, 68.552333839110787 ] ] } },
{ "type": "Feature", "properties": { "gml_id": "iddfa8b2f2-8946-4849-baf5-64f97306c35c", "lokalid": "e75e0038-650b-404b-ab66-dcd4dcf2b31f", "navnerom": "https://data.geonorge.no/sosi/samferdsel/hovedled_og_biled", "versjonId": 20210101, "datauttaksdato": "2026-01-01T23:00:58", "farlednavn": "Austnesfjorden", "farlednummer": 2761, "farledtype": "Biled" }, "geometry": { "type": "LineString", "coordinates": [ [ 14.68189045416408, 68.231646020702556 ], [ 14.733805136849638, 68.319146927565086 ], [ 14.733596581301803, 68.328288007101676 ] ] } },
{ "type": "Feature", "properties": { "gml_id": "id1bb5f368-653b-4d59-9106-7c52c3fb9def", "lokalid": "00f1ed6d-895d-40d9-9819-8513329e6dd4", "navnerom": "https://data.geonorge.no/sosi/samferdsel/hovedled_og_biled", "versjonId": 20210101, "datauttaksdato": "2026-01-01T23:00:58", "farlednavn": "Trollfjorden", "farlednummer": 2763, "farledtype": "Biled" }, "geometry": { "type": "LineString", "coordinates": [ [ 14.969511559654427, 68.314764382451372 ], [ 14.969595709153356, 68.314929706040189 ], [ 14.994762870790202, 68.364265185214862 ], [ 14.936129085081941, 68.363771911143559 ] ] } },
{ "type": "Feature", "properties": { "gml_id": "ida3838f1e-baed-4950-84b5-39bab850639d", "lokalid": "eccba9ce-fda8-49bd-bf9c-9ada765c14a4", "navnerom": "https://data.geonorge.no/sosi/samferdsel/hovedled_og_biled", "versjonId": 20210101, "datauttaksdato": "2026-01-01T23:00:58", "farlednavn": "Ursfjorden", "farlednummer": 2569, "farledtype": "Biled" }, "geometry": { "type": "LineString", "coordinates": [ [ 12.183105125034681, 65.216581482960734 ], [ 12.423205252022305, 65.354272404923208 ], [ 12.450957250883436, 65.358749489305566 ] ] } },
{ "type": "Feature", "properties": { "gml_id": "idaf8ee1cf-ea6d-453d-bc6e-0951f4afa96b", "lokalid": "5abf6684-f997-4b96-9ea9-85047a6c07ee", "navnerom": "https://data.geonorge.no/sosi/samferdsel/hovedled_og_biled", "versjonId": 20210101, "datauttaksdato": "2026-01-01T23:00:58", "farlednavn": "Holm - Vennesund", "farlednummer": 2572, "farledtype": "Biled" }, "geometry": { "type": "LineString", "coordinates": [ [ 12.111974433059679, 65.180869492806167 ], [ 12.105421951530268, 65.182082206954888 ], [ 12.067403989829188, 65.199037715362934 ], [ 12.049517953523694, 65.207003740364598 ], [ 12.043753704426287, 65.211295456582647 ], [ 12.040645788286778, 65.214990721311409 ] ] } },
{ "type": "Feature", "properties": { "gml_id": "id1cfde624-fd8d-49c7-b79d-5a746d6e6813", "lokalid": "13c37fc5-3e78-4118-b1dd-bc739de71088", "navnerom": "https://data.geonorge.no/sosi/samferdsel/hovedled_og_biled", "versjonId": 20210101, "datauttaksdato": "2026-01-01T23:00:58", "farlednavn": "Sømnesvika", "farlednummer": 2577, "farledtype": "Biled" }, "geometry": { "type": "LineString", "coordinates": [ [ 12.117223957989339, 65.392525892771559 ], [ 12.117227182866012, 65.392524536420652 ], [ 12.171190858127559, 65.369793702831046 ] ] } },
{ "type": "Feature", "properties": { "gml_id": "idb7dc418a-a8e3-4170-b794-2f6429e7ccc6", "lokalid": "1024102c-d3e1-4ad3-a38f-ea31062cd443", "navnerom": "https://data.geonorge.no/sosi/samferdsel/hovedled_og_biled", "versjonId": 20210101, "datauttaksdato": "2026-01-01T23:00:58", "farlednavn": "Toftsundet", "farlednummer": 2587, "farledtype": "Biled" }, "geometry": { "type": "LineString", "coordinates": [ [ 11.969674701613014, 65.409809887439465 ], [ 12.099180847549238, 65.451972504009987 ], [ 12.125669468778174, 65.469370554754065 ], [ 12.144247530001948, 65.477055787535747 ], [ 12.152778137842551, 65.482058613118426 ], [ 12.156894806280789, 65.483519669085325 ], [ 12.160224837849798, 65.486442460902182 ], [ 12.164768817222564, 65.487714515571682 ], [ 12.169841505864589, 65.490416046194156 ], [ 12.174977204192533, 65.495126143068518 ], [ 12.180217543289665, 65.49993029903203 ], [ 12.198355525331268, 65.509539414054956 ] ] } },
{ "type": "Feature", "properties": { "gml_id": "id879312a3-71ea-4bb0-8990-5fa975e2a3db", "lokalid": "8463de90-ae43-4202-aa0f-6ebb75e5bbd9", "navnerom": "https://data.geonorge.no/sosi/samferdsel/hovedled_og_biled", "versjonId": 20210101, "datauttaksdato": "2026-01-01T23:00:58", "farlednavn": "Andalsvåg - Igerøy - Tjøtta", "farlednummer": 2575, "farledtype": "Biled" }, "geometry": { "type": "LineString", "coordinates": [ [ 12.393902394650349, 65.575138274300073 ], [ 12.388983372781496, 65.575479105562152 ], [ 12.376753826759387, 65.577209159343511 ], [ 12.36648383455258, 65.579415836772043 ], [ 12.344859985903522, 65.583460298429785 ], [ 12.309238201389956, 65.588445682881925 ], [ 12.295203203482844, 65.591923473750541 ], [ 12.222865644799791, 65.630785436116398 ], [ 12.185337350642103, 65.650887064978022 ], [ 12.144950075066349, 65.65681659706577 ], [ 12.155986891375262, 65.678310350717339 ], [ 12.312340773384737, 65.757490142942487 ], [ 12.434525386579715, 65.818921629445583 ] ] } },
{ "type": "Feature", "properties": { "gml_id": "id4ed0ef38-c00e-4cf0-a2ba-850f84aa13b5", "lokalid": "c02dcbae-f226-4141-bf45-5c4b9711d13a", "navnerom": "https://data.geonorge.no/sosi/samferdsel/hovedled_og_biled", "versjonId": 20210101, "datauttaksdato": "2026-01-01T23:00:58", "farlednavn": "Vevelstadsudet - Trosundet", "farlednummer": 2580, "farledtype": "Biled" }, "geometry": { "type": "LineString", "coordinates": [ [ 12.458275455215189, 65.715058493110377 ], [ 12.457881701001417, 65.717157070163154 ], [ 12.458895907374954, 65.72034342901371 ], [ 12.463414175132916, 65.727233068381125 ], [ 12.463449146033231, 65.727286377705241 ], [ 12.513757487083174, 65.782984175866289 ], [ 12.515744095228742, 65.79867534812162 ], [ 12.510690810299081, 65.803553560407209 ], [ 12.504775500773569, 65.805928715027463 ], [ 12.499779736470419, 65.807008991877922 ], [ 12.471941692474692, 65.810612533171991 ], [ 12.469233688651661, 65.810738325215382 ], [ 12.439817599763927, 65.812101587789613 ], [ 12.436942989903574, 65.813359946818082 ], [ 12.434525386579715, 65.818921629445583 ], [ 12.433514660793085, 65.820365231978784 ] ] } },
{ "type": "Feature", "properties": { "gml_id": "id3b420900-99e7-4ba2-8dda-cb4ec36d3e4f", "lokalid": "3a8214d8-e917-4550-a0fe-f5b39eef0b6e", "navnerom": "https://data.geonorge.no/sosi/samferdsel/hovedled_og_biled", "versjonId": 20210101, "datauttaksdato": "2026-01-01T23:00:58", "farlednavn": "Levang - Nesna", "farlednummer": 2610, "farledtype": "Biled" }, "geometry": { "type": "LineString", "coordinates": [ [ 13.07585859572702, 66.157900610504015 ], [ 13.073348808517116, 66.159491988102218 ], [ 13.041013330058401, 66.164592039918375 ], [ 13.015809609000506, 66.16856112818401 ], [ 13.005680120316203, 66.172555691350979 ], [ 12.999715106890902, 66.187735761558173 ] ] } },
{ "type": "Feature", "properties": { "gml_id": "idb57e984a-6b6b-481c-b106-3e6cd6e37f6b", "lokalid": "5ed2b8b6-42ce-45a9-8584-4570a006a2a2", "navnerom": "https://data.geonorge.no/sosi/samferdsel/hovedled_og_biled", "versjonId": 20210101, "datauttaksdato": "2026-01-01T23:00:58", "farlednavn": "Finneidfjord", "farlednummer": 2611, "farledtype": "Biled" }, "geometry": { "type": "LineString", "coordinates": [ [ 13.776238274818352, 66.197646033528201 ], [ 13.781455628256284, 66.20362231490742 ], [ 13.833318490971983, 66.229996664892795 ], [ 13.838231747794369, 66.239446730569853 ], [ 13.825452251235935, 66.245551932840982 ], [ 13.804033036078021, 66.252408276867286 ], [ 13.78438374889434, 66.25449976246712 ] ] } },
{ "type": "Feature", "properties": { "gml_id": "id43751469-c918-430a-9e08-2e853d47255c", "lokalid": "a99f8c82-8f5e-4364-9dfd-c7e9d669073f", "navnerom": "https://data.geonorge.no/sosi/samferdsel/hovedled_og_biled", "versjonId": 20210101, "datauttaksdato": "2026-01-01T23:00:58", "farlednavn": "Tomfjorden", "farlednummer": 2619, "farledtype": "Biled" }, "geometry": { "type": "LineString", "coordinates": [ [ 12.54932853927497, 66.240100431167193 ], [ 12.792428044226343, 66.317436212945367 ], [ 12.809156279462659, 66.321375594501205 ], [ 12.831208651265344, 66.32490010888958 ], [ 12.903727286247065, 66.33879199168976 ], [ 12.905198416873828, 66.339073298318681 ], [ 12.95994764376031, 66.349131818784784 ] ] } },
{ "type": "Feature", "properties": { "gml_id": "id6c2de4e2-d817-4423-aadc-50de8a297e01", "lokalid": "a895a36e-1098-4b5a-9287-3e86a24f139d", "navnerom": "https://data.geonorge.no/sosi/samferdsel/hovedled_og_biled", "versjonId": 20210101, "datauttaksdato": "2026-01-01T23:00:58", "farlednavn": "Kilboghamn - Ivarøy", "farlednummer": 2634, "farledtype": "Biled" }, "geometry": { "type": "LineString", "coordinates": [ [ 13.227530626231236, 66.490933365569916 ], [ 13.225977901591509, 66.515954588578154 ], [ 13.169092004258758, 66.562449804829583 ], [ 13.165570198579463, 66.569769272229664 ], [ 13.187867467540702, 66.592112584662644 ], [ 13.215478636002278, 66.614033101763695 ], [ 13.264552937322923, 66.627924981827164 ], [ 13.275566499346999, 66.625004161029821 ] ] } },
{ "type": "Feature", "properties": { "gml_id": "id54205043-8c0a-4daf-af11-7419529f1e28", "lokalid": "c95786a1-20cd-41d3-aa01-65ac5caa9994", "navnerom": "https://data.geonorge.no/sosi/samferdsel/hovedled_og_biled", "versjonId": 20210101, "datauttaksdato": "2026-01-01T23:00:58", "farlednavn": "Ågskardet - Forøy", "farlednummer": 2647, "farledtype": "Biled" }, "geometry": { "type": "LineString", "coordinates": [ [ 13.480004793764358, 66.72181447453238 ], [ 13.499185512708694, 66.731347618092343 ], [ 13.512875332307859, 66.738145775446469 ] ] } },
{ "type": "Feature", "properties": { "gml_id": "id2469d2db-8677-477b-bf16-75904b8d9ec2", "lokalid": "2f40a467-af57-42bc-b396-79e559b6efb3", "navnerom": "https://data.geonorge.no/sosi/samferdsel/hovedled_og_biled", "versjonId": 20210101, "datauttaksdato": "2026-01-01T23:00:58", "farlednavn": "Vågaholmen - Myken", "farlednummer": 2624, "farledtype": "Biled" }, "geometry": { "type": "LineString", "coordinates": [ [ 13.277935893513183, 66.707750654321416 ], [ 13.272010255523124, 66.70523850456506 ], [ 13.268733437758288, 66.704369665609974 ], [ 13.174415800670218, 66.679306221045792 ], [ 13.117494944289321, 66.656002077470831 ], [ 13.114710955450935, 66.654860625451334 ], [ 13.104415811481475, 66.651067981689224 ], [ 13.089441947235727, 66.650123875933147 ], [ 13.060711850170867, 66.648308246360685 ], [ 13.045898919039859, 66.647369973761826 ], [ 12.991838433407835, 66.646346781376849 ], [ 12.909306829516112, 66.645535546003217 ], [ 12.790607096485919, 66.696368886642276 ], [ 12.582845572015268, 66.742742834529565 ], [ 12.490976495074703, 66.765136664442721 ] ] } },
{ "type": "Feature", "properties": { "gml_id": "iddea57e02-bf5a-43d4-a1b1-9a492617522b", "lokalid": "551fd8d5-06be-4230-a2b6-a6e3b9791fbc", "navnerom": "https://data.geonorge.no/sosi/samferdsel/hovedled_og_biled", "versjonId": 20210101, "datauttaksdato": "2026-01-01T23:00:58", "farlednavn": "Skarsfjorden - Holandsfjorden", "farlednummer": 2644, "farledtype": "Biled" }, "geometry": { "type": "LineString", "coordinates": [ [ 13.204209432885468, 66.742969424146665 ], [ 13.38873615201827, 66.739636115639343 ], [ 13.499185512708694, 66.731347618092343 ], [ 13.533941820667438, 66.728722210325785 ], [ 13.568597812707949, 66.705237815707335 ], [ 13.701805638767278, 66.704441610203943 ] ] } },
{ "type": "Feature", "properties": { "gml_id": "id9eb4d79e-a844-4605-9bc9-0a650c730eb5", "lokalid": "0da0d0a2-42a6-4cb7-a3a0-7c23de50b3a3", "navnerom": "https://data.geonorge.no/sosi/samferdsel/hovedled_og_biled", "versjonId": 20210101, "datauttaksdato": "2026-01-01T23:00:58", "farlednavn": "Valværfjorden - Storøyflaket", "farlednummer": 2646, "farledtype": "Biled" }, "geometry": { "type": "LineString", "coordinates": [ [ 12.840105620607368, 66.796075006405815 ], [ 13.017630661849344, 66.743072261466168 ], [ 13.087214037965605, 66.757536085365302 ], [ 13.100605761524282, 66.762633317042486 ], [ 13.247751376577146, 66.783490622713927 ] ] } },
{ "type": "Feature", "properties": { "gml_id": "id8573daf2-320d-49ee-adbd-4341f68a31b3", "lokalid": "f5960200-06d3-460d-a8c4-cbb59df36e31", "navnerom": "https://data.geonorge.no/sosi/samferdsel/hovedled_og_biled", "versjonId": 20210101, "datauttaksdato": "2026-01-01T23:00:58", "farlednavn": "Tennholmfjorden", "farlednummer": 2650, "farledtype": "Biled" }, "geometry": { "type": "LineString", "coordinates": [ [ 12.970525016269415, 66.895711080372507 ], [ 13.328232196766228, 66.876463621043925 ], [ 13.355240088645992, 66.874976328532611 ] ] } },
{ "type": "Feature", "properties": { "gml_id": "ideb18b553-ce2b-4bbb-8d6a-e39ec6515e1e", "lokalid": "3b013288-6bc3-4b9f-bd2c-cfa5454adac2", "navnerom": "https://data.geonorge.no/sosi/samferdsel/hovedled_og_biled", "versjonId": 20210101, "datauttaksdato": "2026-01-01T23:00:58", "farlednavn": "Meløyneset - Hornneset", "farlednummer": 2649, "farledtype": "Biled" }, "geometry": { "type": "LineString", "coordinates": [ [ 13.583291793888334, 66.839244437871272 ], [ 13.632237723169032, 66.864136208116904 ], [ 13.676833361585921, 66.87500959338648 ], [ 13.651699375070104, 66.882261181102464 ], [ 13.644207669552793, 66.890167793511125 ], [ 13.614409845742278, 66.894588525121094 ], [ 13.517837633212666, 66.897326410141659 ] ] } },
{ "type": "Feature", "properties": { "gml_id": "id6df01c41-fdcb-4660-b447-417ec3003728", "lokalid": "9da61990-323b-43a2-a33e-e2eba91f6f18", "navnerom": "https://data.geonorge.no/sosi/samferdsel/hovedled_og_biled", "versjonId": 20210101, "datauttaksdato": "2026-01-01T23:00:58", "farlednavn": "Innseilingen sørom Fleinvær", "farlednummer": 2659, "farledtype": "Biled" }, "geometry": { "type": "LineString", "coordinates": [ [ 13.446642809981446, 67.090264226502384 ], [ 13.75184704871066, 67.131841739996801 ], [ 13.788870504169447, 67.138201178391469 ], [ 13.971643519400276, 67.198519148963214 ], [ 14.219426957590361, 67.272168772463246 ] ] } },
{ "type": "Feature", "properties": { "gml_id": "id9f11bdeb-c150-41c5-8a3e-ba58c3319f83", "lokalid": "de0c5b93-3542-4574-a7bc-d2185f59edeb", "navnerom": "https://data.geonorge.no/sosi/samferdsel/hovedled_og_biled", "versjonId": 20210101, "datauttaksdato": "2026-01-01T23:00:58", "farlednavn": "Saltfjorden - Skjerstadfjorden - Saltdalsfjorden", "farlednummer": 2655, "farledtype": "Biled" }, "geometry": { "type": "LineString", "coordinates": [ [ 14.594303655338868, 67.245424943889802 ], [ 14.619695328607447, 67.226827652737214 ], [ 14.645207558317761, 67.223129618484705 ], [ 14.705890539743857, 67.220539663765479 ], [ 14.791190093749792, 67.24670271392209 ], [ 14.947998702558827, 67.264399911629354 ], [ 15.033684721357533, 67.259819423926643 ], [ 15.247562866147813, 67.225802707777973 ], [ 15.29494106787614, 67.215820185250607 ], [ 15.417421093018087, 67.1900138117105 ], [ 15.433421168956812, 67.167997162290121 ], [ 15.427568494425227, 67.133902732111892 ], [ 15.400435346163352, 67.109430263592301 ] ] } },
{ "type": "Feature", "properties": { "gml_id": "id2143ce31-8b52-40f4-87d4-05633a74c283", "lokalid": "8444a4b3-fa14-4bc2-8002-cbaaaf75a5b7", "navnerom": "https://data.geonorge.no/sosi/samferdsel/hovedled_og_biled", "versjonId": 20210101, "datauttaksdato": "2026-01-01T23:00:58", "farlednavn": "Mårnes", "farlednummer": 2658, "farledtype": "Biled" }, "geometry": { "type": "LineString", "coordinates": [ [ 14.088936164770656, 67.173403605484907 ], [ 14.108980527056932, 67.161016769574232 ], [ 14.143700107050933, 67.141218524605094 ] ] } },
{ "type": "Feature", "properties": { "gml_id": "id1e343c99-2166-46e1-b081-09bfe17ed07a", "lokalid": "f009d2fe-fd06-4837-8088-9b4bbb200003", "navnerom": "https://data.geonorge.no/sosi/samferdsel/hovedled_og_biled", "versjonId": 20210101, "datauttaksdato": "2026-01-01T23:00:58", "farlednavn": "Stableden", "farlednummer": 2753, "farledtype": "Biled" }, "geometry": { "type": "LineString", "coordinates": [ [ 14.537097152243884, 68.143384008546406 ], [ 14.641799946817658, 68.160033058020474 ], [ 14.649049184331785, 68.160015411931823 ], [ 14.651007046805645, 68.160449127755143 ] ] } },
{ "type": "Feature", "properties": { "gml_id": "idfb2c4d78-5f61-4a1a-a9d3-afaf40c70796", "lokalid": "3e585b49-3ab1-4481-a577-df2ead664b9a", "navnerom": "https://data.geonorge.no/sosi/samferdsel/hovedled_og_biled", "versjonId": 20210101, "datauttaksdato": "2026-01-01T23:00:58", "farlednavn": "Grønnøy", "farlednummer": 2645, "farledtype": "Biled" }, "geometry": { "type": "LineString", "coordinates": [ [ 13.569584098406546, 66.821358370656071 ], [ 13.56947746043237, 66.821345536306438 ], [ 13.532319828752227, 66.816868297313803 ], [ 13.512610395772267, 66.814489243455512 ], [ 13.455076174008045, 66.797592120092659 ], [ 13.449275154600588, 66.798972186981402 ], [ 13.389344240042986, 66.800076940612286 ], [ 13.388806319239425, 66.800086752788417 ] ] } },
{ "type": "Feature", "properties": { "gml_id": "id9549f0fb-bb65-45f5-bd60-53b7ac85c741", "lokalid": "b3a340bf-b6c1-4cc9-9fa0-24a0cdf22daf", "navnerom": "https://data.geonorge.no/sosi/samferdsel/hovedled_og_biled", "versjonId": 20210101, "datauttaksdato": "2026-01-01T23:00:58", "farlednavn": "Hufthamar - Laugarøy", "farlednummer": 2232, "farledtype": "Biled" }, "geometry": { "type": "LineString", "coordinates": [ [ 5.200110763016938, 60.124381815806785 ], [ 5.184603362847295, 60.123498353593376 ] ] } },
{ "type": "Feature", "properties": { "gml_id": "id86b24d38-57e2-4c3f-ad1e-53dd3401189e", "lokalid": "d523c2e0-faff-4f49-a68e-6974f0af6a69", "navnerom": "https://data.geonorge.no/sosi/samferdsel/hovedled_og_biled", "versjonId": 20210101, "datauttaksdato": "2026-01-01T23:00:58", "farlednavn": "Gunhildsvågen", "farlednummer": 2331, "farledtype": "Biled" }, "geometry": { "type": "LineString", "coordinates": [ [ 4.956752447078839, 61.591046301865632 ], [ 4.975358881543194, 61.588082414114211 ], [ 4.991483075896438, 61.585586964202186 ] ] } },
{ "type": "Feature", "properties": { "gml_id": "id7619debc-4c7d-45c3-a0e3-be5fa6994c24", "lokalid": "9ccfe717-b14b-41c9-b0d7-05387168c226", "navnerom": "https://data.geonorge.no/sosi/samferdsel/hovedled_og_biled", "versjonId": 20210101, "datauttaksdato": "2026-01-01T23:00:58", "farlednavn": "Folla - Sørfolla", "farlednummer": 2691, "farledtype": "Biled" }, "geometry": { "type": "LineString", "coordinates": [ [ 14.305668301100837, 67.61749860123723 ], [ 14.530671796886541, 67.62065732661209 ], [ 14.7007896767002, 67.622838311844404 ], [ 14.779228869114077, 67.623888749462409 ], [ 14.886083067256701, 67.615846282026411 ], [ 15.016319299299727, 67.605941467697804 ], [ 15.090854307410751, 67.600222148566687 ], [ 15.239254477672386, 67.536622135526144 ], [ 15.425090602251185, 67.510310956815104 ], [ 15.494076732975287, 67.489249803874273 ], [ 15.507607295897175, 67.442158164210156 ], [ 15.528574199031382, 67.430894548642513 ], [ 15.564882652131956, 67.403846404040593 ], [ 15.590370211083911, 67.375690690146328 ] ] } },
{ "type": "Feature", "properties": { "gml_id": "id5db1b732-fed0-4f02-8664-a3dee2ed6a6e", "lokalid": "587fc465-2ab0-4046-830a-3fbeaa502841", "navnerom": "https://data.geonorge.no/sosi/samferdsel/hovedled_og_biled", "versjonId": 20210101, "datauttaksdato": "2026-01-01T23:00:58", "farlednavn": "Karlsøyfjorden - Nordfolla", "farlednummer": 2690, "farledtype": "Biled" }, "geometry": { "type": "LineString", "coordinates": [ [ 14.454586338635895, 67.423692582641564 ], [ 14.51763548555253, 67.452199069004223 ], [ 14.609790440215535, 67.493698646927371 ], [ 14.732448183267035, 67.548629285448072 ], [ 14.886083067256701, 67.615846282026411 ], [ 14.993846734562107, 67.662680410318117 ], [ 15.2447219788352, 67.730531931940391 ], [ 15.252421019137561, 67.764438741363321 ], [ 15.249968871648328, 67.765682548994718 ] ] } },
{ "type": "Feature", "properties": { "gml_id": "id27346332-3806-4594-8de8-270969371fc0", "lokalid": "097913e9-0921-4fa1-8c82-f0acca675079", "navnerom": "https://data.geonorge.no/sosi/samferdsel/hovedled_og_biled", "versjonId": 20210101, "datauttaksdato": "2026-01-01T23:00:58", "farlednavn": "Bodø - Karlsøyfjorden", "farlednummer": 2679, "farledtype": "Biled" }, "geometry": { "type": "LineString", "coordinates": [ [ 14.417669088594268, 67.339212220738958 ], [ 14.48914410255575, 67.376305912940182 ], [ 14.492860770315332, 67.379940993058057 ], [ 14.609790440215535, 67.493698646927371 ], [ 14.610220579992854, 67.494114961798232 ], [ 14.610545666916828, 67.494429590513661 ] ] } },
{ "type": "Feature", "properties": { "gml_id": "iddd030531-8c0d-4d38-ac9b-f486d05f3f97", "lokalid": "577241f7-3fc7-4cd2-8683-158740ef971b", "navnerom": "https://data.geonorge.no/sosi/samferdsel/hovedled_og_biled", "versjonId": 20210101, "datauttaksdato": "2026-01-01T23:00:58", "farlednavn": "Landegode", "farlednummer": 2680, "farledtype": "Biled" }, "geometry": { "type": "LineString", "coordinates": [ [ 13.766847148393287, 67.226029900207422 ], [ 13.767357011033166, 67.226285260738194 ], [ 14.049039318004843, 67.366295856122576 ], [ 14.055172886430762, 67.369320993904154 ], [ 14.083308855118572, 67.380354389765699 ], [ 14.330292382625183, 67.476563522723978 ], [ 14.398089601310836, 67.465720456063906 ], [ 14.435743865571073, 67.460970411590267 ], [ 14.526610344670797, 67.47826691174032 ], [ 14.610220579992854, 67.494114961798232 ], [ 14.610324480667805, 67.494134615944446 ] ] } },
{ "type": "Feature", "properties": { "gml_id": "id7e91409b-8f20-4d3b-8125-17e04e60cd52", "lokalid": "650877da-3979-418a-b12e-60e3eac38389", "navnerom": "https://data.geonorge.no/sosi/samferdsel/hovedled_og_biled", "versjonId": 20210101, "datauttaksdato": "2026-01-01T23:00:58", "farlednavn": "Værøy - Moskenes", "farlednummer": 2683, "farledtype": "Biled" }, "geometry": { "type": "LineString", "coordinates": [ [ 12.748907595332515, 67.637215225489228 ], [ 12.813032403052139, 67.681175049637247 ], [ 13.053380354400446, 67.89125961968422 ] ] } },
{ "type": "Feature", "properties": { "gml_id": "id81b1e888-ef18-4540-bae4-2dfe050ff305", "lokalid": "eb5ee6ad-c638-4f4e-b635-97b9ed78886e", "navnerom": "https://data.geonorge.no/sosi/samferdsel/hovedled_og_biled", "versjonId": 20210101, "datauttaksdato": "2026-01-01T23:00:58", "farlednavn": "Helnessund", "farlednummer": 2697, "farledtype": "Biled" }, "geometry": { "type": "LineString", "coordinates": [ [ 14.706689313551765, 67.70090733952955 ], [ 14.722856876849018, 67.708830333441412 ], [ 14.738110975330645, 67.721658127880303 ], [ 14.746883040686951, 67.726375187875661 ], [ 14.769636675796116, 67.734664605038375 ], [ 14.772543263231944, 67.733639156547042 ], [ 14.776009727988876, 67.73677259401191 ], [ 14.777833469310222, 67.737991562609267 ], [ 14.711326197589459, 67.748112201857751 ] ] } },
{ "type": "Feature", "properties": { "gml_id": "id0e37490d-85dd-41ed-8d5f-7f0255498afa", "lokalid": "52b978ba-a115-4ae7-b86e-ed18a460d2e5", "navnerom": "https://data.geonorge.no/sosi/samferdsel/hovedled_og_biled", "versjonId": 20210101, "datauttaksdato": "2026-01-01T23:00:58", "farlednavn": "Værøy - Stamsund", "farlednummer": 2736, "farledtype": "Biled" }, "geometry": { "type": "LineString", "coordinates": [ [ 12.74882448397268, 67.637166703031809 ], [ 12.748928110062074, 67.637210128308425 ], [ 12.933155854177496, 67.714058686514861 ], [ 13.006365458026831, 67.745065341258282 ], [ 13.197556977497134, 67.82561366827089 ], [ 13.286588526703152, 67.862858642938292 ], [ 13.286704241422079, 67.862907091676547 ], [ 13.450007350605249, 67.93100028884291 ], [ 13.574203257750328, 67.982413778003391 ], [ 13.709657416830655, 68.039267256728408 ], [ 13.794593452283548, 68.078521553612319 ], [ 13.83410493049503, 68.101762475329039 ] ] } },
{ "type": "Feature", "properties": { "gml_id": "ida62ca9af-c86c-4664-9214-a6e404b7d2b4", "lokalid": "dd016e51-47ef-4be6-9b68-504ab02ab0c6", "navnerom": "https://data.geonorge.no/sosi/samferdsel/hovedled_og_biled", "versjonId": 20210101, "datauttaksdato": "2026-01-01T23:00:58", "farlednavn": "Bodø - Værøy", "farlednummer": 2682, "farledtype": "Biled" }, "geometry": { "type": "LineString", "coordinates": [ [ 13.844142370214763, 67.379204768265524 ], [ 13.782795843376906, 67.387853814175372 ], [ 13.07392560731264, 67.555866785260534 ], [ 12.945745093963669, 67.588094074149936 ], [ 12.748928110062074, 67.637210128308425 ], [ 12.748907595332515, 67.637215225489228 ], [ 12.719113647595963, 67.644611706210782 ], [ 12.717715331586565, 67.650801274075619 ] ] } },
{ "type": "Feature", "properties": { "gml_id": "id3eb23d80-1c5d-437f-9c0e-c442a80e2ffd", "lokalid": "cf14f081-f8fa-490e-9232-82fdc93eeca9", "navnerom": "https://data.geonorge.no/sosi/samferdsel/hovedled_og_biled", "versjonId": 20210101, "datauttaksdato": "2026-01-01T23:00:58", "farlednavn": "Bodø - Moskenes", "farlednummer": 2685, "farledtype": "Biled" }, "geometry": { "type": "LineString", "coordinates": [ [ 14.398089601310836, 67.465720456063906 ], [ 13.764603305706007, 67.656266412852162 ], [ 13.519246908842717, 67.72975806111576 ], [ 13.516589431275406, 67.730549517089713 ], [ 13.201392312671993, 67.823738018154842 ] ] } },
{ "type": "Feature", "properties": { "gml_id": "id902211af-ac2a-4aec-ae2c-48854807088f", "lokalid": "f134b5c1-da34-496e-8da9-9dd9ac8e4f6d", "navnerom": "https://data.geonorge.no/sosi/samferdsel/hovedled_og_biled", "versjonId": 20210101, "datauttaksdato": "2026-01-01T23:00:58", "farlednavn": "Vestfjorden - Nappstraumen", "farlednummer": 2739, "farledtype": "Biled" }, "geometry": { "type": "LineString", "coordinates": [ [ 13.516589431275406, 67.730549517089713 ], [ 13.450007350605249, 67.93100028884291 ], [ 13.419995025481807, 68.020210366830213 ], [ 13.415498895263957, 68.033514395918672 ], [ 13.47284046862417, 68.141516327528464 ], [ 13.381681425270026, 68.248619573798422 ] ] } },
{ "type": "Feature", "properties": { "gml_id": "idd537004e-8fc4-4635-af58-24061bc12295", "lokalid": "c76ea039-141d-4dfa-b9e2-bba178897bb7", "navnerom": "https://data.geonorge.no/sosi/samferdsel/hovedled_og_biled", "versjonId": 20210101, "datauttaksdato": "2026-01-01T23:00:58", "farlednavn": "Reine", "farlednummer": 2737, "farledtype": "Biled" }, "geometry": { "type": "LineString", "coordinates": [ [ 13.286788172639092, 67.86278187587871 ], [ 13.286588526703152, 67.862858642938292 ], [ 13.120504295868122, 67.926461396863616 ], [ 13.108610596958727, 67.932683779090908 ], [ 13.105017909636613, 67.937216930830644 ] ] } },
{ "type": "Feature", "properties": { "gml_id": "idfd416576-5ae7-470a-878b-36da1597e9c3", "lokalid": "54e97194-b1e9-423e-9349-edbe72223798", "navnerom": "https://data.geonorge.no/sosi/samferdsel/hovedled_og_biled", "versjonId": 20210101, "datauttaksdato": "2026-01-01T23:00:58", "farlednavn": "Mølnarodden", "farlednummer": 2738, "farledtype": "Biled" }, "geometry": { "type": "LineString", "coordinates": [ [ 13.286788172639092, 67.86278187587871 ], [ 13.286704241422079, 67.862907091676547 ], [ 13.286666762521985, 67.862963003282218 ], [ 13.194517305516856, 67.999596358164368 ], [ 13.19375243989206, 68.000393564985174 ] ] } },
{ "type": "Feature", "properties": { "gml_id": "id93203ead-2cc4-41ff-a5fd-93b3a0fba4fa", "lokalid": "55849705-302d-45e8-9dba-20d2f978153e", "navnerom": "https://data.geonorge.no/sosi/samferdsel/hovedled_og_biled", "versjonId": 20210101, "datauttaksdato": "2026-01-01T23:00:58", "farlednavn": "Buksnesfjorden", "farlednummer": 2745, "farledtype": "Biled" }, "geometry": { "type": "LineString", "coordinates": [ [ 13.419973971189286, 68.020215509552671 ], [ 13.419995025481807, 68.020210366830213 ], [ 13.574203257750328, 67.982413778003391 ], [ 13.600975770121295, 68.051468062790889 ], [ 13.604101015754058, 68.079372271371611 ], [ 13.590404789409025, 68.119301564893917 ] ] } },
{ "type": "Feature", "properties": { "gml_id": "id22e877d2-466c-43c8-a37d-18c1df34881b", "lokalid": "8b0dbd9c-3b8c-4250-aacf-006cf952814a", "navnerom": "https://data.geonorge.no/sosi/samferdsel/hovedled_og_biled", "versjonId": 20210101, "datauttaksdato": "2026-01-01T23:00:58", "farlednavn": "Balstad", "farlednummer": 2740, "farledtype": "Biled" }, "geometry": { "type": "LineString", "coordinates": [ [ 13.600975770121295, 68.051468062790889 ], [ 13.554328590766623, 68.06787507742284 ], [ 13.550817245254068, 68.068454251725669 ] ] } },
{ "type": "Feature", "properties": { "gml_id": "ide335759a-0fb3-4440-91c7-839e6c1b9322", "lokalid": "c27877df-d718-409c-bf93-0f3a2a858efd", "navnerom": "https://data.geonorge.no/sosi/samferdsel/hovedled_og_biled", "versjonId": 20210101, "datauttaksdato": "2026-01-01T23:00:58", "farlednavn": "Flagsundet", "farlednummer": 2701, "farledtype": "Biled" }, "geometry": { "type": "LineString", "coordinates": [ [ 14.775962716946349, 67.854515228445351 ], [ 14.778496998261023, 67.859991337250776 ], [ 14.832368884026144, 67.882009289750073 ], [ 14.877362472442373, 67.891344228601881 ], [ 14.916386718036854, 67.897345512613171 ], [ 14.94145480201029, 67.901194046972265 ], [ 14.978173610071222, 67.906822034379289 ], [ 15.027020887145397, 67.910396992245794 ], [ 15.110433768888878, 67.909503399155682 ], [ 15.154434469474355, 67.899922724648718 ], [ 15.190298922773186, 67.906335902126173 ], [ 15.196864713004036, 67.906434772113883 ], [ 15.214042614843152, 67.907376336209396 ], [ 15.257547478545058, 67.915655233064285 ], [ 15.335768280152868, 67.93148588269608 ], [ 15.336382158745286, 67.969410863210783 ], [ 15.341779453147071, 67.989231345857888 ], [ 15.342103400813782, 68.012059849370218 ] ] } },
{ "type": "Feature", "properties": { "gml_id": "id7ecb6b74-9719-4dc4-8789-5cf1228cca5c", "lokalid": "ca124ddc-2180-44ad-9e0f-67f557dd867e", "navnerom": "https://data.geonorge.no/sosi/samferdsel/hovedled_og_biled", "versjonId": 20210101, "datauttaksdato": "2026-01-01T23:00:58", "farlednavn": "Skutvik - Svolvær", "farlednummer": 2705, "farledtype": "Biled" }, "geometry": { "type": "LineString", "coordinates": [ [ 15.342006252806547, 68.007606054428095 ], [ 15.278649139858313, 68.017298548420456 ], [ 15.238294155975941, 68.050807683511422 ], [ 15.136364956132393, 68.075970216097701 ], [ 15.065018271958944, 68.093513109668592 ], [ 14.852179281275797, 68.14550599122326 ], [ 14.816691983366987, 68.154125530046073 ], [ 14.725292668407242, 68.176260878846236 ], [ 14.712491572654809, 68.183074301775818 ], [ 14.694986161510935, 68.187424583691694 ], [ 14.637390808497178, 68.201249572188715 ], [ 14.565732252207805, 68.218203400308681 ] ] } },
{ "type": "Feature", "properties": { "gml_id": "id676476ca-43b1-4d59-a101-bcbced3111cc", "lokalid": "3db62567-08af-41bf-aa1f-28fd510faa0c", "navnerom": "https://data.geonorge.no/sosi/samferdsel/hovedled_og_biled", "versjonId": 20210101, "datauttaksdato": "2026-01-01T23:00:58", "farlednavn": "Tysfjorden -Hellemofjorden", "farlednummer": 2720, "farledtype": "Biled" }, "geometry": { "type": "LineString", "coordinates": [ [ 16.500249218345029, 67.819926320782145 ], [ 16.452817860653575, 67.82731354053071 ], [ 16.363699202771468, 67.867180140391497 ], [ 16.264890687995855, 67.897805599621691 ], [ 16.224860243649434, 67.898665330727709 ], [ 16.215962382091718, 67.903842355563256 ], [ 16.244556427008462, 67.962542582980817 ], [ 16.167129140752976, 68.029393472079477 ], [ 16.121677780954897, 68.051275338066574 ], [ 16.117989831781703, 68.062363715378396 ], [ 16.116899259773025, 68.065640648979667 ], [ 16.145368065461959, 68.087559441507722 ], [ 16.160042849122345, 68.117761157288413 ], [ 16.181315697511081, 68.167357650714564 ] ] } },
{ "type": "Feature", "properties": { "gml_id": "id58d44cfb-c030-4e44-af2f-1d3b687a8fdd", "lokalid": "fe1696c8-d16f-4146-ab21-30f48de6f288", "navnerom": "https://data.geonorge.no/sosi/samferdsel/hovedled_og_biled", "versjonId": 20210101, "datauttaksdato": "2026-01-01T23:00:58", "farlednavn": "Gjeitholmleden", "farlednummer": 2802, "farledtype": "Biled" }, "geometry": { "type": "LineString", "coordinates": [ [ 14.818472046685907, 68.959839143265327 ], [ 14.992708182406718, 68.942842040100373 ] ] } },
{ "type": "Feature", "properties": { "gml_id": "id02f5647d-81b2-438a-afe8-e3bee6aefd71", "lokalid": "4b0de3dc-b0ef-4979-9238-1af10e739008", "navnerom": "https://data.geonorge.no/sosi/samferdsel/hovedled_og_biled", "versjonId": 20210101, "datauttaksdato": "2026-01-01T23:00:58", "farlednavn": "Saltfjorden - Skjerstadfjorden - Saltdalsfjorden", "farlednummer": 2655, "farledtype": "Biled" }, "geometry": { "type": "LineString", "coordinates": [ [ 14.594303655338868, 67.245424943889802 ], [ 14.516553537871896, 67.246297252568738 ], [ 14.221128004012929, 67.200675042511975 ], [ 14.088936164770656, 67.173403605484907 ], [ 14.04455227550174, 67.164860754136342 ] ] } },
{ "type": "Feature", "properties": { "gml_id": "id1b68d7d9-554e-4eda-aafd-3e591841bf56", "lokalid": "5f131931-af7f-41aa-8e82-39ab7dff85c2", "navnerom": "https://data.geonorge.no/sosi/samferdsel/hovedled_og_biled", "versjonId": 20210101, "datauttaksdato": "2026-01-01T23:00:58", "farlednavn": "Landegode S - Røst", "farlednummer": 2681, "farledtype": "Biled" }, "geometry": { "type": "LineString", "coordinates": [ [ 14.164092294539985, 67.360060913783727 ], [ 14.049039318004843, 67.366295856122576 ], [ 13.879921443331323, 67.37530569964089 ], [ 13.844142370214763, 67.379204768265524 ], [ 12.387847374532262, 67.4466774880853 ], [ 12.108763472040033, 67.458067226788302 ], [ 12.071923059323591, 67.485271031798661 ], [ 12.064464517245083, 67.487889232202306 ], [ 12.053304669921404, 67.494907779118734 ], [ 12.053372300212816, 67.497591772780666 ], [ 12.055487493531537, 67.49970855437104 ], [ 12.058254806189483, 67.502319808307561 ] ] } },
{ "type": "Feature", "properties": { "gml_id": "id30554969-5f1a-425b-bb0d-66063e746b03", "lokalid": "8af0b3ec-89a4-4998-8226-88bd848afaf5", "navnerom": "https://data.geonorge.no/sosi/samferdsel/hovedled_og_biled", "versjonId": 20210101, "datauttaksdato": "2026-01-01T23:00:58", "farlednavn": "Vetlefjorden", "farlednummer": 2302, "farledtype": "Biled" }, "geometry": { "type": "LineString", "coordinates": [ [ 6.576938783524475, 61.202153030887359 ], [ 6.556522512010436, 61.288557019899635 ] ] } },
{ "type": "Feature", "properties": { "gml_id": "id4113e270-5a80-4a56-84dd-faf069210198", "lokalid": "ecc2a9cc-ed31-41e2-956f-e607969940c3", "navnerom": "https://data.geonorge.no/sosi/samferdsel/hovedled_og_biled", "versjonId": 20210101, "datauttaksdato": "2026-01-01T23:00:58", "farlednavn": "Bognes - Skarberget", "farlednummer": 2714, "farledtype": "Biled" }, "geometry": { "type": "LineString", "coordinates": [ [ 16.077244486078062, 68.226264151931545 ], [ 16.12513004868137, 68.230624410102678 ], [ 16.203762687349482, 68.239281431963036 ], [ 16.242614343037044, 68.239781367984691 ], [ 16.244920056729736, 68.237791778046216 ], [ 16.239437158271876, 68.234698311676112 ], [ 16.236972463478612, 68.234289050773484 ] ] } },
{ "type": "Feature", "properties": { "gml_id": "idae9ec1cc-68de-4e22-b202-288320c9f038", "lokalid": "5394b9d1-0d31-48a8-8b0e-faefc1eec335", "navnerom": "https://data.geonorge.no/sosi/samferdsel/hovedled_og_biled", "versjonId": 20210101, "datauttaksdato": "2026-01-01T23:00:58", "farlednavn": "Bognes - Lødingen", "farlednummer": 2713, "farledtype": "Biled" }, "geometry": { "type": "LineString", "coordinates": [ [ 16.077244486078062, 68.226264151931545 ], [ 16.090712911879873, 68.251616481443705 ], [ 16.084399957752783, 68.263986522715498 ], [ 16.084271813695576, 68.264237474897826 ], [ 16.083680076327525, 68.264575217010346 ], [ 16.083124828486902, 68.264892121113277 ], [ 16.014327340079763, 68.304075792150968 ], [ 16.00844854986223, 68.330692595211019 ], [ 16.01040406824038, 68.340477961006329 ], [ 16.011874580605195, 68.347830715999294 ], [ 16.018116765727054, 68.378988526143928 ], [ 16.024715475781605, 68.411831305253244 ], [ 16.016498752263736, 68.415114027324279 ], [ 15.997336212069008, 68.420443496972752 ] ] } },
{ "type": "Feature", "properties": { "gml_id": "id096c7e5c-8219-4bf7-907c-bd5cf9cfc1d7", "lokalid": "351fa425-27b0-4851-92d1-3c29e6615ac2", "navnerom": "https://data.geonorge.no/sosi/samferdsel/hovedled_og_biled", "versjonId": 20210101, "datauttaksdato": "2026-01-01T23:00:58", "farlednavn": "Ballangen", "farlednummer": 2721, "farledtype": "Biled" }, "geometry": { "type": "LineString", "coordinates": [ [ 16.77508907435195, 68.435291317865307 ], [ 16.77533147844137, 68.435231683762908 ], [ 16.918440634336083, 68.399909324374065 ], [ 16.93911588699341, 68.37725629206416 ], [ 16.908058495461574, 68.359926229290949 ] ] } },
{ "type": "Feature", "properties": { "gml_id": "idbf6345df-4754-4404-9bdf-764fabc33f16", "lokalid": "fb98c22d-1193-4671-9c3a-6c24294c22d3", "navnerom": "https://data.geonorge.no/sosi/samferdsel/hovedled_og_biled", "versjonId": 20210101, "datauttaksdato": "2026-01-01T23:00:58", "farlednavn": "Bogen", "farlednummer": 2724, "farledtype": "Biled" }, "geometry": { "type": "LineString", "coordinates": [ [ 16.77508907435195, 68.435291317865307 ], [ 16.867435080764871, 68.441675566413593 ], [ 16.967330624849254, 68.469943042637567 ], [ 17.02010818137094, 68.489625534553909 ], [ 17.022059181645293, 68.497803928273811 ], [ 16.979281867885689, 68.512209248999397 ] ] } },
{ "type": "Feature", "properties": { "gml_id": "id9b14a833-a8b8-4700-90f4-52985652db13", "lokalid": "06ef7f53-1d07-48fd-9aa5-1365fcf514c1", "navnerom": "https://data.geonorge.no/sosi/samferdsel/hovedled_og_biled", "versjonId": 20210101, "datauttaksdato": "2026-01-01T23:00:58", "farlednavn": "Rombakfjorden", "farlednummer": 2726, "farledtype": "Biled" }, "geometry": { "type": "LineString", "coordinates": [ [ 17.237148145464367, 68.431686330949788 ], [ 17.401930432635062, 68.457822283261848 ], [ 17.573986716326953, 68.459354979627079 ], [ 17.646295812727985, 68.451633625430489 ], [ 17.699663293380478, 68.442572109119553 ], [ 17.709302292978734, 68.442282117917031 ], [ 17.712319586344965, 68.441620716354819 ] ] } },
{ "type": "Feature", "properties": { "gml_id": "iddfa3587f-f304-46a1-90de-0908ab8acd3c", "lokalid": "57c67056-df6c-4602-bfde-409151f4a6d0", "navnerom": "https://data.geonorge.no/sosi/samferdsel/hovedled_og_biled", "versjonId": 20210101, "datauttaksdato": "2026-01-01T23:00:58", "farlednavn": "Steinesjøen", "farlednummer": 2790, "farledtype": "Biled" }, "geometry": { "type": "LineString", "coordinates": [ [ 14.512114561170886, 68.576789982758982 ], [ 14.478025834767875, 68.592466353630627 ], [ 14.465599402651709, 68.599105628235392 ], [ 14.460568972614357, 68.602286425456768 ] ] } },
{ "type": "Feature", "properties": { "gml_id": "ide3603145-6b1e-4047-9230-c1551a93c3ca", "lokalid": "b13c271b-66b4-4a8f-946a-dd4085bf072c", "navnerom": "https://data.geonorge.no/sosi/samferdsel/hovedled_og_biled", "versjonId": 20210101, "datauttaksdato": "2026-01-01T23:00:58", "farlednavn": "Hadselfjorden - Brottøya", "farlednummer": 2773, "farledtype": "Biled" }, "geometry": { "type": "LineString", "coordinates": [ [ 14.761256234635338, 68.470016076048566 ], [ 14.79972892975702, 68.471529621765441 ], [ 14.825086197242047, 68.471649059715403 ], [ 14.859398279058786, 68.471804569842618 ], [ 14.958323502440411, 68.472213612221225 ], [ 15.107009768366078, 68.466838534199596 ], [ 15.152876439437112, 68.473535829513565 ], [ 15.171771200889093, 68.477892650122598 ], [ 15.207130592345971, 68.477829287227152 ] ] } },
{ "type": "Feature", "properties": { "gml_id": "id13f3de52-51b3-4ed8-945a-f7724387b4e2", "lokalid": "7b1f0d9c-b956-4ae8-b67d-02dc78f4aaf3", "navnerom": "https://data.geonorge.no/sosi/samferdsel/hovedled_og_biled", "versjonId": 20210101, "datauttaksdato": "2026-01-01T23:00:58", "farlednavn": "Litløy - Børøyfjorden", "farlednummer": 2792, "farledtype": "Biled" }, "geometry": { "type": "LineString", "coordinates": [ [ 14.350072558399651, 68.561189370145399 ], [ 14.239903118297654, 68.575624760341412 ], [ 14.186788998903417, 68.599024760844131 ], [ 14.186761247780005, 68.664371979332344 ], [ 14.204550639058063, 68.701101438390054 ], [ 14.239461174480349, 68.730213682961292 ], [ 14.292092643840594, 68.760579740545353 ], [ 14.373533953825532, 68.783702542021942 ], [ 14.429747798020857, 68.797988610236544 ], [ 14.493214185535797, 68.81722291002005 ], [ 14.512438642948394, 68.822715023156604 ], [ 14.575023185519832, 68.825469092506921 ], [ 14.604059339776333, 68.832646897874866 ], [ 14.700306646373638, 68.848591344691201 ], [ 14.7770459267511, 68.866401368346942 ] ] } },
{ "type": "Feature", "properties": { "gml_id": "id51cf3a08-3bbe-40fe-aa7a-0663fe16e562", "lokalid": "967fcf73-b50c-4870-8231-ec83065106e0", "navnerom": "https://data.geonorge.no/sosi/samferdsel/hovedled_og_biled", "versjonId": 20210101, "datauttaksdato": "2026-01-01T23:00:58", "farlednavn": "Gaukværflaket - Kjeipleia", "farlednummer": 2792, "farledtype": "Biled" }, "geometry": { "type": "LineString", "coordinates": [ [ 14.350072558399651, 68.561189370145399 ], [ 14.372948297018157, 68.66150888205199 ], [ 14.358447589686076, 68.689102541143285 ], [ 14.38351986262205, 68.705158047377182 ], [ 14.408315469998426, 68.71796493532888 ], [ 14.428472306546883, 68.726602423043687 ], [ 14.434508385057217, 68.740035686920734 ], [ 14.435683861678813, 68.744159532548181 ], [ 14.430756274113071, 68.744458086856639 ], [ 14.395947886501045, 68.752705275032525 ], [ 14.373533953825532, 68.783702542021942 ] ] } },
{ "type": "Feature", "properties": { "gml_id": "id86e0ca3d-b817-459d-b4e7-2cd8e10a98d1", "lokalid": "f9bb9283-b974-424a-b1dc-d186a5ee6bb9", "navnerom": "https://data.geonorge.no/sosi/samferdsel/hovedled_og_biled", "versjonId": 20210101, "datauttaksdato": "2026-01-01T23:00:58", "farlednavn": "Børøyfjord", "farlednummer": 2800, "farledtype": "Biled" }, "geometry": { "type": "LineString", "coordinates": [ [ 14.586136508634995, 68.861436313544942 ], [ 14.66806777517605, 68.87206078855516 ], [ 14.757853935164732, 68.868913509577922 ], [ 14.820159476730494, 68.860758008570102 ], [ 14.830881793776379, 68.860210802077688 ], [ 14.930926256731395, 68.864138558860873 ], [ 14.97121910815979, 68.867740907195838 ], [ 15.014901339769672, 68.889591254874887 ], [ 15.034809883415752, 68.908713498262401 ], [ 15.049335068868887, 68.914396263784454 ], [ 15.055879628611292, 68.914772776214349 ] ] } },
{ "type": "Feature", "properties": { "gml_id": "id882f08f4-835b-4cdc-b18e-dfd432f18a23", "lokalid": "a1ca66c6-00f8-4072-99ab-87a986723c44", "navnerom": "https://data.geonorge.no/sosi/samferdsel/hovedled_og_biled", "versjonId": 20210101, "datauttaksdato": "2026-01-01T23:00:58", "farlednavn": "Prestfjorden nordom Stø", "farlednummer": 2801, "farledtype": "Biled" }, "geometry": { "type": "LineString", "coordinates": [ [ 15.049335068868887, 68.914396263784454 ], [ 15.004120979630706, 68.920469094224487 ], [ 15.002633875253608, 68.92834861747599 ], [ 14.992708182406718, 68.942842040100373 ], [ 14.97614592517635, 68.968244033770603 ], [ 14.973482012943483, 69.001582893769253 ], [ 15.104615478052038, 69.068546767245536 ], [ 15.166104424881645, 69.077535670573837 ], [ 15.187498847661239, 69.076377383621292 ], [ 15.194745719859952, 69.075377027659343 ], [ 15.244206094718018, 69.054749421051838 ], [ 15.388097886457551, 68.999568782685088 ] ] } },
{ "type": "Feature", "properties": { "gml_id": "id9e790a55-659e-47fe-8c1a-593ede8dfbed", "lokalid": "25484745-349c-480f-92ec-5777a24dce8d", "navnerom": "https://data.geonorge.no/sosi/samferdsel/hovedled_og_biled", "versjonId": 20210101, "datauttaksdato": "2026-01-01T23:00:58", "farlednavn": "Alsvåg", "farlednummer": 2806, "farledtype": "Biled" }, "geometry": { "type": "LineString", "coordinates": [ [ 15.306656009200367, 68.901462243757408 ], [ 15.323333244476315, 68.903083616044199 ], [ 15.348610857826184, 68.903961342803996 ], [ 15.399641411420891, 68.901778707004212 ] ] } },
{ "type": "Feature", "properties": { "gml_id": "id2a27de6a-c1fa-4f2a-8e91-98aefb497485", "lokalid": "bad4b599-8905-472f-917d-9aa827e81b0e", "navnerom": "https://data.geonorge.no/sosi/samferdsel/hovedled_og_biled", "versjonId": 20210101, "datauttaksdato": "2026-01-01T23:00:58", "farlednavn": "Vågaholmen", "farlednummer": 2624, "farledtype": "Biled" }, "geometry": { "type": "LineString", "coordinates": [ [ 13.185310246204253, 66.72412977215501 ], [ 13.185335918207652, 66.724106078806244 ], [ 13.205909154119921, 66.705102780186863 ], [ 13.231581931241703, 66.700378412937226 ], [ 13.268733437758288, 66.704369665609974 ] ] } },
{ "type": "Feature", "properties": { "gml_id": "idbd982ccb-5bc2-421c-9e08-63265bff105d", "lokalid": "01e8073d-75f8-4d6a-b6cf-01d7cbb39383", "navnerom": "https://data.geonorge.no/sosi/samferdsel/hovedled_og_biled", "versjonId": 20210101, "datauttaksdato": "2026-01-01T23:00:58", "farlednavn": "Tonnes", "farlednummer": 2617, "farledtype": "Biled" }, "geometry": { "type": "LineString", "coordinates": [ [ 12.946986426401123, 66.530388596773363 ], [ 12.978664901670465, 66.514255166389347 ], [ 12.986896071017279, 66.511114402984646 ], [ 13.003205648950361, 66.510477012037114 ], [ 12.982783922287316, 66.498485960012715 ], [ 12.969028418835638, 66.490401147406715 ], [ 12.966075558806905, 66.48834857111153 ] ] } },
{ "type": "Feature", "properties": { "gml_id": "id03b31a6c-051a-405c-8cf4-c2b0073db4de", "lokalid": "6bdaf760-f11a-46f7-acac-b7ea3025982d", "navnerom": "https://data.geonorge.no/sosi/samferdsel/hovedled_og_biled", "versjonId": 20210101, "datauttaksdato": "2026-01-01T23:00:58", "farlednavn": "Indre Kvarøy - Slona", "farlednummer": 2617, "farledtype": "Biled" }, "geometry": { "type": "LineString", "coordinates": [ [ 12.966075558806905, 66.48834857111153 ], [ 12.968482775748248, 66.484822046128286 ], [ 12.957316842951684, 66.473147236799434 ], [ 12.83507379864475, 66.45229047702901 ], [ 12.82276999690129, 66.448097422612648 ], [ 12.824348241281799, 66.438834070280251 ], [ 12.823502013663212, 66.434238966258292 ], [ 12.824802459739773, 66.430884916818798 ], [ 12.825473315795779, 66.427858262234651 ], [ 12.826543210546816, 66.423029706688439 ], [ 12.829482670470661, 66.42017256756354 ], [ 12.836247313348817, 66.411731075020924 ], [ 12.839817544826023, 66.408153268530896 ], [ 12.838444347797914, 66.405522004985471 ], [ 12.838083320069714, 66.402769087096857 ], [ 12.83939165336041, 66.399640878688601 ], [ 12.838920807550922, 66.398670919583964 ], [ 12.838340583465078, 66.397949012474356 ], [ 12.834651049296495, 66.396556707083803 ], [ 12.833171791019149, 66.395240470433038 ], [ 12.829202052649286, 66.394223767079822 ], [ 12.826356315930877, 66.393881535196925 ], [ 12.823858997160732, 66.393135111552922 ], [ 12.820167338032002, 66.393151064559959 ], [ 12.807403743922777, 66.391005368310246 ], [ 12.797303745915766, 66.387598230536 ], [ 12.796699504897619, 66.382007449039591 ], [ 12.833392162231844, 66.365489248514052 ], [ 12.903281836474763, 66.339672491756872 ] ] } },
{ "type": "Feature", "properties": { "gml_id": "iddbc3790f-dd38-4665-9538-a61f942f4de8", "lokalid": "e1273af1-78f3-4815-8aa3-26d7f3b25965", "navnerom": "https://data.geonorge.no/sosi/samferdsel/hovedled_og_biled", "versjonId": 20210101, "datauttaksdato": "2026-01-01T23:00:58", "farlednavn": "Sandnessjøen - Dønna -Nesna", "farlednummer": 2603, "farledtype": "Biled" }, "geometry": { "type": "LineString", "coordinates": [ [ 12.793980666819072, 66.132791851308653 ], [ 12.793904918618965, 66.132770540488664 ], [ 12.691621489030513, 66.103927453815359 ], [ 12.671643738373183, 66.098278372204248 ], [ 12.671547341383022, 66.098251658033433 ], [ 12.656972396838906, 66.094211216019062 ], [ 12.6407529570959, 66.089533422019414 ], [ 12.605483582621439, 66.085611266154189 ], [ 12.617733493657369, 66.083069559886837 ], [ 12.626904650804558, 66.059166866301695 ], [ 12.63407178068652, 66.040454757874741 ], [ 12.638565074031584, 66.02870899308796 ], [ 12.637457703193437, 66.028731370211759 ] ] } },
{ "type": "Feature", "properties": { "gml_id": "id9cca7012-d287-4cfb-8976-f38d03818e43", "lokalid": "89bf9b12-e7fd-4c20-a60a-27148229f329", "navnerom": "https://data.geonorge.no/sosi/samferdsel/hovedled_og_biled", "versjonId": 20210101, "datauttaksdato": "2026-01-01T23:00:58", "farlednavn": "Trollsøyosen", "farlednummer": 2236, "farledtype": "Biled" }, "geometry": { "type": "LineString", "coordinates": [ [ 5.210095028034658, 60.128961692995091 ], [ 5.284953360121889, 60.117105021514803 ], [ 5.3224766931095, 60.105815021196669 ] ] } },
{ "type": "Feature", "properties": { "gml_id": "idbc3f1cc4-67ed-4961-bd30-c0c3356856f1", "lokalid": "4149d1fc-7345-4f3b-b4a8-ba208056dd88", "navnerom": "https://data.geonorge.no/sosi/samferdsel/hovedled_og_biled", "versjonId": 20210101, "datauttaksdato": "2026-01-01T23:00:58", "farlednavn": "Songvår - Kvitsøy", "farlednummer": 1036, "farledtype": "Hovedled" }, "geometry": { "type": "LineString", "coordinates": [ [ 5.845871703913063, 58.410581738613651 ], [ 6.032765693093725, 58.318731574935647 ], [ 6.103128852969487, 58.283948825293152 ], [ 6.236169563779197, 58.217878230802128 ] ] } },
{ "type": "Feature", "properties": { "gml_id": "id9f7c09b9-121c-4ddc-a1ea-18d8e62be80c", "lokalid": "a1fe44c7-d9c5-4830-aeaf-3f6d9b7b259d", "navnerom": "https://data.geonorge.no/sosi/samferdsel/hovedled_og_biled", "versjonId": 20210101, "datauttaksdato": "2026-01-01T23:00:58", "farlednavn": "Holmengrå - Årdalstangen", "farlednummer": 1110, "farledtype": "Hovedled" }, "geometry": { "type": "LineString", "coordinates": [ [ 6.870097254160107, 61.15251643012207 ], [ 6.960341157291478, 61.096481496392663 ], [ 7.187070004531311, 61.136708332485249 ], [ 7.243710004240085, 61.155491672575828 ], [ 7.254931970609023, 61.154947422891787 ], [ 7.278013338504424, 61.153825002702781 ], [ 7.329718705322707, 61.153877520117305 ], [ 7.40994706706462, 61.171492474775619 ], [ 7.517652576584106, 61.19503581885045 ], [ 7.629050921263289, 61.212392847959521 ], [ 7.651422953445679, 61.224277097212266 ], [ 7.700416801389132, 61.231515707845951 ], [ 7.704680677646608, 61.233510422905269 ] ] } },
{ "type": "Feature", "properties": { "gml_id": "id6cc3b3ef-f241-42cb-960b-05467e4c9406", "lokalid": "116b06f9-29b9-4b79-8456-086023ade31a", "navnerom": "https://data.geonorge.no/sosi/samferdsel/hovedled_og_biled", "versjonId": 20210101, "datauttaksdato": "2026-01-01T23:00:58", "farlednavn": "Melsteinfjorden", "farlednummer": 1558, "farledtype": "Hovedled" }, "geometry": { "type": "LineString", "coordinates": [ [ 11.838747649670692, 65.160127261532367 ], [ 11.841586692824519, 65.164083508355432 ] ] } },
{ "type": "Feature", "properties": { "gml_id": "idf7ff8f61-108b-4c89-bc75-103a0a454509", "lokalid": "9ea38854-4247-4d8f-8cc9-73820efaf18a", "navnerom": "https://data.geonorge.no/sosi/samferdsel/hovedled_og_biled", "versjonId": 20210101, "datauttaksdato": "2026-01-01T23:00:58", "farlednavn": "Festvåg - Misten", "farlednummer": 2684, "farledtype": "Biled" }, "geometry": { "type": "LineString", "coordinates": [ [ 14.762717225291386, 67.4393476550066 ], [ 14.762531897094258, 67.439607898466434 ], [ 14.730264408167491, 67.452312175293599 ] ] } },
{ "type": "Feature", "properties": { "gml_id": "id90a56304-c6b9-4600-90ae-b7274e0d6bd8", "lokalid": "0660476a-0180-4706-b894-b94dfec7ebbd", "navnerom": "https://data.geonorge.no/sosi/samferdsel/hovedled_og_biled", "versjonId": 20210101, "datauttaksdato": "2026-01-01T23:00:58", "farlednavn": "Drag - Kjøpsvik", "farlednummer": 2715, "farledtype": "Biled" }, "geometry": { "type": "LineString", "coordinates": [ [ 16.078861518139643, 68.051122060413078 ], [ 16.117989831781703, 68.062363715378396 ], [ 16.247111195210429, 68.099317172803211 ], [ 16.267267023043601, 68.100178472221927 ], [ 16.341842242129431, 68.091674889367141 ] ] } },
{ "type": "Feature", "properties": { "gml_id": "id2c0ad80d-587f-4548-be77-340144a43847", "lokalid": "3edcac40-14e9-4ceb-80ac-f27ea07d03af", "navnerom": "https://data.geonorge.no/sosi/samferdsel/hovedled_og_biled", "versjonId": 20210101, "datauttaksdato": "2026-01-01T23:00:58", "farlednavn": "Fiskebøl - Melbu", "farlednummer": 2779, "farledtype": "Biled" }, "geometry": { "type": "LineString", "coordinates": [ [ 14.833581640811728, 68.435092893004494 ], [ 14.840660369552472, 68.438730473647595 ], [ 14.843159683503091, 68.450667510646142 ], [ 14.825086197242047, 68.471649059715403 ], [ 14.819536566364548, 68.478083432444222 ], [ 14.814871768409345, 68.483488928566587 ], [ 14.810574602971808, 68.493659201840686 ] ] } },
{ "type": "Feature", "properties": { "gml_id": "id033a81e1-8686-429b-b5ab-01fbf24b38d5", "lokalid": "9e8d91eb-42c2-4ca8-bcb7-22ef5f126a3b", "navnerom": "https://data.geonorge.no/sosi/samferdsel/hovedled_og_biled", "versjonId": 20210101, "datauttaksdato": "2026-01-01T23:00:58", "farlednavn": "Røingen - Bindalsfjorden", "farlednummer": 2565, "farledtype": "Biled" }, "geometry": { "type": "LineString", "coordinates": [ [ 11.90089889073773, 65.222439099258935 ], [ 11.917357470481074, 65.205314927159137 ], [ 11.97715551142776, 65.185352958486391 ] ] } },
{ "type": "Feature", "properties": { "gml_id": "id8b9a2119-3221-475d-b818-d564a8628ee2", "lokalid": "b7dd3be3-04a8-45ad-8e2a-9ec4c6187292", "navnerom": "https://data.geonorge.no/sosi/samferdsel/hovedled_og_biled", "versjonId": 20210101, "datauttaksdato": "2026-01-01T23:00:58", "farlednavn": "Sjona", "farlednummer": 2617, "farledtype": "Biled" }, "geometry": { "type": "LineString", "coordinates": [ [ 13.24081065778652, 66.298681755014172 ], [ 13.240560671354425, 66.298676744165505 ], [ 13.155989093725422, 66.29695842018171 ], [ 13.075844089463875, 66.302920427342926 ], [ 12.952210291896252, 66.33073008107273 ] ] } },
{ "type": "Feature", "properties": { "gml_id": "id7bb7f11f-197b-41ee-9d42-6201f56a2f11", "lokalid": "295f3f1c-8b5d-4815-98e0-1245ebba5263", "navnerom": "https://data.geonorge.no/sosi/samferdsel/hovedled_og_biled", "versjonId": 20210101, "datauttaksdato": "2026-01-01T23:00:58", "farlednavn": "Skrova - Osan", "farlednummer": 2705, "farledtype": "Biled" }, "geometry": { "type": "LineString", "coordinates": [ [ 14.694986161510935, 68.187424583691694 ], [ 14.627117703092628, 68.201008066206469 ], [ 14.559138409907481, 68.211726529221153 ], [ 14.550091627186035, 68.213150103092332 ], [ 14.540469763150364, 68.218543884133481 ], [ 14.539673128917189, 68.22061201256453 ], [ 14.545670248162349, 68.227404088697625 ] ] } },
{ "type": "Feature", "properties": { "gml_id": "id265a7359-867d-498a-87b6-b152f17eb872", "lokalid": "4c5dad3b-6dc1-4ec5-85ac-be1577e472f5", "navnerom": "https://data.geonorge.no/sosi/samferdsel/hovedled_og_biled", "versjonId": 20210101, "datauttaksdato": "2026-01-01T23:00:58", "farlednavn": "Røsthavet", "farlednummer": 2735, "farledtype": "Biled" }, "geometry": { "type": "LineString", "coordinates": [ [ 12.74882448397268, 67.637166703031809 ], [ 12.674451770001104, 67.609720749874768 ], [ 12.236972322027309, 67.467877992762723 ], [ 12.108855190230061, 67.458074284034183 ] ] } },
{ "type": "Feature", "properties": { "gml_id": "ideeadc315-c4d4-47a2-9f4c-c3af18330149", "lokalid": "d3b8c9eb-7d71-40f7-b556-0171d9828e93", "navnerom": "https://data.geonorge.no/sosi/samferdsel/hovedled_og_biled", "versjonId": 20210101, "datauttaksdato": "2026-01-01T23:00:58", "farlednavn": "Ferge Raftsundet nord", "farlednummer": 2780, "farledtype": "Biled" }, "geometry": { "type": "LineString", "coordinates": [ [ 15.195480434263917, 68.492745032908161 ], [ 15.209543210658977, 68.504274663462482 ], [ 15.231234892738225, 68.516571911956362 ], [ 15.247765478814811, 68.522270953214658 ], [ 15.260752622062778, 68.523353669937848 ], [ 15.278007292205894, 68.522722564631138 ] ] } },
{ "type": "Feature", "properties": { "gml_id": "id6c0ed4a3-4f73-4ec8-9d65-f104f1397f92", "lokalid": "59d20764-d8e8-4c37-aed8-52e79929aeab", "navnerom": "https://data.geonorge.no/sosi/samferdsel/hovedled_og_biled", "versjonId": 20210101, "datauttaksdato": "2026-01-01T23:00:58", "farlednavn": "Ferge Raftsundet sør", "farlednummer": 2766, "farledtype": "Biled" }, "geometry": { "type": "LineString", "coordinates": [ [ 14.938001372954949, 68.309043275149946 ], [ 14.969511559654427, 68.314764382451372 ], [ 14.980817734852442, 68.317018342027382 ], [ 14.987061549624798, 68.316969074143927 ] ] } },
{ "type": "Feature", "properties": { "gml_id": "iddef1b79d-5dec-42d7-a6d7-67b9adcd7a51", "lokalid": "8134bcc9-8371-4af2-aa13-305e559b16f9", "navnerom": "https://data.geonorge.no/sosi/samferdsel/hovedled_og_biled", "versjonId": 20210101, "datauttaksdato": "2026-01-01T23:00:58", "farlednavn": "Ferge Lovund - Myken", "farlednummer": 2624, "farledtype": "Biled" }, "geometry": { "type": "LineString", "coordinates": [ [ 12.495020011073072, 66.410090950350522 ], [ 12.470043797637171, 66.431492201509712 ] ] } },
{ "type": "Feature", "properties": { "gml_id": "id47d1eaed-9a58-41a0-82cd-f9cb1d6932c5", "lokalid": "6e0502a3-255b-4d95-8f12-8c157cc0a1f3", "navnerom": "https://data.geonorge.no/sosi/samferdsel/hovedled_og_biled", "versjonId": 20210101, "datauttaksdato": "2026-01-01T23:00:58", "farlednavn": "Ferge Lovund", "farlednummer": 2614, "farledtype": "Biled" }, "geometry": { "type": "LineString", "coordinates": [ [ 12.38650846017218, 66.370137931670811 ], [ 12.400294498893308, 66.372223166570961 ], [ 12.410102780639438, 66.375578153626137 ], [ 12.426020918220637, 66.378917622145039 ], [ 12.44149193527041, 66.382224133846563 ], [ 12.495020011073072, 66.410090950350522 ], [ 12.561555033838058, 66.414304211926066 ], [ 12.561663250887921, 66.414311040018731 ], [ 12.561885791530051, 66.41425920897484 ], [ 12.587489482368801, 66.40829238631845 ], [ 12.599751453520865, 66.402135288196803 ], [ 12.616167577424186, 66.377367655328314 ], [ 12.617705014773328, 66.382370269778818 ], [ 12.624479938927488, 66.385232375434896 ], [ 12.699287547398274, 66.384866617337735 ] ] } },
{ "type": "Feature", "properties": { "gml_id": "ide3a8ad1c-f039-4b11-8855-0e7ff7e293bb", "lokalid": "47566dca-baa3-4cff-bb53-292938d68ede", "navnerom": "https://data.geonorge.no/sosi/samferdsel/hovedled_og_biled", "versjonId": 20210101, "datauttaksdato": "2026-01-01T23:00:58", "farlednavn": "Ferge Nesna - Tomma", "farlednummer": 2616, "farledtype": "Biled" }, "geometry": { "type": "LineString", "coordinates": [ [ 12.915547617737799, 66.231524333746535 ], [ 12.911224153846035, 66.23257601789804 ], [ 12.898174001063653, 66.2328557330991 ], [ 12.861528522211351, 66.2336352845535 ] ] } },
{ "type": "Feature", "properties": { "gml_id": "idca0bb825-6e68-430b-9150-f21bfe8df87b", "lokalid": "9da199ba-15ec-4ba4-a164-3cb31b173d73", "navnerom": "https://data.geonorge.no/sosi/samferdsel/hovedled_og_biled", "versjonId": 20210101, "datauttaksdato": "2026-01-01T23:00:58", "farlednavn": "Ferge Sandnessjøen - Løkta", "farlednummer": 2604, "farledtype": "Biled" }, "geometry": { "type": "LineString", "coordinates": [ [ 12.63407178068652, 66.040454757874741 ], [ 12.657009610383986, 66.075862514532574 ], [ 12.671546983341063, 66.098251000943364 ], [ 12.671547341383022, 66.098251658033433 ], [ 12.684900038531223, 66.122731334556264 ], [ 12.694454775476276, 66.140218972292274 ] ] } },
{ "type": "Feature", "properties": { "gml_id": "id2a2d318f-e55a-4f81-bc06-b63a137b456b", "lokalid": "af472911-a57c-47ff-a451-2f133fcb0ee4", "navnerom": "https://data.geonorge.no/sosi/samferdsel/hovedled_og_biled", "versjonId": 20210101, "datauttaksdato": "2026-01-01T23:00:58", "farlednavn": "Ytre Steinsund", "farlednummer": 1511, "farledtype": "Hovedled" }, "geometry": { "type": "LineString", "coordinates": [ [ 4.76131504232142, 60.987871698017749 ], [ 4.757646709900387, 61.016551697598736 ], [ 4.744950041866244, 61.034188357548153 ], [ 4.741625041991827, 61.038280027299059 ], [ 4.740251709953891, 61.039166697376871 ], [ 4.733563376975172, 61.054371697431328 ], [ 4.721595044123918, 61.081535027865328 ], [ 4.730848196515999, 61.091989569789064 ], [ 4.740251710117376, 61.102606696941706 ], [ 4.741968375081879, 61.115603357344462 ], [ 4.749865041866935, 61.131128356776202 ], [ 4.745578374917564, 61.150963356955756 ], [ 4.741803375310356, 61.167083357157018 ], [ 4.703745043974068, 61.224095026846328 ], [ 4.727840817151756, 61.242234658545286 ], [ 4.74513051247008, 61.255235645339894 ], [ 4.776335042482533, 61.278668355297299 ], [ 4.795296708033779, 61.29299002447361 ] ] } },
{ "type": "Feature", "properties": { "gml_id": "id0c049928-9e66-400c-a81d-c7241a6eb307", "lokalid": "d9cfc6fc-72d8-42a7-85d8-d65da03a77b2", "navnerom": "https://data.geonorge.no/sosi/samferdsel/hovedled_og_biled", "versjonId": 20210101, "datauttaksdato": "2026-01-01T23:00:58", "farlednavn": "Sognesjøen - Krakhellesund", "farlednummer": 1513, "farledtype": "Hovedled" }, "geometry": { "type": "LineString", "coordinates": [ [ 5.012733366952399, 61.070018351787766 ], [ 5.025551700911092, 61.099013351358401 ], [ 5.029215034625054, 61.119913351623858 ], [ 5.027998367484083, 61.124470021542628 ], [ 5.019765034031037, 61.155820021380194 ], [ 5.013141701944521, 61.179330021941901 ], [ 5.006555034406221, 61.202381691531627 ], [ 4.980035948647729, 61.212517138228776 ], [ 4.948253368771115, 61.224648352110435 ], [ 4.881389589823002, 61.254583162376399 ], [ 4.869581923808328, 61.25985977517351 ], [ 4.822512928522174, 61.28086521769022 ], [ 4.795296708033779, 61.29299002447361 ] ] } },
{ "type": "Feature", "properties": { "gml_id": "id521f5ede-038a-435e-9d3e-20ed8c73759c", "lokalid": "74a4128c-2b05-4b70-ae6c-a75bab7676ee", "navnerom": "https://data.geonorge.no/sosi/samferdsel/hovedled_og_biled", "versjonId": 20210101, "datauttaksdato": "2026-01-01T23:00:58", "farlednavn": "Stavfjorden", "farlednummer": 1516, "farledtype": "Hovedled" }, "geometry": { "type": "LineString", "coordinates": [ [ 4.953911703546048, 61.578288350472697 ], [ 4.974890036090215, 61.566471690173614 ], [ 4.998771701513305, 61.553016690110795 ], [ 4.997858369301904, 61.51019001997539 ], [ 4.980920035469065, 61.482281690238011 ], [ 4.853661706828601, 61.416486692784574 ], [ 4.814523373177749, 61.377418354343554 ], [ 4.807636374260754, 61.344755737936175 ], [ 4.802915041573496, 61.322333354777427 ], [ 4.79933063886555, 61.308533050061044 ], [ 4.795296708033779, 61.29299002447361 ] ] } },
{ "type": "Feature", "properties": { "gml_id": "ide459362e-d01e-43f1-a930-ec916c6e4972", "lokalid": "d6e669ac-54ff-4643-aea5-368b364c73a6", "navnerom": "https://data.geonorge.no/sosi/samferdsel/hovedled_og_biled", "versjonId": 20210101, "datauttaksdato": "2026-01-01T23:00:58", "farlednavn": "Fjærlandsfjorden", "farlednummer": 2301, "farledtype": "Biled" }, "geometry": { "type": "LineString", "coordinates": [ [ 6.751956674880219, 61.414623333978362 ], [ 6.747151674894665, 61.387616673945729 ], [ 6.731471674827035, 61.349340004296423 ], [ 6.705838341712665, 61.33600667434488 ], [ 6.661891674567068, 61.283920004965275 ], [ 6.575375008900789, 61.240726674670327 ], [ 6.576938783524475, 61.202153030887359 ], [ 6.578965766036363, 61.151871649975234 ] ] } },
{ "type": "Feature", "properties": { "gml_id": "idf54b2029-bae2-4eea-85cc-f624e21676fc", "lokalid": "95217695-7dea-4e00-bd28-929e0770184e", "navnerom": "https://data.geonorge.no/sosi/samferdsel/hovedled_og_biled", "versjonId": 20210101, "datauttaksdato": "2026-01-01T23:00:58", "farlednavn": "Sogndalsfjorden", "farlednummer": 2303, "farledtype": "Biled" }, "geometry": { "type": "LineString", "coordinates": [ [ 6.870097254160107, 61.15251643012207 ], [ 6.957380005600764, 61.156148333772379 ], [ 6.995601672639602, 61.155165003264464 ], [ 7.039318339406492, 61.191356673257744 ], [ 7.105465005648812, 61.213070002954062 ], [ 7.112588850503725, 61.223130542709768 ], [ 7.109655663035206, 61.227340576734932 ] ] } },
{ "type": "Feature", "properties": { "gml_id": "id7cda12ad-2346-44ca-9782-20acf62ff5f8", "lokalid": "3cc7a8df-f08b-4242-ae81-e96d42a97d7f", "navnerom": "https://data.geonorge.no/sosi/samferdsel/hovedled_og_biled", "versjonId": 20210101, "datauttaksdato": "2026-01-01T23:00:58", "farlednavn": "Kobbaleia", "farlednummer": 2241, "farledtype": "Biled" }, "geometry": { "type": "LineString", "coordinates": [ [ 5.171121697731038, 60.345185022611432 ], [ 5.169353363141381, 60.337310022644047 ], [ 5.1476100301336, 60.330343353391385 ], [ 5.146788754236042, 60.327291835986166 ], [ 5.140171697671369, 60.302688353946358 ], [ 5.14532169720361, 60.289643353669554 ], [ 5.161966697265031, 60.267233353238758 ] ] } },
{ "type": "Feature", "properties": { "gml_id": "id825728a0-0b3d-472d-824e-45cd67fbccad", "lokalid": "9b5c1684-5c5a-4073-ac94-52e30858b117", "navnerom": "https://data.geonorge.no/sosi/samferdsel/hovedled_og_biled", "versjonId": 20210101, "datauttaksdato": "2026-01-01T23:00:58", "farlednavn": "Loppa - Sørøysundet", "farlednummer": 1596, "farledtype": "Hovedled" }, "geometry": { "type": "LineString", "coordinates": [ [ 21.121121812871312, 70.228253919013383 ], [ 21.417948271164885, 70.299440934538111 ], [ 21.532591875716374, 70.342320763212271 ], [ 21.596999279970039, 70.366299300016649 ], [ 21.696055373256044, 70.403267105667709 ], [ 22.02854344491854, 70.41696793965103 ], [ 22.202129416491754, 70.434985023658015 ], [ 22.590180747219037, 70.47526220345776 ], [ 22.924239689155776, 70.509935327286399 ], [ 22.946375860471992, 70.513732585573436 ], [ 23.181081561617532, 70.592794550921823 ], [ 23.314650722095791, 70.637788091431887 ] ] } },
{ "type": "Feature", "properties": { "gml_id": "id3685f2bd-21e0-4262-ad94-71c142b79953", "lokalid": "5711f608-af69-4892-b045-a64bcf507844", "navnerom": "https://data.geonorge.no/sosi/samferdsel/hovedled_og_biled", "versjonId": 20210101, "datauttaksdato": "2026-01-01T23:00:58", "farlednavn": "Stjernsund", "farlednummer": 1198, "farledtype": "Hovedled" }, "geometry": { "type": "LineString", "coordinates": [ [ 21.696055373256044, 70.403267105667709 ], [ 21.960734323075531, 70.355265913903011 ], [ 22.114654579219774, 70.328350498897805 ], [ 22.311537708762437, 70.293922338521 ], [ 22.323421191664128, 70.29185548549377 ], [ 22.545141458369827, 70.253072991438373 ], [ 22.613782869636758, 70.246984739466441 ], [ 22.613804520308705, 70.246982814217574 ], [ 22.613840005463185, 70.246979659254222 ], [ 22.737169783360414, 70.235965952971782 ], [ 22.994513495206373, 70.227307001948475 ] ] } },
{ "type": "Feature", "properties": { "gml_id": "id47abdc63-d4f8-4e1a-b475-eecbfb5d2355", "lokalid": "2c95ca98-a263-4a2d-8520-2adbac348a28", "navnerom": "https://data.geonorge.no/sosi/samferdsel/hovedled_og_biled", "versjonId": 20210101, "datauttaksdato": "2026-01-01T23:00:58", "farlednavn": "Dåfjord", "farlednummer": 2907, "farledtype": "Biled" }, "geometry": { "type": "LineString", "coordinates": [ [ 19.343140393516872, 70.096986767292549 ], [ 19.321648766871704, 70.063552131063474 ], [ 19.369540469814673, 69.996499305668806 ], [ 19.385234821043866, 69.993082692023236 ] ] } },
{ "type": "Feature", "properties": { "gml_id": "id88dc6bd0-fb03-4638-a064-e709af713476", "lokalid": "e7201fcd-61ed-4bfc-9660-53c456d93f98", "navnerom": "https://data.geonorge.no/sosi/samferdsel/hovedled_og_biled", "versjonId": 20210101, "datauttaksdato": "2026-01-01T23:00:58", "farlednavn": "Kokelv - Revsbotn", "farlednummer": 2953, "farledtype": "Biled" }, "geometry": { "type": "LineString", "coordinates": [ [ 24.631137636622388, 70.615436561095279 ], [ 24.542756158925968, 70.690227668362297 ], [ 24.363614568883207, 70.716919399692287 ], [ 24.139962245157303, 70.744679193090477 ], [ 24.139965646816883, 70.744639197818586 ] ] } },
{ "type": "Feature", "properties": { "gml_id": "idf53a371c-2f33-4ac6-a7bb-4b0197960799", "lokalid": "163c6874-a680-42d0-831b-aa17776319c9", "navnerom": "https://data.geonorge.no/sosi/samferdsel/hovedled_og_biled", "versjonId": 20210101, "datauttaksdato": "2026-01-01T23:00:58", "farlednavn": "Sørværet - Bulandet", "farlednummer": 2319, "farledtype": "Biled" }, "geometry": { "type": "LineString", "coordinates": [ [ 4.74513051247008, 61.255235645339894 ], [ 4.66641352655768, 61.272117330759031 ], [ 4.649186351607383, 61.280910926763895 ] ] } },
{ "type": "Feature", "properties": { "gml_id": "id37993967-7c5a-4f62-bf40-2154913a78d9", "lokalid": "c42ec7e3-82ea-4076-beea-7551c055a47e", "navnerom": "https://data.geonorge.no/sosi/samferdsel/hovedled_og_biled", "versjonId": 20210101, "datauttaksdato": "2026-01-01T23:00:58", "farlednavn": "Torgværleia", "farlednummer": 1561, "farledtype": "Hovedled" }, "geometry": { "type": "LineString", "coordinates": [ [ 12.061518120860748, 65.361253097631078 ], [ 11.995480314985612, 65.371238905658018 ], [ 11.971772358376981, 65.396257628003042 ], [ 11.969674701613014, 65.409809887439465 ], [ 11.935086804287874, 65.425151262198654 ], [ 11.917701615591072, 65.439530030781313 ], [ 12.063438060764284, 65.550297733841091 ], [ 12.205648929245205, 65.606258474780674 ] ] } },
{ "type": "Feature", "properties": { "gml_id": "id86f9d31b-c555-4e25-af93-5c4272f6e422", "lokalid": "3fe627ba-0c36-4408-8d3b-a8cf0cc4c690", "navnerom": "https://data.geonorge.no/sosi/samferdsel/hovedled_og_biled", "versjonId": 20210101, "datauttaksdato": "2026-01-01T23:00:58", "farlednavn": "Hjartøysundet", "farlednummer": 1172, "farledtype": "Hovedled" }, "geometry": { "type": "LineString", "coordinates": [ [ 14.323102144245144, 67.278075473655989 ], [ 14.317688492270499, 67.280828809850576 ] ] } },
{ "type": "Feature", "properties": { "gml_id": "id5aa58e37-4d80-4a2c-bb71-a440fb50831a", "lokalid": "2fcb90d5-9ec4-4392-9246-ed847e0cd70e", "navnerom": "https://data.geonorge.no/sosi/samferdsel/hovedled_og_biled", "versjonId": 20210101, "datauttaksdato": "2026-01-01T23:00:58", "farlednavn": "Hjartøy nord", "farlednummer": 1172, "farledtype": "Hovedled" }, "geometry": { "type": "LineString", "coordinates": [ [ 14.369177785101686, 67.30733744290751 ], [ 14.373350905549126, 67.345488969522037 ] ] } },
{ "type": "Feature", "properties": { "gml_id": "idabe6dcc7-e8cc-4c5a-9b70-2edf6dc73181", "lokalid": "7546eabd-f7e7-449e-8430-eb84705ba4a5", "navnerom": "https://data.geonorge.no/sosi/samferdsel/hovedled_og_biled", "versjonId": 20210101, "datauttaksdato": "2026-01-01T23:00:58", "farlednavn": "Innseilingen Åsvær", "farlednummer": 1163, "farledtype": "Hovedled" }, "geometry": { "type": "LineString", "coordinates": [ [ 12.789579041119692, 66.193195312219302 ], [ 12.857095892778032, 66.192937437013171 ] ] } },
{ "type": "Feature", "properties": { "gml_id": "id45404187-213b-4524-8c11-8cab9d2a34f5", "lokalid": "c8e0517f-3aac-434b-93b0-3c91c478365a", "navnerom": "https://data.geonorge.no/sosi/samferdsel/hovedled_og_biled", "versjonId": 20210101, "datauttaksdato": "2026-01-01T23:00:58", "farlednavn": "Sjona - Trænfjorden - Husøy", "farlednummer": 2622, "farledtype": "Biled" }, "geometry": { "type": "LineString", "coordinates": [ [ 12.931904336615551, 66.282965305096937 ], [ 12.903727286247065, 66.33879199168976 ], [ 12.903281836474763, 66.339672491756872 ], [ 12.749251516377846, 66.387713214945023 ], [ 12.743975232097155, 66.389352866229984 ], [ 12.561885791530051, 66.41425920897484 ], [ 12.561555033838058, 66.414304211926066 ], [ 12.517985497122412, 66.420224657459499 ], [ 12.470009506830131, 66.431552356520399 ], [ 12.270375285056524, 66.478419482142769 ], [ 12.154970224853441, 66.50287600881893 ], [ 12.142813502631469, 66.505444473466255 ], [ 12.128101134874175, 66.507594055835668 ], [ 12.119215808168278, 66.506990846486119 ], [ 12.109831315519562, 66.503387828345723 ] ] } },
{ "type": "Feature", "properties": { "gml_id": "ida991f3ad-8ce6-4e77-b87e-1c959e2b5aef", "lokalid": "e6c8d37c-e78e-4554-a9f0-068ea181a286", "navnerom": "https://data.geonorge.no/sosi/samferdsel/hovedled_og_biled", "versjonId": 20210101, "datauttaksdato": "2026-01-01T23:00:58", "farlednavn": "Nappstraumen", "farlednummer": 2739, "farledtype": "Biled" }, "geometry": { "type": "LineString", "coordinates": [ [ 13.286588526703152, 67.862858642938292 ], [ 13.286666762521985, 67.862963003282218 ], [ 13.415498895263957, 68.033514395918672 ] ] } },
{ "type": "Feature", "properties": { "gml_id": "idb80c88e5-5e66-489c-b5e6-114a713663c4", "lokalid": "a2b09f62-d3df-4980-a128-873d3624ad99", "navnerom": "https://data.geonorge.no/sosi/samferdsel/hovedled_og_biled", "versjonId": 20210101, "datauttaksdato": "2026-01-01T23:00:58", "farlednavn": "Skrova - Molldøra", "farlednummer": 2765, "farledtype": "Biled" }, "geometry": { "type": "LineString", "coordinates": [ [ 14.725292668407242, 68.176260878846236 ], [ 14.75274470562969, 68.179320470482168 ], [ 14.889052934156728, 68.217571554292121 ] ] } },
{ "type": "Feature", "properties": { "gml_id": "id1525db76-3d56-4dc4-be12-b34cadd139cc", "lokalid": "3b2eda5f-0c8f-4d22-9734-418d44b856bc", "navnerom": "https://data.geonorge.no/sosi/samferdsel/hovedled_og_biled", "versjonId": 20210101, "datauttaksdato": "2026-01-01T23:00:58", "farlednavn": "Vesterålsfjorden - Langøysund", "farlednummer": 2782, "farledtype": "Biled" }, "geometry": { "type": "LineString", "coordinates": [ [ 13.973320404758255, 68.511729505896184 ], [ 13.973464934296732, 68.511748683416542 ], [ 14.350072558399651, 68.561189370145399 ], [ 14.512114561170886, 68.576789982758982 ], [ 14.682906546556937, 68.593233001293484 ], [ 14.857029060314417, 68.581002424744142 ], [ 14.959274083565044, 68.575232346533269 ], [ 14.996190358087354, 68.571749643748362 ], [ 15.186732170312073, 68.578232974994478 ] ] } },
{ "type": "Feature", "properties": { "gml_id": "id2f8aa45b-989b-46e5-b069-7051603ffde9", "lokalid": "3479493d-a0ba-4297-8fae-8a5a33a6dd76", "navnerom": "https://data.geonorge.no/sosi/samferdsel/hovedled_og_biled", "versjonId": 20210101, "datauttaksdato": "2026-01-01T23:00:58", "farlednavn": "Årebrotsneset - Botnane", "farlednummer": 2330, "farledtype": "Biled" }, "geometry": { "type": "LineString", "coordinates": [ [ 4.981221229704217, 61.62217982787088 ], [ 5.012798368672714, 61.625485019163214 ], [ 5.032711702122413, 61.624780018538047 ], [ 5.070319410304732, 61.614099019820195 ] ] } },
{ "type": "Feature", "properties": { "gml_id": "idd2f2794a-89f1-468f-a624-a152a4b9ab61", "lokalid": "b09c727a-c768-4f7b-8035-47fe51b9b1f1", "navnerom": "https://data.geonorge.no/sosi/samferdsel/hovedled_og_biled", "versjonId": 20210101, "datauttaksdato": "2026-01-01T23:00:58", "farlednavn": "Oldeide - Vågsfjorden", "farlednummer": 2343, "farledtype": "Biled" }, "geometry": { "type": "LineString", "coordinates": [ [ 5.078175706243177, 61.880062977157458 ], [ 5.098148714538626, 61.887794844887786 ], [ 5.116404462168837, 61.894856104539102 ], [ 5.129070032790218, 61.899190015883036 ], [ 5.13374641440828, 61.904653637148861 ] ] } },
{ "type": "Feature", "properties": { "gml_id": "id5a4e63b2-bf74-4b57-a238-fb3964e6095d", "lokalid": "2e944eec-f388-42db-9996-7b4b2f1af7db", "navnerom": "https://data.geonorge.no/sosi/samferdsel/hovedled_og_biled", "versjonId": 20210101, "datauttaksdato": "2026-01-01T23:00:58", "farlednavn": "Nord om Helgøy", "farlednummer": 2118, "farledtype": "Biled" }, "geometry": { "type": "LineString", "coordinates": [ [ 5.836386683708936, 59.235963345703198 ], [ 5.836405858499348, 59.235965735023001 ], [ 5.86294791388081, 59.239270621905085 ] ] } },
{ "type": "Feature", "properties": { "gml_id": "id202483e1-6206-45c6-ac3f-210f42ede790", "lokalid": "90341db9-abb9-4273-9d52-ff9fcc09436b", "navnerom": "https://data.geonorge.no/sosi/samferdsel/hovedled_og_biled", "versjonId": 20210101, "datauttaksdato": "2026-01-01T23:00:58", "farlednavn": "Hurtigbåt Sistranda", "farlednummer": 2534, "farledtype": "Biled" }, "geometry": { "type": "LineString", "coordinates": [ [ 8.688825915981106, 63.875072834590895 ], [ 8.731664875754968, 63.873258928390598 ], [ 8.769787213420109, 63.851768421024872 ] ] } },
{ "type": "Feature", "properties": { "gml_id": "idffbe88f8-b89e-41c1-aac5-b65621dadf6b", "lokalid": "f4cb637e-5c5e-4d02-b0ae-86dfb29315a4", "navnerom": "https://data.geonorge.no/sosi/samferdsel/hovedled_og_biled", "versjonId": 20210101, "datauttaksdato": "2026-01-01T23:00:58", "farlednavn": "Ferge Dyrøy - Mausund - Sula", "farlednummer": 2534, "farledtype": "Biled" }, "geometry": { "type": "LineString", "coordinates": [ [ 8.680139758728199, 63.801339650997654 ], [ 8.669013505990383, 63.803066990498145 ], [ 8.660550731609925, 63.803895554240107 ], [ 8.648894870969905, 63.803545274028806 ], [ 8.633912209849061, 63.805340189401491 ], [ 8.632921330550307, 63.805896973991111 ], [ 8.632407255597283, 63.807075491417059 ], [ 8.646182056413421, 63.816639230997723 ], [ 8.664753312855993, 63.855556518079197 ], [ 8.64894595777981, 63.858900267658825 ], [ 8.644782482136728, 63.860795388324043 ], [ 8.640380815429555, 63.862170021177164 ], [ 8.641031944188322, 63.865179560163796 ] ] } },
{ "type": "Feature", "properties": { "gml_id": "id2f30275d-af0c-4a8d-b1da-687eec285163", "lokalid": "5a13f3d8-55d1-4d53-9e80-b048327310de", "navnerom": "https://data.geonorge.no/sosi/samferdsel/hovedled_og_biled", "versjonId": 20210101, "datauttaksdato": "2026-01-01T23:00:58", "farlednavn": "Revingen - Klovningane", "farlednummer": 2119, "farledtype": "Biled" }, "geometry": { "type": "LineString", "coordinates": [ [ 5.798324885245952, 59.017082743160678 ], [ 5.802467761798947, 59.030457031472878 ], [ 5.805816682838467, 59.04126168714307 ], [ 5.786495484922957, 59.064738005108296 ] ] } },
{ "type": "Feature", "properties": { "gml_id": "idc1674f8f-c0ae-4538-9b76-ba59fc5f2e57", "lokalid": "450afdf5-e49a-4454-98d0-025c9c12ec76", "navnerom": "https://data.geonorge.no/sosi/samferdsel/hovedled_og_biled", "versjonId": 20210101, "datauttaksdato": "2026-01-01T23:00:58", "farlednavn": "Ramsholmane - Bømlafjorden", "farlednummer": 2164, "farledtype": "Biled" }, "geometry": { "type": "LineString", "coordinates": [ [ 5.209948310509249, 59.523035223918214 ], [ 5.216446694870203, 59.529238355552863 ], [ 5.227946694414355, 59.542296695455427 ], [ 5.230236693794714, 59.551115025671379 ], [ 5.240794335499903, 59.569471630538111 ] ] } },
{ "type": "Feature", "properties": { "gml_id": "id417e2356-9fa7-446a-b407-70dd12461eb1", "lokalid": "0a0f34f3-8f79-408d-bf71-04341e2adfbb", "navnerom": "https://data.geonorge.no/sosi/samferdsel/hovedled_og_biled", "versjonId": 20210101, "datauttaksdato": "2026-01-01T23:00:58", "farlednavn": "Bekkjarvik - Korsfjorden", "farlednummer": 2225, "farledtype": "Biled" }, "geometry": { "type": "LineString", "coordinates": [ [ 5.200366696280812, 60.01557502418634 ], [ 5.176352934311751, 60.033672175162266 ], [ 5.167873532683214, 60.040056333494221 ], [ 5.16775169634653, 60.052390024100525 ], [ 5.173473362562558, 60.069293353880404 ], [ 5.173991223675295, 60.070415262736134 ], [ 5.179538362684172, 60.082428353808666 ], [ 5.179653362923285, 60.090980024225864 ], [ 5.179984103144494, 60.093215653539602 ], [ 5.181026695637664, 60.100261693692389 ], [ 5.184603362847295, 60.123498353593376 ], [ 5.187893361588083, 60.146003353648133 ], [ 5.209225028058932, 60.192168352896694 ] ] } },
{ "type": "Feature", "properties": { "gml_id": "idcf2861f0-19c5-42b7-b2de-cecff0f99575", "lokalid": "b05ca649-25b8-4647-9475-27defce3c8e2", "navnerom": "https://data.geonorge.no/sosi/samferdsel/hovedled_og_biled", "versjonId": 20210101, "datauttaksdato": "2026-01-01T23:00:58", "farlednavn": "Skånevik - Skånevikfjorden", "farlednummer": 2185, "farledtype": "Biled" }, "geometry": { "type": "LineString", "coordinates": [ [ 5.885810309161446, 59.754646511232075 ], [ 5.930667613050584, 59.739402044620171 ], [ 5.932652858054524, 59.734579887931595 ] ] } },
{ "type": "Feature", "properties": { "gml_id": "idb3ed1b29-f46c-4570-a8a4-a91e9dc00cee", "lokalid": "2adca9b1-ea8c-48b3-922e-4cb5c7d92104", "navnerom": "https://data.geonorge.no/sosi/samferdsel/hovedled_og_biled", "versjonId": 20210101, "datauttaksdato": "2026-01-01T23:00:58", "farlednavn": "Langenuen - Huglo", "farlednummer": 2188, "farledtype": "Biled" }, "geometry": { "type": "LineString", "coordinates": [ [ 5.564456525346885, 59.867896652725499 ], [ 5.570709763300982, 59.874215907523457 ], [ 5.568044526532963, 59.876729472443543 ], [ 5.549217143839509, 59.882881964808014 ], [ 5.538360442410666, 59.882745104229379 ] ] } },
{ "type": "Feature", "properties": { "gml_id": "ide0ca1fe6-2085-462d-a4c5-9880870143f0", "lokalid": "4df9abd3-b9d3-4686-81cc-bf8824b216b8", "navnerom": "https://data.geonorge.no/sosi/samferdsel/hovedled_og_biled", "versjonId": 20210101, "datauttaksdato": "2026-01-01T23:00:58", "farlednavn": "Maurangerfjorden", "farlednummer": 2195, "farledtype": "Biled" }, "geometry": { "type": "LineString", "coordinates": [ [ 6.06829885235446, 60.099933860198895 ], [ 6.113950013428656, 60.100111680659552 ], [ 6.20527334522835, 60.112433339772352 ], [ 6.263493672678069, 60.12713621656173 ] ] } },
{ "type": "Feature", "properties": { "gml_id": "idb1039a05-8641-4ad2-b517-53db2ccd5fd4", "lokalid": "9cbec4c4-c555-4aa0-b672-39b043417cfb", "navnerom": "https://data.geonorge.no/sosi/samferdsel/hovedled_og_biled", "versjonId": 20210101, "datauttaksdato": "2026-01-01T23:00:58", "farlednavn": "Samnangerfjorden", "farlednummer": 2214, "farledtype": "Biled" }, "geometry": { "type": "LineString", "coordinates": [ [ 5.534744901955373, 60.16861041492912 ], [ 5.55997777843726, 60.210629352596456 ], [ 5.580173404819526, 60.244185363509999 ], [ 5.580252944262344, 60.256971750034843 ], [ 5.626660019992721, 60.286808345318484 ], [ 5.633068352900353, 60.301670015330707 ], [ 5.653957053440614, 60.337341260585639 ], [ 5.674179824636011, 60.348849357601523 ], [ 5.690620898782232, 60.368275506374921 ], [ 5.721188351887696, 60.376761683642904 ], [ 5.739698020940208, 60.384203881866647 ], [ 5.721545023520522, 60.397041735024381 ] ] } },
{ "type": "Feature", "properties": { "gml_id": "id1de2e67a-e5d5-4eb3-9dd2-74efd0a2aaef", "lokalid": "f699ac1f-ce29-4e45-a186-9ce5d0683f62", "navnerom": "https://data.geonorge.no/sosi/samferdsel/hovedled_og_biled", "versjonId": 20210101, "datauttaksdato": "2026-01-01T23:00:58", "farlednavn": "Pirholmen - Storebø", "farlednummer": 2231, "farledtype": "Biled" }, "geometry": { "type": "LineString", "coordinates": [ [ 5.179538362684172, 60.082428353808666 ], [ 5.198091090070944, 60.092886760523768 ], [ 5.200638779925345, 60.093614479192844 ], [ 5.217167658288773, 60.094061726300595 ] ] } },
{ "type": "Feature", "properties": { "gml_id": "idac9140a2-3f9e-44cb-8bdb-1150d1ec6d7d", "lokalid": "6c21ffb4-2abe-401e-b1d2-bc180fd65fab", "navnerom": "https://data.geonorge.no/sosi/samferdsel/hovedled_og_biled", "versjonId": 20210101, "datauttaksdato": "2026-01-01T23:00:58", "farlednavn": "Hjelteskjæret - Horsøy", "farlednummer": 2245, "farledtype": "Biled" }, "geometry": { "type": "LineString", "coordinates": [ [ 5.154870030827244, 60.392485023027866 ], [ 5.138111698123374, 60.416001693435533 ], [ 5.133752217454333, 60.426343840924766 ], [ 5.137100800527544, 60.430354398149376 ], [ 5.146530296519271, 60.432276773115248 ], [ 5.154546793649669, 60.431519398269728 ] ] } },
{ "type": "Feature", "properties": { "gml_id": "id907af08b-7adf-4241-aa5d-d9a0be950bf8", "lokalid": "760a9cc7-caed-4c7c-97c6-3ed2da7cfb86", "navnerom": "https://data.geonorge.no/sosi/samferdsel/hovedled_og_biled", "versjonId": 20210101, "datauttaksdato": "2026-01-01T23:00:58", "farlednavn": "Hamarfjord - Burøysundet", "farlednummer": 2901, "farledtype": "Biled" }, "geometry": { "type": "LineString", "coordinates": [ [ 20.039593356275283, 70.208676303258031 ], [ 19.806940736914832, 70.220208912952685 ], [ 19.751375904100342, 70.223003831425117 ], [ 19.736815356342856, 70.221275514528429 ], [ 19.735412092112171, 70.224563883460249 ], [ 19.732076201278655, 70.229640142990746 ] ] } },
{ "type": "Feature", "properties": { "gml_id": "idf22915cb-8171-4556-82ca-5bf2e7bf6359", "lokalid": "37100a70-4698-4579-8725-3dfbd046b60d", "navnerom": "https://data.geonorge.no/sosi/samferdsel/hovedled_og_biled", "versjonId": 20210101, "datauttaksdato": "2026-01-01T23:00:58", "farlednavn": "Repvåg - Store Tamsøy", "farlednummer": 2859, "farledtype": "Biled" }, "geometry": { "type": "LineString", "coordinates": [ [ 25.70028566586026, 70.76547273599644 ], [ 25.714425742249841, 70.759209736609989 ], [ 25.723740468311881, 70.728311555630171 ], [ 25.754847176937801, 70.717787282495564 ] ] } },
{ "type": "Feature", "properties": { "gml_id": "id55a3ae06-d629-49bd-96df-ab5704c93376", "lokalid": "92dcda2d-b8d8-4a56-8d5b-10d8ad6f4b5b", "navnerom": "https://data.geonorge.no/sosi/samferdsel/hovedled_og_biled", "versjonId": 20210101, "datauttaksdato": "2026-01-01T23:00:58", "farlednavn": "Revsbotn", "farlednummer": 2889, "farledtype": "Biled" }, "geometry": { "type": "LineString", "coordinates": [ [ 24.139965646816883, 70.744639197818586 ], [ 23.748410506374292, 70.779833300424897 ] ] } },
{ "type": "Feature", "properties": { "gml_id": "idaec81f20-9f14-4479-95cd-37ac8d238939", "lokalid": "4398231d-fa00-408f-a36e-4c74c11c9f46", "navnerom": "https://data.geonorge.no/sosi/samferdsel/hovedled_og_biled", "versjonId": 20210101, "datauttaksdato": "2026-01-01T23:00:58", "farlednavn": "Fugløyfjorden", "farlednummer": 2888, "farledtype": "Biled" }, "geometry": { "type": "LineString", "coordinates": [ [ 20.28240004459737, 70.076856824784841 ], [ 20.282149788891189, 70.076945329450908 ], [ 20.216776009336229, 70.100027549395463 ], [ 20.124970503694655, 70.134115245038842 ], [ 20.124233548137731, 70.134761283051532 ], [ 20.039593356275283, 70.208676303258031 ], [ 19.854680107355541, 70.368224833336043 ] ] } },
{ "type": "Feature", "properties": { "gml_id": "idd3703be2-6ffd-4e1b-b31b-ba2dd0bd4f62", "lokalid": "a330e59c-d16f-42e6-9c55-69bd3cc23dd9", "navnerom": "https://data.geonorge.no/sosi/samferdsel/hovedled_og_biled", "versjonId": 20210101, "datauttaksdato": "2026-01-01T23:00:58", "farlednavn": "ferge Meløy sør", "farlednummer": 2645, "farledtype": "Biled" }, "geometry": { "type": "LineString", "coordinates": [ [ 13.587831223520379, 66.807393178230953 ], [ 13.564694776539232, 66.813635056904957 ], [ 13.542469731016546, 66.817143700426172 ], [ 13.532319828752227, 66.816868297313803 ], [ 13.49821396608125, 66.815938067851363 ], [ 13.498023412587351, 66.815932850048739 ], [ 13.342348339641831, 66.800927283628937 ], [ 13.285650708405591, 66.800848232117588 ], [ 13.259620078859047, 66.802044611327986 ], [ 13.248036780830766, 66.802575567633127 ] ] } },
{ "type": "Feature", "properties": { "gml_id": "id2dae5aff-8bd2-48da-b6fc-592fab9a3cc8", "lokalid": "a8e7e4dd-ec6f-44b1-88cb-47b843f3b0ca", "navnerom": "https://data.geonorge.no/sosi/samferdsel/hovedled_og_biled", "versjonId": 20210101, "datauttaksdato": "2026-01-01T23:00:58", "farlednavn": "Ferge Jektvik - Nordnesøy", "farlednummer": 2638, "farledtype": "Biled" }, "geometry": { "type": "LineString", "coordinates": [ [ 13.264552937322923, 66.627924981827164 ], [ 13.24201956157321, 66.626077689164021 ], [ 13.222339042036493, 66.626093359447609 ], [ 13.10665489026181, 66.647020404285257 ], [ 13.089441947235727, 66.650123875933147 ], [ 13.07804170416634, 66.652177856257538 ], [ 13.0739059331626, 66.653262680109634 ], [ 13.060711850170867, 66.648308246360685 ], [ 13.060522184459751, 66.648237003306832 ], [ 13.011173154222339, 66.641926974101196 ], [ 13.006838552566091, 66.638450035359384 ], [ 13.000622418806564, 66.635272764130875 ], [ 12.987685847821867, 66.622298666696324 ], [ 12.985571058462705, 66.617888541073626 ], [ 12.98287422309363, 66.613728834315836 ], [ 12.981061188860908, 66.586755115073714 ], [ 12.979902888820959, 66.580193321904133 ], [ 12.97886212826058, 66.579440738390133 ], [ 12.976130744922354, 66.575996441062998 ], [ 12.975438016149521, 66.572178917062161 ], [ 12.965210534632545, 66.562245385040328 ], [ 12.951330191443523, 66.557198935088195 ], [ 12.935671351407121, 66.55448588425061 ], [ 12.909641721401947, 66.561150835223486 ], [ 12.868560215436712, 66.569545462084676 ], [ 12.853664781287806, 66.5718081328843 ], [ 12.84629568080288, 66.565422691676062 ], [ 12.839684202406083, 66.561629601381455 ], [ 12.83020506009515, 66.560319445203149 ], [ 12.793511232516497, 66.565099853477321 ], [ 12.753679652774503, 66.57327076753225 ], [ 12.7056548930424, 66.590871398205721 ], [ 12.690559282495091, 66.596007651477606 ], [ 12.677547088325502, 66.596106268965968 ] ] } },
{ "type": "Feature", "properties": { "gml_id": "idd16ef035-e51d-4f44-bff2-c8f27e537700", "lokalid": "eea6dc9c-3fd1-4664-aa87-2a2efe1ddcda", "navnerom": "https://data.geonorge.no/sosi/samferdsel/hovedled_og_biled", "versjonId": 20210101, "datauttaksdato": "2026-01-01T23:00:58", "farlednavn": "Ferge Kilboghamn - Oldervik - Jektvik", "farlednummer": 2634, "farledtype": "Biled" }, "geometry": { "type": "LineString", "coordinates": [ [ 13.230995635037317, 66.491387070267237 ], [ 13.29704529550389, 66.503714785534982 ], [ 13.241697487943412, 66.521816987607821 ], [ 13.196303411968511, 66.54842276071264 ], [ 13.182125099550996, 66.555734031148205 ], [ 13.169092004258758, 66.562449804829583 ] ] } },
{ "type": "Feature", "properties": { "gml_id": "idd734112f-04bf-42d2-8a6b-627cb37f9270", "lokalid": "a47eef0b-6c11-4b5a-81d7-92e3376dbe0a", "navnerom": "https://data.geonorge.no/sosi/samferdsel/hovedled_og_biled", "versjonId": 20210101, "datauttaksdato": "2026-01-01T23:00:58", "farlednavn": "Refsnes - Flesnes", "farlednummer": 2829, "farledtype": "Biled" }, "geometry": { "type": "LineString", "coordinates": [ [ 16.047928874249255, 68.677431956292338 ], [ 16.042633332887718, 68.675752162174319 ], [ 16.00565557907408, 68.676503085028941 ], [ 15.962340850488772, 68.67509819628745 ], [ 15.926976046975479, 68.673942791386054 ], [ 15.919698518948268, 68.673436136401378 ] ] } },
{ "type": "Feature", "properties": { "gml_id": "iddaee02b4-643c-4772-bfcc-08a07b25b62b", "lokalid": "8120d849-40a1-47c1-876f-e3b05fb23af6", "navnerom": "https://data.geonorge.no/sosi/samferdsel/hovedled_og_biled", "versjonId": 20210101, "datauttaksdato": "2026-01-01T23:00:58", "farlednavn": "Harstad - Sørrollnes", "farlednummer": 2825, "farledtype": "Biled" }, "geometry": { "type": "LineString", "coordinates": [ [ 16.591813923432525, 68.773076373213911 ], [ 16.661361950432752, 68.739256204092783 ], [ 16.724084257768006, 68.725533301810444 ], [ 16.730532392570929, 68.724120254040642 ], [ 16.77065584868339, 68.715318050676757 ], [ 16.840852325078778, 68.717082564284695 ], [ 16.851820644484793, 68.724189905893269 ], [ 16.851997370846505, 68.724304473415614 ] ] } },
{ "type": "Feature", "properties": { "gml_id": "id1b36daa1-21c3-47b2-a99d-8faf0ec88cb6", "lokalid": "c8e74334-8995-4c60-8f0c-a1b952800222", "navnerom": "https://data.geonorge.no/sosi/samferdsel/hovedled_og_biled", "versjonId": 20210101, "datauttaksdato": "2026-01-01T23:00:58", "farlednavn": "Onarheimsfjorden", "farlednummer": 2182, "farledtype": "Biled" }, "geometry": { "type": "LineString", "coordinates": [ [ 5.666744846521011, 59.976446826844743 ], [ 5.672935884408636, 59.973580345016082 ], [ 5.760783639208931, 59.944556299024413 ] ] } },
{ "type": "Feature", "properties": { "gml_id": "ide11fa7ee-ed68-417a-a8a8-1e92295f14a8", "lokalid": "6a67262a-e80d-4672-8034-ce672f875292", "navnerom": "https://data.geonorge.no/sosi/samferdsel/hovedled_og_biled", "versjonId": 20210101, "datauttaksdato": "2026-01-01T23:00:58", "farlednavn": "Øynefjorden", "farlednummer": 2192, "farledtype": "Biled" }, "geometry": { "type": "LineString", "coordinates": [ [ 5.946442558779618, 60.022398709442655 ], [ 5.938785603345795, 60.055809683974402 ], [ 5.935205812576998, 60.071402017852108 ], [ 5.919522555719595, 60.139503479441821 ], [ 6.108209946940724, 60.223263312360018 ] ] } },
{ "type": "Feature", "properties": { "gml_id": "idc476122b-6e3c-4cad-b083-9f9f0abc87b0", "lokalid": "475d1b98-5704-48b6-a0c4-43ac11ef34a1", "navnerom": "https://data.geonorge.no/sosi/samferdsel/hovedled_og_biled", "versjonId": 20210101, "datauttaksdato": "2026-01-01T23:00:58", "farlednavn": "Borgundvåg", "farlednummer": 2357, "farledtype": "Biled" }, "geometry": { "type": "LineString", "coordinates": [ [ 5.357296225092594, 62.147746480318155 ], [ 5.360281748704043, 62.147879758439409 ] ] } },
{ "type": "Feature", "properties": { "gml_id": "id723bb028-1d89-4eea-9398-9941cbca5734", "lokalid": "d07b33bd-d7f9-4cc0-b305-08863d96146d", "navnerom": "https://data.geonorge.no/sosi/samferdsel/hovedled_og_biled", "versjonId": 20210101, "datauttaksdato": "2026-01-01T23:00:58", "farlednavn": "Sildeskjær - Gåsholmen", "farlednummer": 2075, "farledtype": "Biled" }, "geometry": { "type": "LineString", "coordinates": [ [ 9.262080368934424, 58.686698550943326 ], [ 9.261440649426541, 58.686331265783835 ], [ 9.21540784769009, 58.66566707932683 ], [ 9.202178499632268, 58.664724370712342 ], [ 9.194376290204911, 58.660155981103188 ], [ 9.167425644941543, 58.656115489818127 ], [ 9.163380559695426, 58.655401651798449 ], [ 9.132685512799705, 58.643266400580814 ], [ 9.130288658399939, 58.642197128823 ] ] } },
{ "type": "Feature", "properties": { "gml_id": "ide54f0813-72a7-4c63-bee1-680038679ff4", "lokalid": "4450bce8-f335-4180-86d6-5a3023f911e1", "navnerom": "https://data.geonorge.no/sosi/samferdsel/hovedled_og_biled", "versjonId": 20210101, "datauttaksdato": "2026-01-01T23:00:58", "farlednavn": "Gjennom Lyngør", "farlednummer": 2076, "farledtype": "Biled" }, "geometry": { "type": "LineString", "coordinates": [ [ 9.11903533097775, 58.638304059183255 ], [ 9.121956099905756, 58.636808056729876 ], [ 9.122810957900109, 58.635240815582755 ], [ 9.125731725892811, 58.632747477015329 ], [ 9.130647163667476, 58.634243480264288 ], [ 9.137770986687155, 58.637306724008717 ], [ 9.143002984648831, 58.639228400547523 ], [ 9.144798158072692, 58.639887659027977 ], [ 9.160481280889728, 58.644019730411856 ], [ 9.16944825362626, 58.648467067036016 ] ] } },
{ "type": "Feature", "properties": { "gml_id": "ide1b197ba-51b7-4971-b2e4-de957010c781", "lokalid": "4a6c927b-25dc-4fce-9a2f-2f305a7ecb22", "navnerom": "https://data.geonorge.no/sosi/samferdsel/hovedled_og_biled", "versjonId": 20210101, "datauttaksdato": "2026-01-01T23:00:58", "farlednavn": "Lysøysundet", "farlednummer": 2545, "farledtype": "Biled" }, "geometry": { "type": "LineString", "coordinates": [ [ 9.861266688755869, 63.910027991789555 ], [ 9.877298024954145, 63.906589484177104 ], [ 9.875470602024913, 63.891288908712575 ] ] } },
{ "type": "Feature", "properties": { "gml_id": "ide37f8cd2-7399-485b-809c-0406c71a8030", "lokalid": "66ccaf7c-4a45-4386-ab87-3b2aaf6c0766", "navnerom": "https://data.geonorge.no/sosi/samferdsel/hovedled_og_biled", "versjonId": 20210101, "datauttaksdato": "2026-01-01T23:00:58", "farlednavn": "Sagesund", "farlednummer": 2081, "farledtype": "Biled" }, "geometry": { "type": "LineString", "coordinates": [ [ 8.968936371739119, 58.598838078227196 ], [ 8.964590840111264, 58.603468563521346 ], [ 8.959319209986953, 58.601972560231417 ], [ 8.954047580751892, 58.604038468916691 ], [ 8.9464249252689, 58.603519238615178 ] ] } },
{ "type": "Feature", "properties": { "gml_id": "id19537ed8-b3a4-46ad-99eb-62f12041859e", "lokalid": "baed77f1-66a1-41ba-9e6a-34f1bb56d7ad", "navnerom": "https://data.geonorge.no/sosi/samferdsel/hovedled_og_biled", "versjonId": 20210101, "datauttaksdato": "2026-01-01T23:00:58", "farlednavn": "Gamlegapet", "farlednummer": 2083, "farledtype": "Biled" }, "geometry": { "type": "LineString", "coordinates": [ [ 8.63168340350299, 58.25590417235145 ], [ 8.661698996597142, 58.33418948364433 ], [ 8.668862338583102, 58.342188549016441 ], [ 8.685175731298715, 58.350871003878538 ] ] } },
{ "type": "Feature", "properties": { "gml_id": "id8e50a24b-7a6b-44cf-becb-6ea646c277fd", "lokalid": "a65f045c-cb7e-411b-a834-0e363d1b35e8", "navnerom": "https://data.geonorge.no/sosi/samferdsel/hovedled_og_biled", "versjonId": 20210101, "datauttaksdato": "2026-01-01T23:00:58", "farlednavn": "Spærholmen - Hesnesbregen", "farlednummer": 2084, "farledtype": "Biled" }, "geometry": { "type": "LineString", "coordinates": [ [ 8.67864422336746, 58.277413131770203 ], [ 8.732153244180141, 58.378487303210306 ], [ 8.732798513377009, 58.379812131008933 ] ] } },
{ "type": "Feature", "properties": { "gml_id": "idcae79287-fdaa-4263-bd76-22d687574027", "lokalid": "bec34b4c-1c49-47ad-af37-b67e0f816487", "navnerom": "https://data.geonorge.no/sosi/samferdsel/hovedled_og_biled", "versjonId": 20210101, "datauttaksdato": "2026-01-01T23:00:58", "farlednavn": "Merdø - Leiholmsund", "farlednummer": 2085, "farledtype": "Biled" }, "geometry": { "type": "LineString", "coordinates": [ [ 8.585587589488298, 58.318911698806048 ], [ 8.602720810508281, 58.315326014968186 ], [ 8.605278783883739, 58.316383027542457 ], [ 8.605586147287385, 58.316758683294267 ], [ 8.608809650512043, 58.319027074881511 ], [ 8.618480163902769, 58.322131189763738 ], [ 8.640089579804497, 58.336219096844665 ], [ 8.644506973978197, 58.338248710707056 ], [ 8.652028483242136, 58.343859995530217 ], [ 8.685175731298715, 58.350871003878538 ], [ 8.698796626001773, 58.361706432633959 ], [ 8.704431200251454, 58.364692359178242 ], [ 8.728454551587163, 58.37731646038182 ], [ 8.732798513377009, 58.379812131008933 ], [ 8.749149839119298, 58.389201822244871 ], [ 8.784003771744628, 58.41537118866222 ], [ 8.787520791769914, 58.425307412000706 ] ] } },
{ "type": "Feature", "properties": { "gml_id": "id1e783d37-4675-4197-9051-01effa5d2318", "lokalid": "91d8d882-1593-4312-8a4d-073f2b20087d", "navnerom": "https://data.geonorge.no/sosi/samferdsel/hovedled_og_biled", "versjonId": 20210101, "datauttaksdato": "2026-01-01T23:00:58", "farlednavn": "Holmestrandsfjorden", "farlednummer": 2023, "farledtype": "Biled" }, "geometry": { "type": "LineString", "coordinates": [ [ 10.558400593262302, 59.436401505302427 ], [ 10.54957888338539, 59.438548831735638 ], [ 10.487179497910205, 59.453712656522107 ], [ 10.391972936595845, 59.47676458205575 ], [ 10.317565035932274, 59.494643381529023 ], [ 10.309795389637205, 59.496506706884219 ] ] } },
{ "type": "Feature", "properties": { "gml_id": "ideef04967-d9d8-47fd-b27b-fddd9fac8876", "lokalid": "84b46c7f-5cef-4948-9e51-fdd47e47f791", "navnerom": "https://data.geonorge.no/sosi/samferdsel/hovedled_og_biled", "versjonId": 20210101, "datauttaksdato": "2026-01-01T23:00:58", "farlednavn": "Rivingdypet - Grimstad - Vikkilen", "farlednummer": 2086, "farledtype": "Biled" }, "geometry": { "type": "LineString", "coordinates": [ [ 8.616526548645217, 58.248962041899794 ], [ 8.596592670486617, 58.287962828563636 ], [ 8.588871681132703, 58.294910488505671 ], [ 8.586125732373951, 58.298372771146617 ], [ 8.582424672471909, 58.30267077692406 ], [ 8.582042582507807, 58.305718454155588 ], [ 8.58226779963034, 58.308864596616345 ], [ 8.582553820898523, 58.312860143666711 ], [ 8.585587589488298, 58.318911698806048 ], [ 8.586603288763394, 58.320937299439834 ], [ 8.598780970859842, 58.334428261457589 ], [ 8.603320487350402, 58.340664489037088 ], [ 8.610177167322973, 58.352426733068256 ], [ 8.615031214607233, 58.358222449021817 ], [ 8.615611640219615, 58.359091930541858 ] ] } },
{ "type": "Feature", "properties": { "gml_id": "idbd0f3395-d66b-4514-9c4c-22094a98c084", "lokalid": "79109c73-395f-4a9e-8d69-ceea603bee91", "navnerom": "https://data.geonorge.no/sosi/samferdsel/hovedled_og_biled", "versjonId": 20210101, "datauttaksdato": "2026-01-01T23:00:58", "farlednavn": "Homborsundleia", "farlednummer": 2090, "farledtype": "Biled" }, "geometry": { "type": "LineString", "coordinates": [ [ 8.425058758746415, 58.219709306461127 ], [ 8.438157286793716, 58.230308474495963 ], [ 8.44717921481643, 58.233689160688222 ], [ 8.472002172109045, 58.249359739833203 ], [ 8.475133930264679, 58.253255434968608 ], [ 8.477701805636741, 58.254531072267717 ], [ 8.484406269506806, 58.257183552260848 ], [ 8.498323278364662, 58.257704550416612 ], [ 8.510817025847496, 58.260654287363913 ], [ 8.515937709976027, 58.257412415428696 ], [ 8.538370116571192, 58.271271458484669 ], [ 8.559717693967366, 58.28829064257841 ], [ 8.570624211444027, 58.303518491677387 ], [ 8.575380718858629, 58.304939167910526 ], [ 8.578962390352286, 58.306371837147054 ], [ 8.58226779963034, 58.308864596616345 ] ] } },
{ "type": "Feature", "properties": { "gml_id": "idbb1abd57-f82f-40e4-9d0b-5d2b5ebc648c", "lokalid": "28f16d47-ab3d-4194-8540-c9891bbb8f3d", "navnerom": "https://data.geonorge.no/sosi/samferdsel/hovedled_og_biled", "versjonId": 20210101, "datauttaksdato": "2026-01-01T23:00:58", "farlednavn": "Jomfrulandsrevet - Oksøy", "farlednummer": 1026, "farledtype": "Hovedled" }, "geometry": { "type": "LineString", "coordinates": [ [ 8.844536485035658, 58.377428849527774 ], [ 8.907581407275053, 58.416715652638146 ], [ 9.226712435524695, 58.606531312604915 ], [ 9.294325868696379, 58.646390749645711 ], [ 9.32884524348699, 58.667157281674257 ], [ 9.51147027897786, 58.774692010564976 ] ] } },
{ "type": "Feature", "properties": { "gml_id": "id036a86c5-76f9-4d3a-bb5f-ec83c4e33d24", "lokalid": "095f4146-fd04-4afd-bfcc-38dc60a28800", "navnerom": "https://data.geonorge.no/sosi/samferdsel/hovedled_og_biled", "versjonId": 20210101, "datauttaksdato": "2026-01-01T23:00:58", "farlednavn": "Saltholmen - Kristiansand via Randesund", "farlednummer": 2092, "farledtype": "Biled" }, "geometry": { "type": "LineString", "coordinates": [ [ 8.408242708344256, 58.230321209153452 ], [ 8.405012558880529, 58.21300960668659 ], [ 8.390738325023213, 58.196994930402056 ], [ 8.38626621752158, 58.195259487647895 ], [ 8.384941905883265, 58.193922987947538 ], [ 8.384772752891093, 58.193299566674511 ], [ 8.382759748002128, 58.192753081004838 ], [ 8.380413249072458, 58.192321045461661 ], [ 8.374055859824983, 58.187336802724147 ], [ 8.290125752358144, 58.147916610626751 ], [ 8.282760058043177, 58.146047288374483 ], [ 8.280208325500205, 58.144623096984688 ], [ 8.27758487566269, 58.140465049298271 ], [ 8.269847964438132, 58.137942713734986 ], [ 8.263914358948568, 58.134366094843934 ], [ 8.262828910608318, 58.13335530813017 ], [ 8.261349787320766, 58.131748865123328 ], [ 8.255422808657734, 58.130576543454204 ], [ 8.243117956476189, 58.123456780612898 ], [ 8.236383516326343, 58.116331590613861 ], [ 8.227079746780875, 58.109559591802906 ], [ 8.226586870192046, 58.10828722526157 ], [ 8.220830496900309, 58.103861671805561 ] ] } },
{ "type": "Feature", "properties": { "gml_id": "ide854c9dd-dbc7-4085-a015-261965c4d693", "lokalid": "8b2a995a-201d-4d9b-a00b-b5282d8ff871", "navnerom": "https://data.geonorge.no/sosi/samferdsel/hovedled_og_biled", "versjonId": 20210101, "datauttaksdato": "2026-01-01T23:00:58", "farlednavn": "Østre Dåvøsund", "farlednummer": 2908, "farledtype": "Biled" }, "geometry": { "type": "LineString", "coordinates": [ [ 19.48855480715098, 70.073800747442334 ], [ 19.400340535198239, 70.049599346723696 ], [ 19.384804404441169, 70.037143732076245 ], [ 19.365654249926003, 70.011296563489779 ], [ 19.369540469814673, 69.996499305668806 ] ] } },
{ "type": "Feature", "properties": { "gml_id": "idc4eb709e-d534-4396-9fcb-181526e6d95e", "lokalid": "05edc053-7fcb-4c58-828d-66d7a8cad909", "navnerom": "https://data.geonorge.no/sosi/samferdsel/hovedled_og_biled", "versjonId": 20210101, "datauttaksdato": "2026-01-01T23:00:58", "farlednavn": "Tåtøy - Litangen", "farlednummer": 2062, "farledtype": "Biled" }, "geometry": { "type": "LineString", "coordinates": [ [ 9.381063240373299, 58.850781687921895 ], [ 9.331817555102759, 58.845709936554819 ], [ 9.30226329183221, 58.845894427905328 ] ] } },
{ "type": "Feature", "properties": { "gml_id": "id609184df-c0e2-4c75-bece-1f0703f52654", "lokalid": "e4e8f8cf-faa0-451d-b4b6-e93e5520c51a", "navnerom": "https://data.geonorge.no/sosi/samferdsel/hovedled_og_biled", "versjonId": 20210101, "datauttaksdato": "2026-01-01T23:00:58", "farlednavn": "Grønnholmgapet - Søndeled", "farlednummer": 2071, "farledtype": "Biled" }, "geometry": { "type": "LineString", "coordinates": [ [ 9.295733332667163, 58.73978466913789 ], [ 9.218333780222856, 58.741485399506068 ], [ 9.160406398998951, 58.737115589384508 ], [ 9.146381357327689, 58.737843393994893 ], [ 9.109669296098735, 58.746729795066194 ] ] } },
{ "type": "Feature", "properties": { "gml_id": "id09c36f76-160e-4f5c-8fa1-ae7e3ee4082f", "lokalid": "8c740075-e490-49ab-95d4-5701f2349d88", "navnerom": "https://data.geonorge.no/sosi/samferdsel/hovedled_og_biled", "versjonId": 20210101, "datauttaksdato": "2026-01-01T23:00:58", "farlednavn": "Saltholmen - Kristiansand", "farlednummer": 2092, "farledtype": "Biled" }, "geometry": { "type": "LineString", "coordinates": [ [ 8.220830496900309, 58.103861671805561 ], [ 8.17234273961782, 58.098326797878144 ], [ 8.143762206548919, 58.102368426450504 ], [ 8.136561671472135, 58.105082208606355 ], [ 8.112229585053685, 58.108507755604691 ], [ 8.112742109283019, 58.111161348060591 ], [ 8.11204888600243, 58.113332469232404 ], [ 8.108326450851727, 58.114635141437475 ], [ 8.10143592191173, 58.115262354585909 ], [ 8.095024016017632, 58.112367526361567 ], [ 8.090837835511593, 58.109617439409902 ], [ 8.086008501552293, 58.109665686818659 ], [ 8.056023255229556, 58.115896289625006 ], [ 8.022562098456552, 58.124288734487827 ], [ 7.99999828180911, 58.129940673089209 ] ] } },
{ "type": "Feature", "properties": { "gml_id": "id004c7c03-1f0d-4ab1-9c3b-9707b7cabc35", "lokalid": "382918be-60f8-4fe4-a5f6-041199596c5d", "navnerom": "https://data.geonorge.no/sosi/samferdsel/hovedled_og_biled", "versjonId": 20210101, "datauttaksdato": "2026-01-01T23:00:58", "farlednavn": "Vestergapet - Lindesnes", "farlednummer": 2095, "farledtype": "Biled" }, "geometry": { "type": "LineString", "coordinates": [ [ 7.568322288180138, 57.994054609483513 ], [ 7.568299912988635, 57.996606100737388 ], [ 7.566611017358664, 58.002191494912161 ], [ 7.566986150536183, 58.002897445909568 ], [ 7.569222279458578, 58.00336148751218 ], [ 7.571484265044432, 58.002865830200911 ], [ 7.58008457483869, 58.000874084988823 ], [ 7.586553994108368, 57.999482389528147 ], [ 7.590636282587763, 57.999479607795521 ], [ 7.600261480110672, 57.999777187994319 ], [ 7.603894127916091, 58.000480851792069 ], [ 7.606342830556032, 58.001688416542898 ], [ 7.61246516191823, 58.002660077395227 ], [ 7.62136043728392, 58.00348529144339 ], [ 7.668523472916783, 58.010140691577533 ], [ 7.698020587690102, 58.017146273904949 ], [ 7.729101164390983, 58.029057386264732 ], [ 7.785942872597905, 58.034828487152048 ], [ 7.83228169220884, 58.035679618210317 ], [ 7.909957060893064, 58.035423352296682 ], [ 7.941710000419335, 58.044412105825799 ], [ 7.941718676669184, 58.044414560130924 ] ] } },
{ "type": "Feature", "properties": { "gml_id": "id38b4d3d4-bbb9-4b13-b294-bdc699263015", "lokalid": "2dd2a8f5-ceb1-41a9-97e5-42174b57c6d9", "navnerom": "https://data.geonorge.no/sosi/samferdsel/hovedled_og_biled", "versjonId": 20210101, "datauttaksdato": "2026-01-01T23:00:58", "farlednavn": "Vestergapet - Lindesnes", "farlednummer": 2095, "farledtype": "Biled" }, "geometry": { "type": "LineString", "coordinates": [ [ 7.568322288180138, 57.994054609483513 ], [ 7.566576256491445, 57.988774023143222 ], [ 7.566348359169943, 57.985151811387517 ], [ 7.562306825192819, 57.981368506354464 ], [ 7.557517835987633, 57.980960684246249 ], [ 7.55586916622936, 57.980594779360452 ], [ 7.548061618726471, 57.979750149560694 ], [ 7.533787351876019, 57.972796280011586 ], [ 7.517587289403343, 57.971621277131149 ], [ 7.511300528654467, 57.97222169458869 ], [ 7.49596235328282, 57.973685163130149 ], [ 7.477059138513297, 57.983430199582102 ], [ 7.45065717095196, 57.997027013275499 ], [ 7.446026429640925, 58.000492788041484 ], [ 7.43534216566973, 58.001067242757301 ], [ 7.409169013623812, 58.003891596598102 ], [ 7.387608909668, 58.010197869746271 ], [ 7.37704336515373, 58.01378201125987 ], [ 7.374024128439539, 58.016873594891997 ], [ 7.368557082534975, 58.018746403541243 ], [ 7.354854297829274, 58.024675778923786 ], [ 7.35251871374827, 58.025395791609974 ], [ 7.347387076657587, 58.025994298387872 ], [ 7.346648463837633, 58.025922213017466 ], [ 7.343121479859626, 58.025930897910399 ], [ 7.339433299871959, 58.025626959762334 ], [ 7.335361777491904, 58.025218960841819 ], [ 7.324735648090544, 58.024628732051816 ], [ 7.297760958770684, 58.022236173463106 ], [ 7.273867894346851, 58.019854185398231 ], [ 7.191014196541724, 58.015495369159325 ], [ 7.17395674478991, 58.008583108268319 ], [ 7.070001391311872, 57.96635178562552 ] ] } },
{ "type": "Feature", "properties": { "gml_id": "idad8574c0-6f0b-4360-ada2-d5d4ea30aa76", "lokalid": "4d28d7cb-2a26-4481-82aa-a6c8f5fd7d5b", "navnerom": "https://data.geonorge.no/sosi/samferdsel/hovedled_og_biled", "versjonId": 20210101, "datauttaksdato": "2026-01-01T23:00:58", "farlednavn": "Høllen", "farlednummer": 2096, "farledtype": "Biled" }, "geometry": { "type": "LineString", "coordinates": [ [ 7.83228169220884, 58.035679618210317 ], [ 7.831420119425852, 58.049784756758775 ], [ 7.82482774764995, 58.054034822143898 ], [ 7.810022233709577, 58.061189995102467 ], [ 7.807970655165597, 58.062133786352518 ], [ 7.805608678670136, 58.074485066113652 ] ] } },
{ "type": "Feature", "properties": { "gml_id": "id65df697b-f954-4d0c-8362-b5806504e347", "lokalid": "deaf6f95-abae-4fa5-bad5-4ee1c0694ce6", "navnerom": "https://data.geonorge.no/sosi/samferdsel/hovedled_og_biled", "versjonId": 20210101, "datauttaksdato": "2026-01-01T23:00:58", "farlednavn": "Færøsund", "farlednummer": 2097, "farledtype": "Biled" }, "geometry": { "type": "LineString", "coordinates": [ [ 7.53696379612066, 57.937427601817852 ], [ 7.536943154365005, 57.937455618500124 ], [ 7.511300528654467, 57.97222169458869 ], [ 7.49995936730835, 57.987573389256561 ], [ 7.495309612348454, 57.991293507879512 ], [ 7.496130610761647, 57.997262325704533 ], [ 7.494910931607155, 58.001761897513433 ] ] } },
{ "type": "Feature", "properties": { "gml_id": "id24975298-5857-4317-a9b8-d639a8e87835", "lokalid": "3398787a-e4b1-40ed-b939-2f78b5d97c3c", "navnerom": "https://data.geonorge.no/sosi/samferdsel/hovedled_og_biled", "versjonId": 20210101, "datauttaksdato": "2026-01-01T23:00:58", "farlednavn": "Våre - Øst Av Langeboene", "farlednummer": 2099, "farledtype": "Biled" }, "geometry": { "type": "LineString", "coordinates": [ [ 7.070001391311872, 57.96635178562552 ], [ 7.150117997679448, 57.97785736240882 ], [ 7.17395674478991, 58.008583108268319 ] ] } },
{ "type": "Feature", "properties": { "gml_id": "id5575e17f-9017-491c-a44e-164a7911598e", "lokalid": "96bc7af9-c4ff-4545-b9e8-379eacad162e", "navnerom": "https://data.geonorge.no/sosi/samferdsel/hovedled_og_biled", "versjonId": 20210101, "datauttaksdato": "2026-01-01T23:00:58", "farlednavn": "Rosfjorden", "farlednummer": 2101, "farledtype": "Biled" }, "geometry": { "type": "LineString", "coordinates": [ [ 6.896465156803353, 57.981994778090225 ], [ 6.896505436384464, 57.982031399167433 ], [ 6.957774633753426, 58.037639450697952 ], [ 7.01177908175251, 58.086493465928804 ], [ 7.051409661002718, 58.118793450410557 ] ] } },
{ "type": "Feature", "properties": { "gml_id": "id951bd6bf-ddab-4806-8a11-50869f5302a0", "lokalid": "3c285be4-e4db-401e-b9fc-d8c4991693c9", "navnerom": "https://data.geonorge.no/sosi/samferdsel/hovedled_og_biled", "versjonId": 20210101, "datauttaksdato": "2026-01-01T23:00:58", "farlednavn": "Fedafjorden", "farlednummer": 2103, "farledtype": "Biled" }, "geometry": { "type": "LineString", "coordinates": [ [ 6.695287561717412, 58.206807308061755 ], [ 6.752537427872308, 58.229085082261065 ], [ 6.769842983017406, 58.236126790422738 ], [ 6.883331906834145, 58.27257680672578 ] ] } },
{ "type": "Feature", "properties": { "gml_id": "idd7ad91f1-8196-4ac5-89cd-70e60fb853aa", "lokalid": "76f44e2e-9f26-4869-8d69-caae68019c85", "navnerom": "https://data.geonorge.no/sosi/samferdsel/hovedled_og_biled", "versjonId": 20210101, "datauttaksdato": "2026-01-01T23:00:58", "farlednavn": "Strandfjorden", "farlednummer": 2104, "farledtype": "Biled" }, "geometry": { "type": "LineString", "coordinates": [ [ 6.617606885553335, 58.181740681909083 ], [ 6.637912451025593, 58.197193482880415 ], [ 6.64655058848719, 58.231567706743029 ] ] } },
{ "type": "Feature", "properties": { "gml_id": "idaab718e4-7fad-4447-a9a7-3abff5e09190", "lokalid": "208cec1e-f46c-4fec-969b-dac72883731b", "navnerom": "https://data.geonorge.no/sosi/samferdsel/hovedled_og_biled", "versjonId": 20210101, "datauttaksdato": "2026-01-01T23:00:58", "farlednavn": "Hidrasundet", "farlednummer": 2105, "farledtype": "Biled" }, "geometry": { "type": "LineString", "coordinates": [ [ 6.491734728046971, 58.2484628608835 ], [ 6.34364683335319, 58.272160801249093 ], [ 6.103128852969487, 58.283948825293152 ] ] } },
{ "type": "Feature", "properties": { "gml_id": "idbd429df2-966c-4cc6-ac63-f32dcf34d0d4", "lokalid": "436727e8-0c3f-47e0-ac4b-a23a2b490c39", "navnerom": "https://data.geonorge.no/sosi/samferdsel/hovedled_og_biled", "versjonId": 20210101, "datauttaksdato": "2026-01-01T23:00:58", "farlednavn": "Sydøst av Homborsund", "farlednummer": 2089, "farledtype": "Biled" }, "geometry": { "type": "LineString", "coordinates": [ [ 8.425058758746415, 58.219709306461127 ], [ 8.553342717162641, 58.24330457007774 ], [ 8.553359410336, 58.2433045384631 ], [ 8.559717693967366, 58.28829064257841 ] ] } },
{ "type": "Feature", "properties": { "gml_id": "id3277f29f-5fed-4155-bc23-550e00810c50", "lokalid": "4e3aa2e3-00ae-4341-86ae-e47f5196a8dc", "navnerom": "https://data.geonorge.no/sosi/samferdsel/hovedled_og_biled", "versjonId": 20210101, "datauttaksdato": "2026-01-01T23:00:58", "farlednavn": "Tofteholmen - Mossesundet - Moss", "farlednummer": 1004, "farledtype": "Hovedled" }, "geometry": { "type": "LineString", "coordinates": [ [ 10.64804915087246, 59.520257310835241 ], [ 10.591189413194526, 59.515434778419589 ], [ 10.576773328296117, 59.514207947019614 ] ] } },
{ "type": "Feature", "properties": { "gml_id": "id16e2d4b9-8f67-4e08-ac0d-32246a0b73f4", "lokalid": "6362d8e5-af8e-44c5-9a40-b86c8560e4d7", "navnerom": "https://data.geonorge.no/sosi/samferdsel/hovedled_og_biled", "versjonId": 20210101, "datauttaksdato": "2026-01-01T23:00:58", "farlednavn": "Lyngør - Arendal", "farlednummer": 1030, "farledtype": "Hovedled" }, "geometry": { "type": "LineString", "coordinates": [ [ 8.776464848348313, 58.456887852755344 ], [ 8.778612482093859, 58.46041365059763 ], [ 8.818404292057959, 58.469409294604048 ], [ 8.82784599343382, 58.472637747454591 ], [ 8.84825225055217, 58.482993161350151 ], [ 8.884252545136473, 58.497064341813363 ], [ 8.924821403312631, 58.510099981370459 ], [ 8.944892495114523, 58.515474162093845 ], [ 8.955803233120811, 58.517255506957603 ], [ 8.960615040367397, 58.518923723156028 ], [ 8.964153288453403, 58.520150192658477 ], [ 8.987032441285322, 58.525549895233965 ], [ 8.99425678443577, 58.527239802524512 ], [ 9.01525765114733, 58.534434900450165 ], [ 9.226712435524695, 58.606531312604915 ] ] } },
{ "type": "Feature", "properties": { "gml_id": "id44f74bda-0193-4a23-a07d-408e21ba8326", "lokalid": "e6c3b7f6-bafa-428a-9be5-2b0fec34e2f3", "navnerom": "https://data.geonorge.no/sosi/samferdsel/hovedled_og_biled", "versjonId": 20210101, "datauttaksdato": "2026-01-01T23:00:58", "farlednavn": "Galtesundet", "farlednummer": 1031, "farledtype": "Hovedled" }, "geometry": { "type": "LineString", "coordinates": [ [ 8.844536485035658, 58.377428849527774 ], [ 8.800745333674906, 58.412029527409082 ], [ 8.791297471384725, 58.418545935898614 ], [ 8.787520791769914, 58.425307412000706 ], [ 8.785023309652576, 58.432251631142123 ], [ 8.785206052590787, 58.436393796988725 ], [ 8.782038512969661, 58.442972531084528 ], [ 8.778566404567231, 58.447480181392706 ], [ 8.776464848348313, 58.456887852755344 ] ] } },
{ "type": "Feature", "properties": { "gml_id": "id4b3218ec-7255-4b06-9cf7-1b5fbae656f1", "lokalid": "91959875-35e3-449c-b0f2-b522d327912c", "navnerom": "https://data.geonorge.no/sosi/samferdsel/hovedled_og_biled", "versjonId": 20210101, "datauttaksdato": "2026-01-01T23:00:58", "farlednavn": "Kjølebrønn", "farlednummer": 2063, "farledtype": "Biled" }, "geometry": { "type": "LineString", "coordinates": [ [ 9.331817555102759, 58.845709936554819 ], [ 9.295543583872337, 58.841739692962229 ] ] } },
{ "type": "Feature", "properties": { "gml_id": "id2cd461d2-67e5-4b50-9d48-12af9b33590e", "lokalid": "a2077d77-7f5b-4fa5-a5d1-0123646c4cc3", "navnerom": "https://data.geonorge.no/sosi/samferdsel/hovedled_og_biled", "versjonId": 20210101, "datauttaksdato": "2026-01-01T23:00:58", "farlednavn": "Mannefjorden", "farlednummer": 1034, "farledtype": "Hovedled" }, "geometry": { "type": "LineString", "coordinates": [ [ 7.492176251819139, 57.932182377089056 ], [ 7.474868193891006, 57.962350703189728 ], [ 7.472561399146884, 57.973120626612392 ], [ 7.474838868191409, 57.978504467302862 ], [ 7.477059138513297, 57.983430199582102 ], [ 7.478021242878937, 57.985564259439442 ], [ 7.480330676080367, 57.996770669942428 ], [ 7.491627655552535, 58.000304283965782 ], [ 7.493263929065198, 58.001069329883286 ], [ 7.494910931607155, 58.001761897513433 ], [ 7.493928253834162, 58.006452376247353 ], [ 7.492029475695887, 58.010347464439214 ], [ 7.49171188835601, 58.011855379275801 ], [ 7.485470963098167, 58.015874399280932 ], [ 7.481545066713217, 58.018662802971541 ] ] } },
{ "type": "Feature", "properties": { "gml_id": "ide7ae347b-6c54-4fd4-88c3-5a99f3c7a364", "lokalid": "4a100a7a-14e7-4f86-b7ce-d1246d598239", "navnerom": "https://data.geonorge.no/sosi/samferdsel/hovedled_og_biled", "versjonId": 20210101, "datauttaksdato": "2026-01-01T23:00:58", "farlednavn": "Oksøy - Kvitsøy", "farlednummer": 1036, "farledtype": "Hovedled" }, "geometry": { "type": "LineString", "coordinates": [ [ 6.839698541299469, 57.994174070847016 ], [ 6.896505436384464, 57.982031399167433 ], [ 7.046112417627102, 57.949887919036918 ], [ 7.2028595742083, 57.937779661316192 ], [ 7.492176251819139, 57.932182377089056 ] ] } },
{ "type": "Feature", "properties": { "gml_id": "id2b103dc7-dbe0-4637-b071-b802304bb78d", "lokalid": "7569f540-941a-4647-8fea-0b986cf08971", "navnerom": "https://data.geonorge.no/sosi/samferdsel/hovedled_og_biled", "versjonId": 20210101, "datauttaksdato": "2026-01-01T23:00:58", "farlednavn": "Oksøy - Kvitsøy", "farlednummer": 1036, "farledtype": "Hovedled" }, "geometry": { "type": "LineString", "coordinates": [ [ 6.523081992915828, 58.086282320554943 ], [ 6.650901346749027, 58.034882394638153 ], [ 6.699476709187927, 58.02444499140212 ], [ 6.839698541299469, 57.994174070847016 ] ] } },
{ "type": "Feature", "properties": { "gml_id": "id49d4d1ad-4f4a-4be5-aa2f-0a9051b01ac9", "lokalid": "6d193ba5-e02f-408f-a33c-35f528aeb449", "navnerom": "https://data.geonorge.no/sosi/samferdsel/hovedled_og_biled", "versjonId": 20210101, "datauttaksdato": "2026-01-01T23:00:58", "farlednavn": "Flekkefjorden", "farlednummer": 1040, "farledtype": "Hovedled" }, "geometry": { "type": "LineString", "coordinates": [ [ 6.685615271038946, 58.234585094400416 ], [ 6.679801484927173, 58.251073983890123 ], [ 6.661715219526601, 58.260932315248169 ], [ 6.654473553107917, 58.263468399059946 ] ] } },
{ "type": "Feature", "properties": { "gml_id": "id0df0d319-5f44-4cc8-abe1-9de81f44d3b2", "lokalid": "fe83bba9-7473-476f-9a92-b357d6b1556b", "navnerom": "https://data.geonorge.no/sosi/samferdsel/hovedled_og_biled", "versjonId": 20210101, "datauttaksdato": "2026-01-01T23:00:58", "farlednavn": "Flekkefjorden", "farlednummer": 1040, "farledtype": "Hovedled" }, "geometry": { "type": "LineString", "coordinates": [ [ 6.478439810520266, 58.1067580062875 ], [ 6.617606885553335, 58.181740681909083 ], [ 6.695287561717412, 58.206807308061755 ], [ 6.685615271038946, 58.234585094400416 ], [ 6.663629068034152, 58.249232345617692 ], [ 6.658131868279415, 58.257121179258561 ], [ 6.654473553107917, 58.263468399059946 ], [ 6.659589369857672, 58.283879088077249 ] ] } },
{ "type": "Feature", "properties": { "gml_id": "id38165b90-04a3-4113-9374-ccada6eb0338", "lokalid": "88adee83-8426-4100-a9b1-2663ffd6703e", "navnerom": "https://data.geonorge.no/sosi/samferdsel/hovedled_og_biled", "versjonId": 20210101, "datauttaksdato": "2026-01-01T23:00:58", "farlednavn": "Langesundet", "farlednummer": 2043, "farledtype": "Biled" }, "geometry": { "type": "LineString", "coordinates": [ [ 9.772338092324224, 58.953253177274 ], [ 9.764521563450451, 58.968993311489754 ], [ 9.761164699847185, 58.976681011613316 ], [ 9.756328714759791, 58.987749523236921 ], [ 9.754859027882464, 58.992004382307293 ], [ 9.752361934480316, 59.003612679480014 ], [ 9.75183793140895, 59.004610919221868 ], [ 9.749167102424975, 59.007689176080689 ], [ 9.749317580252162, 59.010979325685746 ], [ 9.74993415175253, 59.013700060843931 ], [ 9.749841114322924, 59.021826703224825 ] ] } },
{ "type": "Feature", "properties": { "gml_id": "idd3b59be7-a2b3-4461-ad38-fd68a98d8cee", "lokalid": "f314c044-b622-49b3-bcff-d439ed2ea324", "navnerom": "https://data.geonorge.no/sosi/samferdsel/hovedled_og_biled", "versjonId": 20210101, "datauttaksdato": "2026-01-01T23:00:58", "farlednavn": "Linnarenna", "farlednummer": 2044, "farledtype": "Biled" }, "geometry": { "type": "LineString", "coordinates": [ [ 9.786422957377301, 58.997647742872857 ], [ 9.78118680605907, 59.010337707508448 ], [ 9.781747870067944, 59.027498833381685 ], [ 9.775141447233359, 59.031488440650428 ] ] } },
{ "type": "Feature", "properties": { "gml_id": "idc5a21147-e0a0-486e-b0a8-ec88db53e55f", "lokalid": "4425f842-ae6d-4a79-96b5-ab0e8fcfff7f", "navnerom": "https://data.geonorge.no/sosi/samferdsel/hovedled_og_biled", "versjonId": 20210101, "datauttaksdato": "2026-01-01T23:00:58", "farlednavn": "Vollsfjorden", "farlednummer": 2046, "farledtype": "Biled" }, "geometry": { "type": "LineString", "coordinates": [ [ 9.628811938006523, 59.092084945298446 ], [ 9.587048455384076, 59.110678161253126 ] ] } },
{ "type": "Feature", "properties": { "gml_id": "idcfea4916-7010-4587-8c9e-a79f3181f074", "lokalid": "adce6232-e4c3-41fc-b555-16649ec4084b", "navnerom": "https://data.geonorge.no/sosi/samferdsel/hovedled_og_biled", "versjonId": 20210101, "datauttaksdato": "2026-01-01T23:00:58", "farlednavn": "Jomfrulandsgapet", "farlednummer": 2051, "farledtype": "Biled" }, "geometry": { "type": "LineString", "coordinates": [ [ 9.669108073407244, 58.868324391381798 ], [ 9.624020149393465, 58.888601669445826 ], [ 9.615448485047835, 58.903935881932277 ], [ 9.60980643408849, 58.914021031547385 ], [ 9.602292448423462, 58.91528771459901 ], [ 9.566886940758549, 58.915051585653828 ] ] } },
{ "type": "Feature", "properties": { "gml_id": "id3f6dc2b8-bbdd-4b97-a02e-469ee5413191", "lokalid": "ab336c78-f09f-4ede-bde2-c34eda2c40e6", "navnerom": "https://data.geonorge.no/sosi/samferdsel/hovedled_og_biled", "versjonId": 20210101, "datauttaksdato": "2026-01-01T23:00:58", "farlednavn": "Sandebukta", "farlednummer": 2024, "farledtype": "Biled" }, "geometry": { "type": "LineString", "coordinates": [ [ 10.391972936595845, 59.47676458205575 ], [ 10.335804760985525, 59.496244885554447 ], [ 10.284856228833501, 59.541915432380698 ], [ 10.262225704220519, 59.556793171349383 ], [ 10.26223110115229, 59.556801752090898 ] ] } },
{ "type": "Feature", "properties": { "gml_id": "idae7b0b36-62bd-4426-a906-22747e3fbf5c", "lokalid": "83e1cb0c-0440-4ba9-b797-a00d6ebd7ff2", "navnerom": "https://data.geonorge.no/sosi/samferdsel/hovedled_og_biled", "versjonId": 20210101, "datauttaksdato": "2026-01-01T23:00:58", "farlednavn": "Langøytangen - Jomfrulandsrenna - Kragerø", "farlednummer": 2052, "farledtype": "Biled" }, "geometry": { "type": "LineString", "coordinates": [ [ 9.425028727548803, 58.860739265566011 ], [ 9.43213523057071, 58.860867831934819 ], [ 9.432616967705863, 58.860949353098704 ], [ 9.439971342493958, 58.862530852213986 ], [ 9.451621763366889, 58.863603594460301 ], [ 9.455943481136135, 58.86368234202272 ], [ 9.480322456118468, 58.868020883478323 ], [ 9.496702603887742, 58.87113514921603 ], [ 9.503026280814419, 58.871991445203371 ], [ 9.503473327125858, 58.872460820352195 ], [ 9.504019545824615, 58.873701384484932 ], [ 9.504793534726524, 58.875459110523373 ], [ 9.505411381109118, 58.877406749622708 ], [ 9.507727287825405, 58.879176926913225 ], [ 9.513121014956001, 58.880258885464471 ], [ 9.519920142948648, 58.880109827711493 ], [ 9.526050306526383, 58.873608356985933 ], [ 9.528635017861696, 58.873070911659646 ], [ 9.531026319155259, 58.87276791531626 ], [ 9.53253736875306, 58.872103916916991 ], [ 9.539524684481851, 58.869406832164827 ], [ 9.544030667656321, 58.871197828497984 ], [ 9.54408115234799, 58.871217893045767 ], [ 9.544100451992998, 58.871220458925926 ], [ 9.544315228600222, 58.871249021536187 ], [ 9.549436299146951, 58.871929942817786 ], [ 9.561623302896889, 58.87390109233511 ], [ 9.567302294693953, 58.874545143923235 ], [ 9.58863199796521, 58.876008895791131 ], [ 9.595642655450661, 58.882127794069177 ], [ 9.60043983897417, 58.887425455873938 ], [ 9.613462217967767, 58.902127371942058 ], [ 9.615448485047835, 58.903935881932277 ], [ 9.631814765330567, 58.918829357141952 ], [ 9.644616679585603, 58.927046624629973 ], [ 9.655573317610548, 58.932413145318051 ], [ 9.716734727655014, 58.962322906849629 ], [ 9.720155030237635, 58.964777550253139 ], [ 9.761164699847185, 58.976681011613316 ] ] } },
{ "type": "Feature", "properties": { "gml_id": "idf3815f33-ae5a-40cb-a229-526827392841", "lokalid": "84472d5e-0404-4cc0-ab75-92246b3e22fd", "navnerom": "https://data.geonorge.no/sosi/samferdsel/hovedled_og_biled", "versjonId": 20210101, "datauttaksdato": "2026-01-01T23:00:58", "farlednavn": "Gumøsund - Kragerø", "farlednummer": 2053, "farledtype": "Biled" }, "geometry": { "type": "LineString", "coordinates": [ [ 9.49680223775319, 58.871154084191936 ], [ 9.487136234106256, 58.874819821459909 ], [ 9.481351195146976, 58.876371572838472 ], [ 9.480215381450748, 58.877443549212003 ], [ 9.47902269608033, 58.879033957534858 ], [ 9.466614021855953, 58.883262831430685 ], [ 9.460806429070175, 58.883901555464924 ], [ 9.455266731418961, 58.884510548065791 ], [ 9.443069816710652, 58.883104344914891 ], [ 9.439330542989389, 58.881261466122467 ], [ 9.427328871995549, 58.874412204066012 ], [ 9.421631402152824, 58.872072823238653 ] ] } },
{ "type": "Feature", "properties": { "gml_id": "id12c00646-8880-4b6e-aaea-6d9fe018fca1", "lokalid": "ed4af3f6-53e5-40ca-8cb1-b6d11deee2d2", "navnerom": "https://data.geonorge.no/sosi/samferdsel/hovedled_og_biled", "versjonId": 20210101, "datauttaksdato": "2026-01-01T23:00:58", "farlednavn": "Kjøbmannsfjorden", "farlednummer": 2054, "farledtype": "Biled" }, "geometry": { "type": "LineString", "coordinates": [ [ 9.485783320356363, 58.90185681910463 ], [ 9.47903754752965, 58.899715303626671 ], [ 9.478116958773617, 58.892854396810392 ], [ 9.47801393037399, 58.892086425018732 ], [ 9.47902269608033, 58.879033957534858 ] ] } },
{ "type": "Feature", "properties": { "gml_id": "id5dc10b9a-0bac-4737-943d-90f475c48ac9", "lokalid": "be6af2e3-a582-498f-b774-7e4033a8103c", "navnerom": "https://data.geonorge.no/sosi/samferdsel/hovedled_og_biled", "versjonId": 20210101, "datauttaksdato": "2026-01-01T23:00:58", "farlednavn": "Kragerø - Hellefjorden", "farlednummer": 2055, "farledtype": "Biled" }, "geometry": { "type": "LineString", "coordinates": [ [ 9.373137575024705, 58.894856648738568 ], [ 9.401360084135462, 58.903252360119012 ], [ 9.408464148162805, 58.90473775563607 ], [ 9.414018235327864, 58.905060667954032 ], [ 9.419539133610343, 58.903802325253821 ], [ 9.421183670082604, 58.902595064124839 ], [ 9.421747032310041, 58.902348562743562 ], [ 9.430253443271132, 58.898401444864945 ], [ 9.433134624180324, 58.896600373483381 ], [ 9.427661573496311, 58.880883282600927 ], [ 9.421631402152824, 58.872072823238653 ], [ 9.417562946140244, 58.870301019563229 ] ] } },
{ "type": "Feature", "properties": { "gml_id": "id60f6fb16-5028-4cf2-b651-a4861e160a80", "lokalid": "b3b063a3-cd29-4bbd-8e23-712a0beb32e7", "navnerom": "https://data.geonorge.no/sosi/samferdsel/hovedled_og_biled", "versjonId": 20210101, "datauttaksdato": "2026-01-01T23:00:58", "farlednavn": "Buttebåen - Åtangen", "farlednummer": 2060, "farledtype": "Biled" }, "geometry": { "type": "LineString", "coordinates": [ [ 9.350509873520078, 58.863251076602076 ], [ 9.364466499809321, 58.853137354664952 ], [ 9.381063240373299, 58.850781687921895 ], [ 9.410618949123814, 58.855232613481178 ], [ 9.424146865469712, 58.858577408833789 ] ] } },
{ "type": "Feature", "properties": { "gml_id": "idb3ed5147-2f5e-4cdd-b95e-31bd3700e24f", "lokalid": "5409e7fa-a8d0-432e-8711-9d44a7670326", "navnerom": "https://data.geonorge.no/sosi/samferdsel/hovedled_og_biled", "versjonId": 20210101, "datauttaksdato": "2026-01-01T23:00:58", "farlednavn": "Tåtøy - Snekkevik", "farlednummer": 2061, "farledtype": "Biled" }, "geometry": { "type": "LineString", "coordinates": [ [ 9.364466499809321, 58.853137354664952 ], [ 9.363360219803287, 58.853281339551053 ], [ 9.339707060713728, 58.85881956201699 ], [ 9.314717559751289, 58.859601657938029 ], [ 9.300816790388835, 58.859215366295338 ] ] } },
{ "type": "Feature", "properties": { "gml_id": "idbb5f7e7f-a2b9-44df-80f0-250c185c6874", "lokalid": "c03512fd-e8cd-4c25-a38e-107ff5128857", "navnerom": "https://data.geonorge.no/sosi/samferdsel/hovedled_og_biled", "versjonId": 20210101, "datauttaksdato": "2026-01-01T23:00:58", "farlednavn": "Rødkjærgapet", "farlednummer": 2064, "farledtype": "Biled" }, "geometry": { "type": "LineString", "coordinates": [ [ 9.478445327772135, 58.818454817827828 ], [ 9.482571514535001, 58.817460091814866 ], [ 9.488697940499211, 58.815376702953579 ], [ 9.489789719011386, 58.815498929351477 ], [ 9.539596024809532, 58.80993463975247 ], [ 9.567771321984315, 58.8076615970649 ] ] } },
{ "type": "Feature", "properties": { "gml_id": "ideb65c3c2-0614-438c-869d-30b90e6ba759", "lokalid": "9173a120-2259-4a23-93a1-969809a563cf", "navnerom": "https://data.geonorge.no/sosi/samferdsel/hovedled_og_biled", "versjonId": 20210101, "datauttaksdato": "2026-01-01T23:00:58", "farlednavn": "Knubbhausen - Grønnholmgapet - Risør", "farlednummer": 2065, "farledtype": "Biled" }, "geometry": { "type": "LineString", "coordinates": [ [ 9.482133180516268, 58.812884268175274 ], [ 9.460253506865669, 58.794501679325364 ], [ 9.362481383454227, 58.748732195190613 ], [ 9.325344500071052, 58.744269076090056 ], [ 9.323783664071646, 58.743795171873273 ], [ 9.3222216637995, 58.744118578510054 ], [ 9.295733332667163, 58.73978466913789 ], [ 9.25795292531647, 58.732928458673015 ], [ 9.249327473266455, 58.727519277261109 ], [ 9.247962995837153, 58.725618754967655 ] ] } },
{ "type": "Feature", "properties": { "gml_id": "id9ed47160-474f-4b85-b7be-dfcb6d392995", "lokalid": "3ae37e74-fbed-4fa0-bfe8-f338198b95d5", "navnerom": "https://data.geonorge.no/sosi/samferdsel/hovedled_og_biled", "versjonId": 20210101, "datauttaksdato": "2026-01-01T23:00:58", "farlednavn": "Helgeroafjorden/Kalven", "farlednummer": 1022, "farledtype": "Hovedled" }, "geometry": { "type": "LineString", "coordinates": [ [ 9.782661017141956, 58.985790354093751 ], [ 9.833573008972488, 58.993548845252064 ], [ 9.831017329073125, 59.001632173895615 ], [ 9.78633680440119, 59.027012683691851 ], [ 9.775141447233359, 59.031488440650428 ], [ 9.750192405519376, 59.041462740509495 ], [ 9.727964670499414, 59.042790475424994 ], [ 9.709945256850771, 59.047004374763183 ] ] } },
{ "type": "Feature", "properties": { "gml_id": "id79176690-b4eb-46be-9068-daa6364b6e0b", "lokalid": "aa4db775-20a5-4c4d-85fc-ea9c76e5a20f", "navnerom": "https://data.geonorge.no/sosi/samferdsel/hovedled_og_biled", "versjonId": 20210101, "datauttaksdato": "2026-01-01T23:00:58", "farlednavn": "Drillen", "farlednummer": 2029, "farledtype": "Biled" }, "geometry": { "type": "LineString", "coordinates": [ [ 10.45889443568478, 59.133329324446279 ], [ 10.481046350686565, 59.120094883162011 ], [ 10.49903432693943, 59.114088911053727 ], [ 10.515743125708713, 59.112680993667837 ], [ 10.532886470987474, 59.112018128550375 ] ] } },
{ "type": "Feature", "properties": { "gml_id": "idc3e8290a-a5ac-4ef1-8649-99d4ae0e01df", "lokalid": "a69d4f0b-8d89-4c82-9132-b111287d8921", "navnerom": "https://data.geonorge.no/sosi/samferdsel/hovedled_og_biled", "versjonId": 20210101, "datauttaksdato": "2026-01-01T23:00:58", "farlednavn": "Leisteinsløpet", "farlednummer": 2034, "farledtype": "Biled" }, "geometry": { "type": "LineString", "coordinates": [ [ 10.545233224666916, 59.102288137760731 ], [ 10.532886470987474, 59.112018128550375 ], [ 10.500489249736239, 59.137516547744937 ], [ 10.477633491101177, 59.143536893899118 ], [ 10.470950673581635, 59.145296014829931 ], [ 10.460056080618378, 59.151079999570314 ] ] } },
{ "type": "Feature", "properties": { "gml_id": "id63a68379-98dc-4fa2-910b-e0d1766a24df", "lokalid": "b9e65022-e3e0-4396-80f7-756317aa4a09", "navnerom": "https://data.geonorge.no/sosi/samferdsel/hovedled_og_biled", "versjonId": 20210101, "datauttaksdato": "2026-01-01T23:00:58", "farlednavn": "Rakkebøyen - Langesundsbukta (N av Gunnegrunnen)", "farlednummer": 2040, "farledtype": "Biled" }, "geometry": { "type": "LineString", "coordinates": [ [ 10.077302263047228, 58.943168825630231 ], [ 9.947897074318947, 58.951999250645358 ], [ 9.880024597545015, 58.941965928040879 ], [ 9.782661017141956, 58.985790354093751 ] ] } },
{ "type": "Feature", "properties": { "gml_id": "id18317fdf-002d-4a87-bd0c-d79b729c56b9", "lokalid": "a9adcd3c-30a8-4cf6-9df0-63aec4b36641", "navnerom": "https://data.geonorge.no/sosi/samferdsel/hovedled_og_biled", "versjonId": 20210101, "datauttaksdato": "2026-01-01T23:00:58", "farlednavn": "Porsgrunn - Skien", "farlednummer": 2058, "farledtype": "Biled" }, "geometry": { "type": "LineString", "coordinates": [ [ 9.62965705478706, 59.134629546629839 ], [ 9.63694759434471, 59.138245065532558 ], [ 9.642010141818339, 59.140071413322275 ], [ 9.646742416244894, 59.141077290052039 ], [ 9.647699601633155, 59.141186106700424 ], [ 9.650151584884592, 59.141213333215404 ], [ 9.65189542401937, 59.141685637096785 ], [ 9.653463906656807, 59.142999666892493 ], [ 9.654448046652719, 59.144243264036589 ], [ 9.65440083264404, 59.145332144878822 ], [ 9.654264554892995, 59.146526548341853 ], [ 9.653503526383348, 59.147823782362728 ], [ 9.653000683377934, 59.149012663692105 ], [ 9.652078456775557, 59.150084923231873 ], [ 9.65177570356056, 59.150804360447829 ], [ 9.651164616236912, 59.15177662311671 ], [ 9.650077865830557, 59.153966044405472 ], [ 9.648719309061299, 59.156338332215817 ], [ 9.647171236838027, 59.157928894294294 ], [ 9.64395845029096, 59.159530691252307 ], [ 9.641158405175497, 59.161149488204494 ], [ 9.640099406344094, 59.162600092598133 ], [ 9.640576876107591, 59.164194309580871 ], [ 9.641329207384697, 59.165693148352815 ], [ 9.641337854078946, 59.167294657135088 ], [ 9.639884863909781, 59.169929835126659 ], [ 9.638040970189603, 59.172735632353998 ], [ 9.636290866929357, 59.174611283007252 ], [ 9.633503344352912, 59.176470649102825 ], [ 9.630874650834352, 59.178309856773531 ], [ 9.625967645585694, 59.183390342158518 ], [ 9.623971008090823, 59.186162969094347 ], [ 9.622981922268284, 59.188150096943623 ], [ 9.622707322674525, 59.189232840976139 ], [ 9.622036464496084, 59.191179793501242 ], [ 9.62051209732893, 59.192931212427013 ], [ 9.619217863638573, 59.194211816311274 ], [ 9.618556236061355, 59.195438610510202 ], [ 9.618190606753405, 59.196437512907941 ], [ 9.617230137178806, 59.198238997101107 ], [ 9.616679495126363, 59.198915215441303 ] ] } },
{ "type": "Feature", "properties": { "gml_id": "id0fb6578e-ba6d-4fe0-aa67-de8014e20f11", "lokalid": "baedd2e4-b22d-47c7-921c-8e74eeba0dd8", "navnerom": "https://data.geonorge.no/sosi/samferdsel/hovedled_og_biled", "versjonId": 20210101, "datauttaksdato": "2026-01-01T23:00:58", "farlednavn": "Langesundsbukta - Jomfrulandsrevet", "farlednummer": 1024, "farledtype": "Hovedled" }, "geometry": { "type": "LineString", "coordinates": [ [ 9.51147027897786, 58.774692010564976 ], [ 9.567771321984315, 58.8076615970649 ], [ 9.632970146745073, 58.845734991987392 ], [ 9.669108073407244, 58.868324391381798 ], [ 9.686486950052114, 58.879187726982188 ], [ 9.742011824522004, 58.923076616291205 ], [ 9.772338092324224, 58.953253177274 ] ] } },
{ "type": "Feature", "properties": { "gml_id": "id5dbf4408-a3d0-4380-b158-23fe1e7bb29b", "lokalid": "e40d32b7-1a06-4765-85b7-8d8489cbc2b9", "navnerom": "https://data.geonorge.no/sosi/samferdsel/hovedled_og_biled", "versjonId": 20210101, "datauttaksdato": "2026-01-01T23:00:58", "farlednavn": "Jomfrulandsrevet - Kragerø", "farlednummer": 1025, "farledtype": "Hovedled" }, "geometry": { "type": "LineString", "coordinates": [ [ 9.51147027897786, 58.774692010564976 ], [ 9.497668728297663, 58.794138618100064 ], [ 9.49261473871122, 58.801253690320017 ], [ 9.489752017146536, 58.805282422575964 ], [ 9.482133180516268, 58.812884268175274 ], [ 9.480598794510714, 58.814414758230605 ], [ 9.478445327772135, 58.818454817827828 ], [ 9.478152648854094, 58.819003825959172 ], [ 9.47090092839538, 58.836974489882081 ], [ 9.458827906421545, 58.843323636920985 ], [ 9.430591220996824, 58.856134077945242 ], [ 9.426740967434851, 58.857657186581669 ], [ 9.424146865469712, 58.858577408833789 ], [ 9.4243176409128, 58.862019194541588 ], [ 9.424361420146097, 58.862901446797295 ], [ 9.424700818270049, 58.86487821541364 ], [ 9.424618153166788, 58.865877040074643 ], [ 9.424334149627299, 58.866989063837821 ], [ 9.423678058626411, 58.867651510862053 ], [ 9.422560876182974, 58.868415906707078 ], [ 9.420514958222885, 58.869424541601099 ], [ 9.417562946140244, 58.870301019563229 ] ] } },
{ "type": "Feature", "properties": { "gml_id": "id12d42e9d-6007-4927-8166-98cd6245fb9d", "lokalid": "d2217645-f579-407f-b2ad-88f78aa49bec", "navnerom": "https://data.geonorge.no/sosi/samferdsel/hovedled_og_biled", "versjonId": 20210101, "datauttaksdato": "2026-01-01T23:00:58", "farlednavn": "Halden indre havn", "farlednummer": 2001, "farledtype": "Biled" }, "geometry": { "type": "LineString", "coordinates": [ [ 11.351815783057376, 59.108158696317886 ], [ 11.365300425462648, 59.106534946960394 ], [ 11.376733002707102, 59.108320321647177 ] ] } },
{ "type": "Feature", "properties": { "gml_id": "idde49ca11-892b-4ea3-9cd6-013cbec1369f", "lokalid": "a1ba236c-db30-4c6f-b964-6c1cca39a049", "navnerom": "https://data.geonorge.no/sosi/samferdsel/hovedled_og_biled", "versjonId": 20210101, "datauttaksdato": "2026-01-01T23:00:58", "farlednavn": "Bævøskjærsleia/Singlefjorden", "farlednummer": 2002, "farledtype": "Biled" }, "geometry": { "type": "LineString", "coordinates": [ [ 11.22162238926766, 59.087339027749437 ], [ 11.221619535779281, 59.087339147711006 ], [ 11.125061660819703, 59.091376617324975 ], [ 11.110208789834337, 59.110204367803789 ], [ 11.026617220817535, 59.122415468117403 ], [ 11.020078192872804, 59.123534921172158 ], [ 10.993019951086898, 59.126396059149272 ], [ 10.970778199887283, 59.134962706973035 ] ] } },
{ "type": "Feature", "properties": { "gml_id": "id6b52b894-d9d8-4036-b0a4-4bf9ed4b3a19", "lokalid": "85703a60-0cab-471a-9c98-6485ef1025ce", "navnerom": "https://data.geonorge.no/sosi/samferdsel/hovedled_og_biled", "versjonId": 20210101, "datauttaksdato": "2026-01-01T23:00:58", "farlednavn": "Stamholmleia", "farlednummer": 2003, "farledtype": "Biled" }, "geometry": { "type": "LineString", "coordinates": [ [ 10.971017117615386, 59.075868300626894 ], [ 10.988225569630796, 59.089809932058316 ], [ 11.011211415730058, 59.124472494184104 ] ] } },
{ "type": "Feature", "properties": { "gml_id": "id64cb8ffd-8c0d-4ecc-aa2b-7c1314c4725a", "lokalid": "d2b3dd9c-b494-43f0-a8f2-9c5f90882319", "navnerom": "https://data.geonorge.no/sosi/samferdsel/hovedled_og_biled", "versjonId": 20210101, "datauttaksdato": "2026-01-01T23:00:58", "farlednavn": "Kjøkøsundsleia Til Flyndregr.", "farlednummer": 2004, "farledtype": "Biled" }, "geometry": { "type": "LineString", "coordinates": [ [ 10.651582159366054, 59.112254969094153 ], [ 10.662551415249096, 59.114358943015816 ], [ 10.720062162271708, 59.125370610538802 ], [ 10.779674139492476, 59.132423519168327 ], [ 10.779692672193342, 59.13242576353688 ], [ 10.829508881560148, 59.138448821554277 ], [ 10.901467238893916, 59.135754403815525 ], [ 10.903269928232755, 59.135718533692724 ], [ 10.906306663226379, 59.134046358320518 ], [ 10.907477603788378, 59.133338865211385 ], [ 10.917521573541661, 59.131608263506152 ], [ 10.939256209137794, 59.138153306324128 ], [ 10.94125665872602, 59.142155278211817 ], [ 10.942423908309575, 59.144021891980209 ], [ 10.943589720068553, 59.14539215287963 ], [ 10.944762947275597, 59.146700596136633 ], [ 10.947213733649951, 59.148948486486688 ], [ 10.949125018256753, 59.151675767745346 ], [ 10.951643600735146, 59.154887242231446 ], [ 10.952555761692512, 59.156197713826366 ] ] } },
{ "type": "Feature", "properties": { "gml_id": "id70704c22-c9b3-48ff-b41b-b61d2e18555e", "lokalid": "dc15ac2a-9c03-4d85-b173-fdf1be99d001", "navnerom": "https://data.geonorge.no/sosi/samferdsel/hovedled_og_biled", "versjonId": 20210101, "datauttaksdato": "2026-01-01T23:00:58", "farlednavn": "Vesterelva Til Fredrikstad", "farlednummer": 2005, "farledtype": "Biled" }, "geometry": { "type": "LineString", "coordinates": [ [ 10.863153286760404, 59.165682168843965 ], [ 10.83389490692953, 59.147254327288863 ], [ 10.771849711850994, 59.144457051386098 ], [ 10.771847621656878, 59.144456956253343 ], [ 10.737658879635537, 59.143078015371856 ], [ 10.660858239452086, 59.139998948293183 ], [ 10.646717360505781, 59.139427006948196 ] ] } },
{ "type": "Feature", "properties": { "gml_id": "idc281f9ea-1c5a-49e0-8eec-83e500f74229", "lokalid": "2c525744-4b29-4cf4-b304-ec1dc96d344f", "navnerom": "https://data.geonorge.no/sosi/samferdsel/hovedled_og_biled", "versjonId": 20210101, "datauttaksdato": "2026-01-01T23:00:58", "farlednavn": "Vesterelva Til Fredrikstad", "farlednummer": 2005, "farledtype": "Biled" }, "geometry": { "type": "LineString", "coordinates": [ [ 10.863153286760404, 59.165682168843965 ], [ 10.874019965994414, 59.179476604067965 ], [ 10.881566032325031, 59.186103408310395 ], [ 10.888389367225475, 59.19097765443783 ], [ 10.896581787842408, 59.197582076315058 ], [ 10.897414481551131, 59.198749098032657 ], [ 10.898215957527805, 59.200176537406804 ], [ 10.899136744994397, 59.20215432514393 ], [ 10.89865627492015, 59.206155366201273 ], [ 10.90313198724113, 59.208245365848178 ], [ 10.908084242305057, 59.210107136288329 ] ] } },
{ "type": "Feature", "properties": { "gml_id": "id77d59ae5-a7b6-47ee-ac6e-ca7e4aca172e", "lokalid": "1bb138a4-47d4-458a-92b2-96df5fe98607", "navnerom": "https://data.geonorge.no/sosi/samferdsel/hovedled_og_biled", "versjonId": 20210101, "datauttaksdato": "2026-01-01T23:00:58", "farlednavn": "Søsterløpet/Rauer/Sletterrenna", "farlednummer": 2010, "farledtype": "Biled" }, "geometry": { "type": "LineString", "coordinates": [ [ 10.897247707154897, 59.021876565776118 ], [ 10.839459716037082, 59.040632989259485 ], [ 10.825054288824372, 59.044697160247239 ], [ 10.818965127467907, 59.072151584329966 ], [ 10.779692672193342, 59.13242576353688 ], [ 10.77285884902687, 59.142890431964553 ] ] } },
{ "type": "Feature", "properties": { "gml_id": "id9436316c-a196-4611-86c2-2b068f9bc541", "lokalid": "56c855f6-5505-44ad-82b9-0c8981a32ae9", "navnerom": "https://data.geonorge.no/sosi/samferdsel/hovedled_og_biled", "versjonId": 20210101, "datauttaksdato": "2026-01-01T23:00:58", "farlednavn": "Søsterløpet/Rauer/Sletterrenna", "farlednummer": 2010, "farledtype": "Biled" }, "geometry": { "type": "LineString", "coordinates": [ [ 10.77285884902687, 59.142890431964553 ], [ 10.771849711850994, 59.144457051386098 ], [ 10.73961496495455, 59.194416938623696 ], [ 10.728900541997234, 59.210987643011855 ], [ 10.710733901184078, 59.254709903454291 ], [ 10.694781339858194, 59.278715777869046 ], [ 10.669303265105627, 59.316979066584963 ], [ 10.658531296444638, 59.330957453110351 ], [ 10.653391343858827, 59.34201280766095 ], [ 10.636200742487322, 59.369389240293003 ], [ 10.617453370614937, 59.400251576302239 ] ] } },
{ "type": "Feature", "properties": { "gml_id": "id7167e368-414b-4c89-bcf5-116a55253ec6", "lokalid": "6a5bf0ca-d09e-41ca-8028-69beaf195c26", "navnerom": "https://data.geonorge.no/sosi/samferdsel/hovedled_og_biled", "versjonId": 20210101, "datauttaksdato": "2026-01-01T23:00:58", "farlednavn": "Hallangstangen - Håøyfjorden - Langåra", "farlednummer": 2013, "farledtype": "Biled" }, "geometry": { "type": "LineString", "coordinates": [ [ 10.556989413175373, 59.763218165492113 ], [ 10.540111002583423, 59.725837275080551 ], [ 10.556728374342395, 59.682201471909245 ], [ 10.570500606844872, 59.675157022299835 ], [ 10.591375511613673, 59.671232012396096 ], [ 10.601981129706692, 59.674298713483971 ], [ 10.601958361066545, 59.674419404594666 ], [ 10.60062597455188, 59.679086178033266 ], [ 10.598945687901653, 59.680873164959358 ], [ 10.59956469164992, 59.684294768685902 ], [ 10.602427885222331, 59.686373173713577 ], [ 10.603835564204907, 59.687394898502134 ] ] } },
{ "type": "Feature", "properties": { "gml_id": "id3e7649b0-df7e-48e1-b7a6-57d676c67c4f", "lokalid": "8e914a86-a371-41bc-a222-186b4c758726", "navnerom": "https://data.geonorge.no/sosi/samferdsel/hovedled_og_biled", "versjonId": 20210101, "datauttaksdato": "2026-01-01T23:00:58", "farlednavn": "Filtvedt - Rødtangen", "farlednummer": 2022, "farledtype": "Biled" }, "geometry": { "type": "LineString", "coordinates": [ [ 10.406856104732139, 59.527773673185912 ], [ 10.42902843014404, 59.516998701825358 ], [ 10.462986659622178, 59.511826549199576 ], [ 10.512164510053021, 59.515732076704083 ], [ 10.565811626966083, 59.535309875241232 ], [ 10.57007845258088, 59.537280844815875 ], [ 10.623554176372688, 59.561951899402587 ], [ 10.640577716962857, 59.569793713216825 ] ] } },
{ "type": "Feature", "properties": { "gml_id": "id3ea659db-8f8c-44e1-a0d2-d56f2f617636", "lokalid": "e36f6410-e72b-4f94-8d94-3ee9a4917103", "navnerom": "https://data.geonorge.no/sosi/samferdsel/hovedled_og_biled", "versjonId": 20210101, "datauttaksdato": "2026-01-01T23:00:58", "farlednavn": "Tomrefjorden", "farlednummer": 2435, "farledtype": "Biled" }, "geometry": { "type": "LineString", "coordinates": [ [ 6.796980278245421, 62.670091864928715 ], [ 6.859490327237403, 62.632839767857156 ], [ 6.906959583906824, 62.604723129417266 ], [ 6.910287442691679, 62.597853622768177 ], [ 6.928692824212248, 62.586535642324456 ] ] } },
{ "type": "Feature", "properties": { "gml_id": "id53c237a8-6468-43e0-9cfe-09fe318a91a6", "lokalid": "6efe33bf-aed5-4dae-ace8-b34617cdb60a", "navnerom": "https://data.geonorge.no/sosi/samferdsel/hovedled_og_biled", "versjonId": 20210101, "datauttaksdato": "2026-01-01T23:00:58", "farlednavn": "Torgersøygapet", "farlednummer": 2030, "farledtype": "Biled" }, "geometry": { "type": "LineString", "coordinates": [ [ 10.479701511306024, 59.238779938276998 ], [ 10.481914482159048, 59.250826596839687 ], [ 10.482200645912776, 59.251379306738073 ], [ 10.482778367772204, 59.251776544036836 ], [ 10.483997764501998, 59.251995990237091 ], [ 10.51692341069357, 59.251300148151593 ] ] } },
{ "type": "Feature", "properties": { "gml_id": "id43d30e8e-341b-4aa6-90bc-cbc267f8bc5c", "lokalid": "786acce2-927c-4042-85a3-f224244dfbbc", "navnerom": "https://data.geonorge.no/sosi/samferdsel/hovedled_og_biled", "versjonId": 20210101, "datauttaksdato": "2026-01-01T23:00:58", "farlednavn": "Jarlsøy - Tønsberg", "farlednummer": 2031, "farledtype": "Biled" }, "geometry": { "type": "LineString", "coordinates": [ [ 10.479701511306024, 59.238779938276998 ], [ 10.460331163740454, 59.243579312698351 ], [ 10.453367304903773, 59.244329381213255 ], [ 10.444531194679501, 59.24847104897318 ], [ 10.437572919048749, 59.254790435625438 ], [ 10.412315174929464, 59.261717942294624 ] ] } },
{ "type": "Feature", "properties": { "gml_id": "idb9a869c3-0f1f-40ad-a529-6eb8a5fa6770", "lokalid": "04755bd6-2c07-4465-8de3-57618cdd515e", "navnerom": "https://data.geonorge.no/sosi/samferdsel/hovedled_og_biled", "versjonId": 20210101, "datauttaksdato": "2026-01-01T23:00:58", "farlednavn": "Rakkebøyen - Langesundsbukta (S av Gunnegrunnen)", "farlednummer": 2041, "farledtype": "Biled" }, "geometry": { "type": "LineString", "coordinates": [ [ 10.077302263047228, 58.943168825630231 ], [ 9.932945455905106, 58.94668749131359 ], [ 9.881008255335429, 58.939605146467024 ], [ 9.778120183227403, 58.971134826502514 ] ] } },
{ "type": "Feature", "properties": { "gml_id": "ide58dc7e3-bc40-4f03-bd6e-8e377cd1e078", "lokalid": "75d2ebe6-56f5-4332-b527-f58806c30301", "navnerom": "https://data.geonorge.no/sosi/samferdsel/hovedled_og_biled", "versjonId": 20210101, "datauttaksdato": "2026-01-01T23:00:58", "farlednavn": "Iddefjorden", "farlednummer": 2000, "farledtype": "Biled" }, "geometry": { "type": "LineString", "coordinates": [ [ 11.412736576262077, 59.048312683281907 ], [ 11.417475442191556, 59.038826558983089 ], [ 11.429828627072931, 59.029701346805119 ], [ 11.432132418725635, 59.027998874731239 ], [ 11.444015464808885, 59.013436094163708 ] ] } },
{ "type": "Feature", "properties": { "gml_id": "idc1cd81a6-7a05-4ada-ba22-2b5f2bf5b806", "lokalid": "98e07a95-981a-4c87-9023-79397b1d67a4", "navnerom": "https://data.geonorge.no/sosi/samferdsel/hovedled_og_biled", "versjonId": 20210101, "datauttaksdato": "2026-01-01T23:00:58", "farlednavn": "Haldenleia", "farlednummer": 1001, "farledtype": "Hovedled" }, "geometry": { "type": "LineString", "coordinates": [ [ 11.225264384464406, 59.08807936921913 ], [ 11.221619535779281, 59.087339147711006 ], [ 11.18342275007957, 59.079573844981603 ], [ 11.130997687665529, 59.035373835505474 ], [ 11.127815871811951, 59.031748799550336 ], [ 11.094325431954282, 58.993543293937087 ], [ 11.066900559940271, 58.977993254845096 ], [ 10.998325585812777, 58.991198848862219 ], [ 10.897247707154897, 59.021876565776118 ], [ 10.831389035549508, 59.02833025919049 ], [ 10.800215351764137, 59.029857869406122 ], [ 10.766303260245625, 59.029846031351219 ], [ 10.669172593121766, 59.013595484434724 ] ] } },
{ "type": "Feature", "properties": { "gml_id": "id5a44b4cb-6ed2-49cc-aed4-abb2b2f35629", "lokalid": "2346903f-e9fa-4127-8068-ab2014520966", "navnerom": "https://data.geonorge.no/sosi/samferdsel/hovedled_og_biled", "versjonId": 20210101, "datauttaksdato": "2026-01-01T23:00:58", "farlednavn": "Haldenleia", "farlednummer": 1001, "farledtype": "Hovedled" }, "geometry": { "type": "LineString", "coordinates": [ [ 11.225264384464406, 59.08807936921913 ], [ 11.256208688548163, 59.095693250948138 ], [ 11.270622634458183, 59.097679347623277 ], [ 11.289600425313017, 59.100246042910065 ], [ 11.304408774371721, 59.108034877414568 ], [ 11.343915972532789, 59.115201901063223 ], [ 11.351815783057376, 59.108158696317886 ], [ 11.364950407690062, 59.109776729477524 ], [ 11.369398435702648, 59.116671528211945 ] ] } },
{ "type": "Feature", "properties": { "gml_id": "id1e53e0c6-3827-4d38-ba28-de1a16ab38ea", "lokalid": "d1cb37a0-2d12-4f3a-8b2e-a7539ce82dbd", "navnerom": "https://data.geonorge.no/sosi/samferdsel/hovedled_og_biled", "versjonId": 20210101, "datauttaksdato": "2026-01-01T23:00:58", "farlednavn": "Jomfrulandsrevet - Oksøy", "farlednummer": 1026, "farledtype": "Hovedled" }, "geometry": { "type": "LineString", "coordinates": [ [ 8.844536485035658, 58.377428849527774 ], [ 8.706189788202414, 58.290029531233294 ], [ 8.67864422336746, 58.277413131770203 ], [ 8.63168340350299, 58.25590417235145 ], [ 8.616526548645217, 58.248962041899794 ], [ 8.507520377053833, 58.19903511746498 ], [ 8.474631240330229, 58.184419924815735 ], [ 8.214254521831322, 58.068715996334234 ] ] } },
{ "type": "Feature", "properties": { "gml_id": "id46a1f737-b802-4aba-91a8-4adc480bafab", "lokalid": "8fe745da-0dcc-42af-b80b-87db9851031d", "navnerom": "https://data.geonorge.no/sosi/samferdsel/hovedled_og_biled", "versjonId": 20210101, "datauttaksdato": "2026-01-01T23:00:58", "farlednavn": "Via Løperen til Fredrikstad", "farlednummer": 1002, "farledtype": "Hovedled" }, "geometry": { "type": "LineString", "coordinates": [ [ 10.956545013482547, 59.159962671165417 ], [ 10.962750909666422, 59.149067158035237 ], [ 10.970778199887283, 59.134962706973035 ], [ 10.970666817224414, 59.125377783977662 ], [ 10.970646650394414, 59.123642857234735 ], [ 10.966303675452259, 59.116467992473446 ], [ 10.967063491992121, 59.111181035469663 ], [ 10.970892033649729, 59.106905358720944 ], [ 10.971040846419044, 59.104341804568342 ], [ 10.971947606494766, 59.088709964779291 ], [ 10.972514330952334, 59.081865524581232 ], [ 10.971017117615386, 59.075868300626894 ], [ 10.965664405389502, 59.067076637206348 ], [ 10.969767139091523, 59.047923833272677 ], [ 10.970861581797449, 59.035087700466555 ], [ 10.96557822315089, 59.024965493939689 ], [ 10.897247707154897, 59.021876565776118 ], [ 10.793933133958632, 59.018156312029824 ], [ 10.769701929935984, 59.017271730143541 ], [ 10.669172593121766, 59.013595484434724 ] ] } },
{ "type": "Feature", "properties": { "gml_id": "id354435e5-c979-4a84-b970-608f70dada69", "lokalid": "6102e9e2-b2b1-471f-b991-3a378cfa7f9d", "navnerom": "https://data.geonorge.no/sosi/samferdsel/hovedled_og_biled", "versjonId": 20210101, "datauttaksdato": "2026-01-01T23:00:58", "farlednavn": "Via Løperen Til Fredrikstad", "farlednummer": 1002, "farledtype": "Hovedled" }, "geometry": { "type": "LineString", "coordinates": [ [ 10.959722641533141, 59.210343237061942 ], [ 10.949175421700669, 59.203209885740016 ], [ 10.945122781731905, 59.198490466296313 ], [ 10.945370017019219, 59.197273815018448 ], [ 10.951556636947362, 59.18288894223587 ], [ 10.952372730388305, 59.180990420920629 ], [ 10.956011499546523, 59.162653117576419 ], [ 10.956545013482547, 59.159962671165417 ] ] } },
{ "type": "Feature", "properties": { "gml_id": "idbdac2dca-7bbd-4c67-afd8-6a02a7f3583c", "lokalid": "d3f9878d-e421-4684-9999-7785d050af40", "navnerom": "https://data.geonorge.no/sosi/samferdsel/hovedled_og_biled", "versjonId": 20210101, "datauttaksdato": "2026-01-01T23:00:58", "farlednavn": "Toftholmen - Tofte", "farlednummer": 2012, "farledtype": "Biled" }, "geometry": { "type": "LineString", "coordinates": [ [ 10.576773328296117, 59.514207947019614 ], [ 10.57007845258088, 59.537280844815875 ], [ 10.568363088825786, 59.54318704175536 ], [ 10.568291703726379, 59.543432780860734 ] ] } },
{ "type": "Feature", "properties": { "gml_id": "id38dffff9-27a5-4d80-8b94-fb68f3572a4d", "lokalid": "8dc2df1b-ac52-4e36-a909-3938b443ae35", "navnerom": "https://data.geonorge.no/sosi/samferdsel/hovedled_og_biled", "versjonId": 20210101, "datauttaksdato": "2026-01-01T23:00:58", "farlednavn": "Fredrikstad - Sarpsborg", "farlednummer": 2015, "farledtype": "Biled" }, "geometry": { "type": "LineString", "coordinates": [ [ 10.959722641533141, 59.210343237061942 ], [ 10.961003321434314, 59.210962697369929 ], [ 10.962469941729564, 59.212412679057167 ], [ 10.963519992359263, 59.213629364223372 ], [ 10.964703326741471, 59.215273766541891 ], [ 10.969658891210765, 59.219030944281521 ], [ 10.975856797768953, 59.222692680981694 ], [ 10.98119635207949, 59.225571650152844 ], [ 10.986364083341289, 59.22898568380171 ], [ 10.991217251260753, 59.233189068533186 ], [ 10.993940580353414, 59.235613838542939 ], [ 10.998138537718759, 59.238769072622901 ], [ 11.003369937042162, 59.241670489486687 ], [ 11.008269084610333, 59.244561470802346 ], [ 11.01334259421205, 59.248827784270816 ], [ 11.017208816812625, 59.252942698389425 ], [ 11.019978350136292, 59.256909717686895 ], [ 11.02290121265032, 59.259568269230506 ], [ 11.025487950149468, 59.26033248039208 ], [ 11.029539036065112, 59.260970104258824 ], [ 11.036512119813336, 59.261411277866436 ], [ 11.043321448246449, 59.262303809697023 ], [ 11.050783664887788, 59.264300518821251 ], [ 11.055652238884244, 59.265590126675626 ], [ 11.058331568329924, 59.266527737199191 ], [ 11.061894160457992, 59.266578619469975 ], [ 11.068941081298229, 59.266392277756786 ], [ 11.075517224524388, 59.266419700112579 ], [ 11.083243860231795, 59.267109431868398 ], [ 11.087911434794989, 59.268220477470237 ], [ 11.090441572140017, 59.269495445204633 ], [ 11.091638179308951, 59.270730278074282 ], [ 11.095005093852645, 59.270546007644796 ], [ 11.095804452960452, 59.270380783886431 ] ] } },
{ "type": "Feature", "properties": { "gml_id": "id963d6a3b-82d5-4ab5-b323-22dbc1d0c3b3", "lokalid": "4294176c-35d4-41fe-9cff-5a8a6af7b4e9", "navnerom": "https://data.geonorge.no/sosi/samferdsel/hovedled_og_biled", "versjonId": 20210101, "datauttaksdato": "2026-01-01T23:00:58", "farlednavn": "Bilekrakkleia", "farlednummer": 2017, "farledtype": "Biled" }, "geometry": { "type": "LineString", "coordinates": [ [ 10.579538332132817, 59.483712245944481 ], [ 10.614432613282769, 59.499424862901201 ], [ 10.622912894105808, 59.517832099276347 ] ] } },
{ "type": "Feature", "properties": { "gml_id": "idf682a953-c167-42bd-a7c0-e71d49146f83", "lokalid": "53d17e4d-7579-4e57-b87b-c795826ea499", "navnerom": "https://data.geonorge.no/sosi/samferdsel/hovedled_og_biled", "versjonId": 20210101, "datauttaksdato": "2026-01-01T23:00:58", "farlednavn": "Guldholmen - Drammen", "farlednummer": 1010, "farledtype": "Hovedled" }, "geometry": { "type": "LineString", "coordinates": [ [ 10.428145132168821, 59.590151508777922 ], [ 10.411589574679702, 59.563198746733057 ], [ 10.401938275250451, 59.537284650671793 ], [ 10.406856104732139, 59.527773673185912 ], [ 10.550552086750809, 59.441150470872884 ], [ 10.558400593262302, 59.436401505302427 ], [ 10.560858435788763, 59.435362055045196 ] ] } },
{ "type": "Feature", "properties": { "gml_id": "id63c91bb8-b72b-46bd-895e-54b143085d48", "lokalid": "f99a455d-d69f-4cb7-9b64-2db9cf948ee5", "navnerom": "https://data.geonorge.no/sosi/samferdsel/hovedled_og_biled", "versjonId": 20210101, "datauttaksdato": "2026-01-01T23:00:58", "farlednavn": "Guldholmen - Drammen", "farlednummer": 1010, "farledtype": "Hovedled" }, "geometry": { "type": "LineString", "coordinates": [ [ 10.428145132168821, 59.590151508777922 ], [ 10.411142244253748, 59.610418143788458 ], [ 10.412297791422507, 59.61687093786616 ], [ 10.416022918145829, 59.624095933671192 ] ] } },
{ "type": "Feature", "properties": { "gml_id": "id373962db-0c8f-4b80-a1b7-9c43c945328c", "lokalid": "5d8c7f1a-f15e-46f8-a00e-89d84f2b116e", "navnerom": "https://data.geonorge.no/sosi/samferdsel/hovedled_og_biled", "versjonId": 20210101, "datauttaksdato": "2026-01-01T23:00:58", "farlednavn": "Tjømekjæla Til Tønsberg", "farlednummer": 1012, "farledtype": "Hovedled" }, "geometry": { "type": "LineString", "coordinates": [ [ 10.29142670198193, 58.959277377618228 ], [ 10.302756237339528, 58.977823090075653 ], [ 10.31581593271166, 58.9991760431326 ], [ 10.362988180922834, 59.076082146736525 ], [ 10.375158959607871, 59.095868242687374 ], [ 10.376622915918386, 59.133632131267809 ], [ 10.371136721158772, 59.158162687021964 ], [ 10.366620156128894, 59.163507649744254 ], [ 10.359611663147721, 59.171801593723266 ], [ 10.34882558690432, 59.175140454104209 ], [ 10.346711805277623, 59.180604312303082 ], [ 10.359900652890396, 59.207707116940469 ] ] } },
{ "type": "Feature", "properties": { "gml_id": "idb110346a-7e77-42c8-9458-bd7e26247f31", "lokalid": "93dc72fb-77e4-41de-84cd-6bc690e2553c", "navnerom": "https://data.geonorge.no/sosi/samferdsel/hovedled_og_biled", "versjonId": 20210101, "datauttaksdato": "2026-01-01T23:00:58", "farlednavn": "Tjømekjæla Til Tønsberg", "farlednummer": 1012, "farledtype": "Hovedled" }, "geometry": { "type": "LineString", "coordinates": [ [ 10.359900652890396, 59.207707116940469 ], [ 10.366667245210259, 59.221909943477705 ], [ 10.376820007351549, 59.224720981406065 ], [ 10.380506178615398, 59.231821002219789 ], [ 10.381270110342614, 59.241218202118368 ], [ 10.378536721993429, 59.249887704215382 ], [ 10.380814494536985, 59.26546267866209 ], [ 10.380907710447511, 59.269065310777272 ], [ 10.383574233063186, 59.2704511770294 ], [ 10.388102369658407, 59.270543618594054 ], [ 10.395524572494857, 59.270736245119636 ], [ 10.396612722773586, 59.270713267674743 ], [ 10.399201695327687, 59.270658562076868 ] ] } },
{ "type": "Feature", "properties": { "gml_id": "idf2e6b74c-db8d-4235-9128-98d878d129dc", "lokalid": "417032bd-08ea-461b-8af5-6d438eaa84bf", "navnerom": "https://data.geonorge.no/sosi/samferdsel/hovedled_og_biled", "versjonId": 20210101, "datauttaksdato": "2026-01-01T23:00:58", "farlednavn": "Tjømekjæla Til Tønsberg", "farlednummer": 1012, "farledtype": "Hovedled" }, "geometry": { "type": "LineString", "coordinates": [ [ 10.359611663147721, 59.171801593723266 ], [ 10.360200674150301, 59.181821051349196 ], [ 10.356258956459166, 59.189234954249258 ], [ 10.359900652890396, 59.207707116940469 ] ] } },
{ "type": "Feature", "properties": { "gml_id": "idda6d5def-589b-4b34-8d65-58eeba1ccf1e", "lokalid": "52921861-681f-4976-89c4-6b15257e1678", "navnerom": "https://data.geonorge.no/sosi/samferdsel/hovedled_og_biled", "versjonId": 20210101, "datauttaksdato": "2026-01-01T23:00:58", "farlednavn": "Sydostgrunnen Til Sandefjord", "farlednummer": 1014, "farledtype": "Hovedled" }, "geometry": { "type": "LineString", "coordinates": [ [ 10.302756237339528, 58.977823090075653 ], [ 10.290311389820602, 58.998053050584069 ], [ 10.274056269013203, 59.024437678067393 ], [ 10.26094500986569, 59.037390510363309 ], [ 10.241928452703251, 59.086543239470679 ], [ 10.233459018391422, 59.102934970818133 ], [ 10.226787551738186, 59.115443270662084 ] ] } },
{ "type": "Feature", "properties": { "gml_id": "idcef07712-ca9d-44d8-bac9-b18f91fcdd2b", "lokalid": "3a059808-0a4f-4539-b1cd-c3a45dfd3ed7", "navnerom": "https://data.geonorge.no/sosi/samferdsel/hovedled_og_biled", "versjonId": 20210101, "datauttaksdato": "2026-01-01T23:00:58", "farlednavn": "Bonden - Sandefjord", "farlednummer": 1015, "farledtype": "Hovedled" }, "geometry": { "type": "LineString", "coordinates": [ [ 10.261093697906654, 58.955009342021334 ], [ 10.261019655946676, 58.996757020847028 ], [ 10.26094500986569, 59.037390510363309 ] ] } },
{ "type": "Feature", "properties": { "gml_id": "ide93c86e6-10a4-4dd4-a36f-bc1cbf1a0351", "lokalid": "6831090d-4e79-4df8-a559-e3ec768bf1fb", "navnerom": "https://data.geonorge.no/sosi/samferdsel/hovedled_og_biled", "versjonId": 20210101, "datauttaksdato": "2026-01-01T23:00:58", "farlednavn": "Svennerrenna", "farlednummer": 1020, "farledtype": "Hovedled" }, "geometry": { "type": "LineString", "coordinates": [ [ 10.079610709889895, 58.988580769337311 ], [ 10.261019655946676, 58.996757020847028 ], [ 10.290311389820602, 58.998053050584069 ], [ 10.31581593271166, 58.9991760431326 ], [ 10.398375350389889, 59.002776305431937 ], [ 10.532231941474855, 59.008729598962383 ], [ 10.602607898784798, 59.01161513905204 ], [ 10.669172593121766, 59.013595484434724 ] ] } },
{ "type": "Feature", "properties": { "gml_id": "id0613266d-db70-4c2f-973e-267e3af5b645", "lokalid": "e843bbfe-3d21-4073-8310-7ccb9ce78e55", "navnerom": "https://data.geonorge.no/sosi/samferdsel/hovedled_og_biled", "versjonId": 20210101, "datauttaksdato": "2026-01-01T23:00:58", "farlednavn": "Ytre Oslofjord - Langesundsbukta", "farlednummer": 1021, "farledtype": "Hovedled" }, "geometry": { "type": "LineString", "coordinates": [ [ 9.778120183227403, 58.971134826502514 ], [ 9.864467373192412, 58.920043348734822 ], [ 9.947371666264345, 58.910866771178384 ], [ 10.127543855360477, 58.936218078407322 ], [ 10.261093697906654, 58.955009342021334 ], [ 10.29142670198193, 58.959277377618228 ], [ 10.312343533716593, 58.962220500752139 ], [ 10.669172593121766, 59.013595484434724 ] ] } },
{ "type": "Feature", "properties": { "gml_id": "id1a037d1e-94cd-440a-a077-faa3474f6591", "lokalid": "2b36eee1-3f3a-42d5-a7a4-2303d17e7b98", "navnerom": "https://data.geonorge.no/sosi/samferdsel/hovedled_og_biled", "versjonId": 20210101, "datauttaksdato": "2026-01-01T23:00:58", "farlednavn": "Sandvika", "farlednummer": 2018, "farledtype": "Biled" }, "geometry": { "type": "LineString", "coordinates": [ [ 10.582900627811128, 59.842273604156382 ], [ 10.560578764425253, 59.858065933529907 ], [ 10.557105482837903, 59.865408071501641 ], [ 10.553021699720365, 59.869846001338892 ], [ 10.550935797323735, 59.870527656587186 ], [ 10.546429302724805, 59.874386942708767 ], [ 10.539518303647309, 59.880358552329277 ], [ 10.549817381695339, 59.884468557414039 ], [ 10.550056127929262, 59.885479593890487 ], [ 10.549558589958664, 59.886054525704516 ] ] } },
{ "type": "Feature", "properties": { "gml_id": "idb8be88f0-ea40-4087-8d35-6ce57e166705", "lokalid": "aef5d8e8-9842-48e1-9456-3bce18f2452f", "navnerom": "https://data.geonorge.no/sosi/samferdsel/hovedled_og_biled", "versjonId": 20210101, "datauttaksdato": "2026-01-01T23:00:58", "farlednavn": "Spro - Slemmestad", "farlednummer": 2019, "farledtype": "Biled" }, "geometry": { "type": "LineString", "coordinates": [ [ 10.574016391501917, 59.767764277210844 ], [ 10.559484731225027, 59.771310014304923 ], [ 10.532495119410397, 59.777889175827639 ], [ 10.504613390871867, 59.785512761303039 ] ] } },
{ "type": "Feature", "properties": { "gml_id": "iddb517a57-2944-4973-8cf1-1d43b02cd74c", "lokalid": "5d8cfd4a-f2fc-43aa-b3ee-e44301cc88b7", "navnerom": "https://data.geonorge.no/sosi/samferdsel/hovedled_og_biled", "versjonId": 20210101, "datauttaksdato": "2026-01-01T23:00:58", "farlednavn": "Kårehausen - Ytrehausen", "farlednummer": 2094, "farledtype": "Biled" }, "geometry": { "type": "LineString", "coordinates": [ [ 8.220830496900309, 58.103861671805561 ], [ 8.170701231030893, 58.06038324786401 ] ] } },
{ "type": "Feature", "properties": { "gml_id": "iddc06f4e6-ebc1-49d7-a973-abf2ce2b674b", "lokalid": "ebbdd9ea-61c6-4716-b31a-527fe691835a", "navnerom": "https://data.geonorge.no/sosi/samferdsel/hovedled_og_biled", "versjonId": 20210101, "datauttaksdato": "2026-01-01T23:00:58", "farlednavn": "Oksøy - Kvitsøy", "farlednummer": 1036, "farledtype": "Hovedled" }, "geometry": { "type": "LineString", "coordinates": [ [ 6.523081992915828, 58.086282320554943 ], [ 6.478439810520266, 58.1067580062875 ], [ 6.237646749186942, 58.21720431385063 ] ] } },
{ "type": "Feature", "properties": { "gml_id": "id4735295a-fb14-483c-b918-d67ae5480aa1", "lokalid": "4ea3323a-8327-44fc-bd93-532f8c3a6345", "navnerom": "https://data.geonorge.no/sosi/samferdsel/hovedled_og_biled", "versjonId": 20210101, "datauttaksdato": "2026-01-01T23:00:58", "farlednavn": "Dyna - Hallangstangen", "farlednummer": 1006, "farledtype": "Hovedled" }, "geometry": { "type": "LineString", "coordinates": [ [ 10.682541971416017, 59.890779975300227 ], [ 10.644511671395387, 59.877180481949118 ], [ 10.606278421880772, 59.853961437527772 ], [ 10.582900627811128, 59.842273604156382 ], [ 10.576681178294612, 59.827855986907757 ], [ 10.564649223589905, 59.808840823223058 ], [ 10.559484731225027, 59.771310014304923 ], [ 10.559253672921011, 59.769629238511378 ], [ 10.556989413175373, 59.763218165492113 ], [ 10.556436755453483, 59.733693141111729 ], [ 10.57062840879496, 59.720754168453873 ], [ 10.58654768933083, 59.698307022978348 ], [ 10.602139381569748, 59.686594333161494 ], [ 10.602427885222331, 59.686373173713577 ], [ 10.61033618852589, 59.680309448447005 ], [ 10.612332657865338, 59.678601766268628 ], [ 10.616875406682114, 59.658844343286439 ], [ 10.612062363934539, 59.647961076625336 ], [ 10.626470971649118, 59.584813991480921 ], [ 10.629705516676285, 59.57023846768336 ], [ 10.629470795360316, 59.567919298447364 ], [ 10.623554176372688, 59.561951899402587 ], [ 10.583096211024399, 59.521084259080773 ], [ 10.576773328296117, 59.514207947019614 ], [ 10.5545082812139, 59.451722528727352 ], [ 10.550552086750809, 59.441150470872884 ], [ 10.54957888338539, 59.438548831735638 ], [ 10.548582195991958, 59.435884016576772 ], [ 10.557098335702946, 59.412585122536846 ], [ 10.564819062140064, 59.391432292634967 ], [ 10.587665131652843, 59.326506160781108 ], [ 10.589352807595651, 59.321699265206611 ], [ 10.594116149659044, 59.307288543159203 ], [ 10.60945679255801, 59.260787541900974 ], [ 10.629341609746854, 59.198914912876063 ], [ 10.643110591117351, 59.159540903472838 ], [ 10.644370196650319, 59.152519493132431 ], [ 10.646717360505781, 59.139427006948196 ], [ 10.651582159366054, 59.112254969094153 ], [ 10.659526317295587, 59.067778132339171 ], [ 10.669172593121766, 59.013595484434724 ] ] } },
{ "type": "Feature", "properties": { "gml_id": "idc1ac555c-fba5-4ab3-8f2e-06cb6a7c8c9f", "lokalid": "5a5b8195-7671-4676-9bdf-6d086cd27e6d", "navnerom": "https://data.geonorge.no/sosi/samferdsel/hovedled_og_biled", "versjonId": 20210101, "datauttaksdato": "2026-01-01T23:00:58", "farlednavn": "Langesundsbukta - Risøy", "farlednummer": 2050, "farledtype": "Biled" }, "geometry": { "type": "LineString", "coordinates": [ [ 9.566886940758549, 58.915051585653828 ], [ 9.614970265326942, 58.926140509552773 ], [ 9.655573317610548, 58.932413145318051 ], [ 9.725441406725929, 58.943171898624293 ], [ 9.772338092324224, 58.953253177274 ] ] } },
{ "type": "Feature", "properties": { "gml_id": "id614baa9b-1867-4de3-9c70-fe8cce6bf12b", "lokalid": "dbd7811f-c8b6-438a-9d0f-6a261670b649", "navnerom": "https://data.geonorge.no/sosi/samferdsel/hovedled_og_biled", "versjonId": 20210101, "datauttaksdato": "2026-01-01T23:00:58", "farlednavn": "Risøy - Fossing", "farlednummer": 2049, "farledtype": "Biled" }, "geometry": { "type": "LineString", "coordinates": [ [ 9.476795330265931, 58.936971094648527 ], [ 9.515870201379816, 58.926646109896659 ], [ 9.527128472194915, 58.918732173665724 ], [ 9.536461903814008, 58.915998799945136 ], [ 9.566886940758549, 58.915051585653828 ] ] } },
{ "type": "Feature", "properties": { "gml_id": "id1e2717b4-e6d5-4604-a3a8-dd1450f0e22c", "lokalid": "beab092d-fede-4e0a-b91b-834580d647e2", "navnerom": "https://data.geonorge.no/sosi/samferdsel/hovedled_og_biled", "versjonId": 20210101, "datauttaksdato": "2026-01-01T23:00:58", "farlednavn": "Åfjorden", "farlednummer": 2550, "farledtype": "Biled" }, "geometry": { "type": "LineString", "coordinates": [ [ 9.861266688755869, 63.910027991789555 ], [ 9.920800620511422, 63.904243136925096 ], [ 9.926393715521138, 63.901477308359148 ], [ 9.960136889498001, 63.900339416777058 ], [ 9.968336741918638, 63.898267256549481 ], [ 10.093300578590304, 63.925400600183487 ], [ 10.137904514223795, 63.942577543608529 ] ] } },
{ "type": "Feature", "properties": { "gml_id": "id6ecc6e08-d3e2-4ee9-81ba-8c0320edc691", "lokalid": "4fab05e2-7780-4bb5-9476-2076ff25b229", "navnerom": "https://data.geonorge.no/sosi/samferdsel/hovedled_og_biled", "versjonId": 20210101, "datauttaksdato": "2026-01-01T23:00:58", "farlednavn": "Bulandet - Tussen", "farlednummer": 2319, "farledtype": "Biled" }, "geometry": { "type": "LineString", "coordinates": [ [ 4.814523373177749, 61.377418354343554 ], [ 4.643032010503137, 61.305625739533774 ], [ 4.649155823623421, 61.290404357879765 ], [ 4.649186351607383, 61.280910926763895 ] ] } },
{ "type": "Feature", "properties": { "gml_id": "ide43b334e-b1ba-4595-b03c-f801bfb4cd91", "lokalid": "264ea3e2-c09f-4228-b841-5e49b01f4532", "navnerom": "https://data.geonorge.no/sosi/samferdsel/hovedled_og_biled", "versjonId": 20210101, "datauttaksdato": "2026-01-01T23:00:58", "farlednavn": "Laksskjær", "farlednummer": 2035, "farledtype": "Biled" }, "geometry": { "type": "LineString", "coordinates": [ [ 10.398375350389889, 59.002776305431937 ], [ 10.446192197507143, 59.019137749427756 ], [ 10.48676189376992, 59.05929726911463 ], [ 10.494495064371202, 59.066940469872812 ], [ 10.513532339219857, 59.079537185862854 ], [ 10.52141500817506, 59.085197862463652 ], [ 10.545233224666916, 59.102288137760731 ], [ 10.60170870571527, 59.142727112215582 ], [ 10.603710192775159, 59.143186962421304 ], [ 10.644370196650319, 59.152519493132431 ], [ 10.659808053597281, 59.155876189174855 ] ] } },
{ "type": "Feature", "properties": { "gml_id": "id25ece695-6308-46b6-bb94-baf28c2a315e", "lokalid": "6664c602-6712-43a8-8cd5-5413dbdd2853", "navnerom": "https://data.geonorge.no/sosi/samferdsel/hovedled_og_biled", "versjonId": 20210101, "datauttaksdato": "2026-01-01T23:00:58", "farlednavn": "Huikjæla", "farlednummer": 2033, "farledtype": "Biled" }, "geometry": { "type": "LineString", "coordinates": [ [ 10.479701511306024, 59.238779938276998 ], [ 10.481906203207421, 59.224401586086564 ], [ 10.486600501689786, 59.21993769797205 ], [ 10.49383628366966, 59.215976647816994 ], [ 10.519867243870669, 59.201715502726842 ], [ 10.561658894861518, 59.170051624960834 ], [ 10.603710192775159, 59.143186962421304 ], [ 10.641052328927811, 59.119283013081429 ], [ 10.651582159366054, 59.112254969094153 ] ] } },
{ "type": "Feature", "properties": { "gml_id": "id05ad98f5-94d0-4630-ac23-89fd32a0c2b0", "lokalid": "069aa1ce-eea2-4a17-86d6-abc2ee657beb", "navnerom": "https://data.geonorge.no/sosi/samferdsel/hovedled_og_biled", "versjonId": 20210101, "datauttaksdato": "2026-01-01T23:00:58", "farlednavn": "Mågerøflaket - Saltbu", "farlednummer": 2036, "farledtype": "Biled" }, "geometry": { "type": "LineString", "coordinates": [ [ 10.366620156128894, 59.163507649744254 ], [ 10.382645014987487, 59.161687718146148 ], [ 10.383820075986408, 59.162196054311934 ], [ 10.385936773580939, 59.167401537090583 ], [ 10.392892293142607, 59.171907092180078 ], [ 10.39327286010098, 59.172234885651392 ], [ 10.393808980489801, 59.172554362304915 ], [ 10.394853310646385, 59.172829401992338 ], [ 10.39601165385087, 59.172926539831785 ], [ 10.397445060374579, 59.172865506094382 ], [ 10.398747827888686, 59.172643204020297 ], [ 10.399664444193062, 59.172429360556997 ], [ 10.400200584898313, 59.172259938737668 ], [ 10.429531083364258, 59.162807142497464 ], [ 10.444770099049332, 59.159190468364905 ], [ 10.460056080618378, 59.151079999570314 ] ] } },
{ "type": "Feature", "properties": { "gml_id": "idc47996b7-59bb-4f49-8724-51761896027e", "lokalid": "4b7434ec-7758-4e4f-98a2-0994789c0a39", "navnerom": "https://data.geonorge.no/sosi/samferdsel/hovedled_og_biled", "versjonId": 20210101, "datauttaksdato": "2026-01-01T23:00:58", "farlednavn": "Færder – Hvasser – Mågerøflaket", "farlednummer": 2038, "farledtype": "Biled" }, "geometry": { "type": "LineString", "coordinates": [ [ 10.460056080618378, 59.151079999570314 ], [ 10.459558943918429, 59.137718707661641 ], [ 10.45889443568478, 59.133329324446279 ], [ 10.455619114216711, 59.11168037148483 ], [ 10.456679075076153, 59.089551210841243 ], [ 10.476485792658782, 59.089209377103614 ], [ 10.49150846369467, 59.088948083392175 ], [ 10.52141500817506, 59.085197862463652 ], [ 10.659526317295587, 59.067778132339171 ] ] } },
{ "type": "Feature", "properties": { "gml_id": "id5e34fcc7-f250-463d-948e-c046b0cfcdbe", "lokalid": "ce4ca426-bf7c-4d41-84b3-5104b1b6fa73", "navnerom": "https://data.geonorge.no/sosi/samferdsel/hovedled_og_biled", "versjonId": 20210101, "datauttaksdato": "2026-01-01T23:00:58", "farlednavn": "Mågerøflaket - Granebosundet", "farlednummer": 2037, "farledtype": "Biled" }, "geometry": { "type": "LineString", "coordinates": [ [ 10.460056080618378, 59.151079999570314 ], [ 10.461750602860091, 59.158282150258131 ], [ 10.462030292343613, 59.158868954457986 ], [ 10.477322879264923, 59.190923765128339 ], [ 10.49383628366966, 59.215976647816994 ] ] } },
{ "type": "Feature", "properties": { "gml_id": "id8e9bd054-8425-46c7-a8b1-23a9f4d14727", "lokalid": "72676c5a-cc3f-4fda-97f6-cae095a9de86", "navnerom": "https://data.geonorge.no/sosi/samferdsel/hovedled_og_biled", "versjonId": 20210101, "datauttaksdato": "2026-01-01T23:00:58", "farlednavn": "Granebosundet - Mefjordbåen", "farlednummer": 2032, "farledtype": "Biled" }, "geometry": { "type": "LineString", "coordinates": [ [ 10.49383628366966, 59.215976647816994 ], [ 10.495783890734549, 59.218782164460627 ], [ 10.499872834729414, 59.2357377002173 ], [ 10.51692341069357, 59.251300148151593 ], [ 10.528667741446258, 59.268969194995037 ], [ 10.577589955920752, 59.316695682979997 ], [ 10.587665131652843, 59.326506160781108 ] ] } },
{ "type": "Feature", "properties": { "gml_id": "id845bef22-946f-4002-b12c-7b78024ab3c1", "lokalid": "0a74eab3-2c88-453a-ac30-93385d951923", "navnerom": "https://data.geonorge.no/sosi/samferdsel/hovedled_og_biled", "versjonId": 20210101, "datauttaksdato": "2026-01-01T23:00:58", "farlednavn": "Lauersvelgen", "farlednummer": 2006, "farledtype": "Biled" }, "geometry": { "type": "LineString", "coordinates": [ [ 11.127815871811951, 59.031748799550336 ], [ 11.09921460143163, 59.026855394364048 ], [ 11.090158333689972, 59.025084765962205 ], [ 11.088529709900634, 59.023444624054214 ], [ 11.067963004887579, 59.02235340205344 ], [ 11.060589397207321, 59.023345743667782 ], [ 11.055124102064976, 59.01718976356436 ], [ 11.048795912996583, 59.015405705967027 ], [ 11.034915168394486, 59.01460670814204 ], [ 10.998531545566463, 59.016949302143942 ], [ 10.96557822315089, 59.024965493939689 ] ] } },
{ "type": "Feature", "properties": { "gml_id": "id264f463d-859b-4834-8f84-1c83768bb70a", "lokalid": "e95e3095-3380-4cc7-8081-8f3834d130d8", "navnerom": "https://data.geonorge.no/sosi/samferdsel/hovedled_og_biled", "versjonId": 20210101, "datauttaksdato": "2026-01-01T23:00:58", "farlednavn": "Vest av Fugleskjærsgrunnen", "farlednummer": 2007, "farledtype": "Biled" }, "geometry": { "type": "LineString", "coordinates": [ [ 10.971040846419044, 59.104341804568342 ], [ 10.975969998133046, 59.110877898382434 ], [ 10.976506774348877, 59.117484237810096 ], [ 10.970646650394414, 59.123642857234735 ] ] } },
{ "type": "Feature", "properties": { "gml_id": "id54833321-ff0d-4c28-83ec-802d765d7703", "lokalid": "89906c72-2926-4c6d-a470-e6073dee1ccf", "navnerom": "https://data.geonorge.no/sosi/samferdsel/hovedled_og_biled", "versjonId": 20210101, "datauttaksdato": "2026-01-01T23:00:58", "farlednavn": "Vest av Flyndregrunnen", "farlednummer": 2008, "farledtype": "Biled" }, "geometry": { "type": "LineString", "coordinates": [ [ 10.962750909666422, 59.149067158035237 ], [ 10.956019331019474, 59.153050570197713 ], [ 10.952555761692512, 59.156197713826366 ], [ 10.956011499546523, 59.162653117576419 ] ] } },
{ "type": "Feature", "properties": { "gml_id": "id8226abc7-29a9-44f6-a9d5-0ce328864a6c", "lokalid": "716cd2ac-2049-4e19-aa9c-e0af0f59a225", "navnerom": "https://data.geonorge.no/sosi/samferdsel/hovedled_og_biled", "versjonId": 20210101, "datauttaksdato": "2026-01-01T23:00:58", "farlednavn": "Krokstadfjorden", "farlednummer": 2020, "farledtype": "Biled" }, "geometry": { "type": "LineString", "coordinates": [ [ 10.694781339858194, 59.278715777869046 ], [ 10.743956509754994, 59.294348349475932 ], [ 10.762829333064783, 59.306410584678339 ], [ 10.776095256621362, 59.314282033190381 ] ] } },
{ "type": "Feature", "properties": { "gml_id": "idb06879cd-e6a6-4368-8c73-d4288de7f0ef", "lokalid": "9b35eb0f-a9c1-4a81-ad6d-c4bd4d5b6bce", "navnerom": "https://data.geonorge.no/sosi/samferdsel/hovedled_og_biled", "versjonId": 20210101, "datauttaksdato": "2026-01-01T23:00:58", "farlednavn": "Nordøst av Reieren", "farlednummer": 2028, "farledtype": "Biled" }, "geometry": { "type": "LineString", "coordinates": [ [ 10.477633491101177, 59.143536893899118 ], [ 10.47307820177428, 59.150227624566242 ], [ 10.46964810285203, 59.153936133902 ], [ 10.462030292343613, 59.158868954457986 ] ] } },
{ "type": "Feature", "properties": { "gml_id": "id87bb2e20-96b4-4db5-a7a1-5ddb51a6dfd8", "lokalid": "c132ce91-8895-4448-ac27-5f07e05f4b2c", "navnerom": "https://data.geonorge.no/sosi/samferdsel/hovedled_og_biled", "versjonId": 20210101, "datauttaksdato": "2026-01-01T23:00:58", "farlednavn": "Øst av Sandø", "farlednummer": 2048, "farledtype": "Biled" }, "geometry": { "type": "LineString", "coordinates": [ [ 10.476485792658782, 59.089209377103614 ], [ 10.485530087871153, 59.082884846996194 ], [ 10.48676189376992, 59.05929726911463 ] ] } },
{ "type": "Feature", "properties": { "gml_id": "ideef9d5dd-a89d-478f-8240-80511a2c44a3", "lokalid": "cc121536-38ab-4228-8bef-2e05cc7dd01d", "navnerom": "https://data.geonorge.no/sosi/samferdsel/hovedled_og_biled", "versjonId": 20210101, "datauttaksdato": "2026-01-01T23:00:58", "farlednavn": "Vest av Veierland", "farlednummer": 2056, "farledtype": "Biled" }, "geometry": { "type": "LineString", "coordinates": [ [ 10.346711805277623, 59.180604312303082 ], [ 10.335029192469161, 59.156573753776058 ], [ 10.33153871351108, 59.143037647280572 ], [ 10.33288745336373, 59.132298250998261 ], [ 10.335035003876385, 59.115687019486614 ], [ 10.362988180922834, 59.076082146736525 ] ] } },
{ "type": "Feature", "properties": { "gml_id": "idd97b90ef-e3e5-470d-9368-1f56827385c8", "lokalid": "54843074-12b9-4a0a-b3b7-29498e3364b3", "navnerom": "https://data.geonorge.no/sosi/samferdsel/hovedled_og_biled", "versjonId": 20210101, "datauttaksdato": "2026-01-01T23:00:58", "farlednavn": "Svartebukt", "farlednummer": 2047, "farledtype": "Biled" }, "geometry": { "type": "LineString", "coordinates": [ [ 9.833573008972488, 58.993548845252064 ], [ 9.837668938134053, 59.021143498037418 ] ] } },
{ "type": "Feature", "properties": { "gml_id": "id373c76e5-9fa0-4f51-82f2-fef451be021f", "lokalid": "9fdd3e6e-01cd-4b09-a6c5-7947cab8c0f5", "navnerom": "https://data.geonorge.no/sosi/samferdsel/hovedled_og_biled", "versjonId": 20210101, "datauttaksdato": "2026-01-01T23:00:58", "farlednavn": "Nord av Skjæregg", "farlednummer": 2057, "farledtype": "Biled" }, "geometry": { "type": "LineString", "coordinates": [ [ 9.720155030237635, 58.964777550253139 ], [ 9.748615955782464, 58.985353126551324 ], [ 9.756328714759791, 58.987749523236921 ] ] } },
{ "type": "Feature", "properties": { "gml_id": "id343d4040-ecf1-474d-bb4a-b1a5e5b2e521", "lokalid": "17c1ab00-0862-406d-8e93-8ccda1121134", "navnerom": "https://data.geonorge.no/sosi/samferdsel/hovedled_og_biled", "versjonId": 20210101, "datauttaksdato": "2026-01-01T23:00:58", "farlednavn": "Kjøpmannsfjorden", "farlednummer": 2054, "farledtype": "Biled" }, "geometry": { "type": "LineString", "coordinates": [ [ 9.460806429070175, 58.883901555464924 ], [ 9.478116958773617, 58.892854396810392 ] ] } },
{ "type": "Feature", "properties": { "gml_id": "id1128aca4-1e5c-41f1-ac03-c00d8c548d83", "lokalid": "4b631c16-e3ff-414d-b38c-48a5053eb2de", "navnerom": "https://data.geonorge.no/sosi/samferdsel/hovedled_og_biled", "versjonId": 20210101, "datauttaksdato": "2026-01-01T23:00:58", "farlednavn": "Bærøyfjorden", "farlednummer": 2059, "farledtype": "Biled" }, "geometry": { "type": "LineString", "coordinates": [ [ 9.455266731418961, 58.884510548065791 ], [ 9.433134624180324, 58.896600373483381 ] ] } },
{ "type": "Feature", "properties": { "gml_id": "id832ab5e1-af5a-4c12-8c1c-9bb59b099bc9", "lokalid": "55efc56b-0228-4a71-bdb3-6f96c9650ad2", "navnerom": "https://data.geonorge.no/sosi/samferdsel/hovedled_og_biled", "versjonId": 20210101, "datauttaksdato": "2026-01-01T23:00:58", "farlednavn": "Hidrasundet", "farlednummer": 2105, "farledtype": "Biled" }, "geometry": { "type": "LineString", "coordinates": [ [ 6.48486060549663, 58.24764754702651 ], [ 6.491734728046971, 58.2484628608835 ], [ 6.51844025806772, 58.248740658103408 ], [ 6.530337522383869, 58.247237878310408 ], [ 6.612843051912217, 58.238582294351247 ], [ 6.64655058848719, 58.231567706743029 ], [ 6.652612540335433, 58.233101806263079 ], [ 6.665106972664808, 58.23299617964814 ], [ 6.670268146040325, 58.234529577487599 ], [ 6.674995090895186, 58.241660279132901 ] ] } },
{ "type": "Feature", "properties": { "gml_id": "id099a5fe0-f9e2-45d3-9a0e-195883c20857", "lokalid": "fc1b0363-0d34-415b-b4e9-52ad449ae753", "navnerom": "https://data.geonorge.no/sosi/samferdsel/hovedled_og_biled", "versjonId": 20210101, "datauttaksdato": "2026-01-01T23:00:58", "farlednavn": "Hidrasundet", "farlednummer": 2105, "farledtype": "Biled" }, "geometry": { "type": "LineString", "coordinates": [ [ 6.48486060549663, 58.24764754702651 ], [ 6.484577501415324, 58.24761396024865 ], [ 6.240938019138234, 58.218454036557588 ] ] } },
{ "type": "Feature", "properties": { "gml_id": "id92459fd4-91fc-4f07-a440-1576850ccaaf", "lokalid": "96a4ce91-5e13-4f38-a8f2-7360fa68f65f", "navnerom": "https://data.geonorge.no/sosi/samferdsel/hovedled_og_biled", "versjonId": 20210101, "datauttaksdato": "2026-01-01T23:00:58", "farlednavn": "Hurtigbåt Sistranda", "farlednummer": 2534, "farledtype": "Biled" }, "geometry": { "type": "LineString", "coordinates": [ [ 8.993752672844403, 63.608418849882739 ], [ 9.006587071964015, 63.629256245201624 ], [ 9.004703668815326, 63.642678458691115 ], [ 9.002362037251205, 63.646417279815736 ], [ 9.005348129779419, 63.649536722992771 ], [ 9.00127314120525, 63.658920058576776 ], [ 8.972045551068021, 63.671674260819032 ], [ 8.887489768634344, 63.708472809742375 ], [ 8.868978805357356, 63.712681147278204 ], [ 8.844014881662961, 63.736906157072113 ], [ 8.845812019099398, 63.74751453200119 ], [ 8.844287009327145, 63.750142290428172 ], [ 8.829395449131059, 63.761075592491707 ], [ 8.824875926895196, 63.761614472096234 ], [ 8.82387964907122, 63.75907524442426 ] ] } },
{ "type": "Feature", "properties": { "gml_id": "idbcdf4a83-3080-4156-b3e9-0284a03eb803", "lokalid": "19d93957-e744-4ad3-89cf-cd64e0c24bde", "navnerom": "https://data.geonorge.no/sosi/samferdsel/hovedled_og_biled", "versjonId": 20210101, "datauttaksdato": "2026-01-01T23:00:58", "farlednavn": "Grønholmen - Kvernhusvika", "farlednummer": 2531, "farledtype": "Biled" }, "geometry": { "type": "LineString", "coordinates": [ [ 9.168011165032459, 63.692358209138945 ], [ 9.072781406510094, 63.699003442880937 ], [ 8.972045551068021, 63.671674260819032 ], [ 8.900314843196222, 63.652139522103774 ], [ 8.83602308376539, 63.642128444623673 ], [ 8.792157286261055, 63.638105962405731 ] ] } },
{ "type": "Feature", "properties": { "gml_id": "id4bc43c47-e102-41b9-965b-9f457e8cbd60", "lokalid": "68ffcd2d-fff2-4673-973c-f842d21f1f9d", "navnerom": "https://data.geonorge.no/sosi/samferdsel/hovedled_og_biled", "versjonId": 20210101, "datauttaksdato": "2026-01-01T23:00:58", "farlednavn": "Frohavet - Vestre Kalvholmen", "farlednummer": 2533, "farledtype": "Biled" }, "geometry": { "type": "LineString", "coordinates": [ [ 9.046170718317965, 63.843860632246916 ], [ 8.910543686380306, 63.80919695051611 ], [ 8.896487022385786, 63.805592268825507 ], [ 8.853181486866189, 63.789700672147944 ], [ 8.850756493909195, 63.78333396615772 ], [ 8.82089824997191, 63.774903367123301 ] ] } },
{ "type": "Feature", "properties": { "gml_id": "idaacd52f4-464c-4ef6-8ccb-843f1d31baff", "lokalid": "7936a226-60c1-4653-a70e-ba861a3043b6", "navnerom": "https://data.geonorge.no/sosi/samferdsel/hovedled_og_biled", "versjonId": 20210101, "datauttaksdato": "2026-01-01T23:00:58", "farlednavn": "Dyrviksundet - Halten", "farlednummer": 2532, "farledtype": "Biled" }, "geometry": { "type": "LineString", "coordinates": [ [ 8.844287009327145, 63.750142290428172 ], [ 8.887231559841458, 63.762070111618328 ], [ 8.957967476893657, 63.77169226440391 ], [ 8.988225438254046, 63.796496183229642 ], [ 9.046170718317965, 63.843860632246916 ], [ 9.247031492520369, 64.009686653322021 ], [ 9.337872977882757, 64.089636713464145 ], [ 9.355859080126084, 64.110661683269825 ], [ 9.3906757920402, 64.129561636137026 ], [ 9.401125060066819, 64.142676982210261 ], [ 9.416481444096735, 64.161928362621282 ], [ 9.412228170171328, 64.169416969033946 ] ] } },
{ "type": "Feature", "properties": { "gml_id": "iddf9934d4-e4f2-4a77-9f73-e48fd18d7889", "lokalid": "791da92f-4c6a-4989-ba6d-74ccc3d2d084", "navnerom": "https://data.geonorge.no/sosi/samferdsel/hovedled_og_biled", "versjonId": 20210101, "datauttaksdato": "2026-01-01T23:00:58", "farlednavn": "Storaflu - Asenleia-Buholmråsa", "farlednummer": 1546, "farledtype": "Hovedled" }, "geometry": { "type": "LineString", "coordinates": [ [ 9.259083392345779, 63.548453004051815 ], [ 9.401415156658313, 63.58143097644718 ], [ 9.401503370484971, 63.581451348565984 ], [ 9.417805910568108, 63.585214832296224 ], [ 9.426582733770168, 63.58723981476772 ], [ 9.433186594816114, 63.593544988650059 ], [ 9.433624372364969, 63.593962858722172 ], [ 9.483015143248981, 63.641022453386292 ], [ 9.483678536387622, 63.641653387832761 ], [ 9.480192362090405, 63.652057670302725 ], [ 9.476139682138403, 63.664142257311241 ], [ 9.511561895351644, 63.704436712484252 ], [ 9.537134218143692, 63.726175565924017 ], [ 9.537460986445947, 63.728500871453143 ], [ 9.541920342312425, 63.760233981828129 ], [ 9.566823875072018, 63.788217509190822 ], [ 9.577781343146059, 63.800511741578639 ], [ 9.588767484077726, 63.812606179174388 ], [ 9.6299424756708, 63.836767261811268 ], [ 9.644036945174744, 63.845078346363515 ], [ 9.70743960484735, 63.872855321727485 ], [ 9.758362722240751, 63.89188786765542 ], [ 9.773875153957501, 63.909139528061871 ], [ 9.788714257686841, 63.929448168154643 ], [ 9.78755980698678, 63.947347168788411 ], [ 9.781761848459963, 64.036778306509717 ], [ 9.899946571046597, 64.073798269718495 ], [ 9.970214655215063, 64.095808914915906 ], [ 10.015272421915938, 64.109811304056308 ], [ 10.09383410593624, 64.13422554699163 ], [ 10.128353362365425, 64.16732555752877 ], [ 10.228995069778071, 64.226240164882057 ], [ 10.293447059210958, 64.247896427147325 ], [ 10.31990160070435, 64.25256460977883 ], [ 10.32314415703715, 64.254395978394584 ], [ 10.324383940057549, 64.279383906644668 ], [ 10.329233710996338, 64.289576311727828 ], [ 10.338458998302402, 64.308964418863098 ], [ 10.346567365010324, 64.327133837596008 ], [ 10.352064470009896, 64.33626436799284 ], [ 10.371997911444369, 64.359375507901092 ], [ 10.390878329769297, 64.373072728000565 ], [ 10.402164861503641, 64.380463427374977 ], [ 10.428186106064578, 64.397484587592075 ], [ 10.42921291750797, 64.398959127379811 ], [ 10.43079498148335, 64.401231026422423 ], [ 10.450745141501455, 64.421341901635174 ], [ 10.438926487810264, 64.510653293167167 ] ] } },
{ "type": "Feature", "properties": { "gml_id": "id304a8010-f38d-4330-9f9b-71021076c485", "lokalid": "b025730d-9e93-49aa-acf7-00da67207ee8", "navnerom": "https://data.geonorge.no/sosi/samferdsel/hovedled_og_biled", "versjonId": 20210101, "datauttaksdato": "2026-01-01T23:00:58", "farlednavn": "Bjugnfjorden", "farlednummer": 2540, "farledtype": "Biled" }, "geometry": { "type": "LineString", "coordinates": [ [ 9.537134218143692, 63.726175565924017 ], [ 9.684803553974085, 63.751639517399937 ], [ 9.71175626007391, 63.759117298159708 ], [ 9.764117448070161, 63.765136694214625 ] ] } },
{ "type": "Feature", "properties": { "gml_id": "id88fd9a9e-c3f1-4104-9727-ef7a641668f1", "lokalid": "da2e3001-8800-43bb-a2d3-7544083a63d6", "navnerom": "https://data.geonorge.no/sosi/samferdsel/hovedled_og_biled", "versjonId": 20210101, "datauttaksdato": "2026-01-01T23:00:58", "farlednavn": "Valsfjorden", "farlednummer": 2542, "farledtype": "Biled" }, "geometry": { "type": "LineString", "coordinates": [ [ 9.577781343146059, 63.800511741578639 ], [ 9.635545109695661, 63.812070100128139 ], [ 9.672484210027763, 63.819247820384845 ] ] } },
{ "type": "Feature", "properties": { "gml_id": "idb42c2bfc-9e34-4c0b-b241-d9cdba986f96", "lokalid": "924f03f9-1977-4b0d-b23a-78a859fb413d", "navnerom": "https://data.geonorge.no/sosi/samferdsel/hovedled_og_biled", "versjonId": 20210101, "datauttaksdato": "2026-01-01T23:00:58", "farlednavn": "Tørrskjærleia", "farlednummer": 1548, "farledtype": "Hovedled" }, "geometry": { "type": "LineString", "coordinates": [ [ 9.259167608910815, 63.678634010294452 ], [ 9.318920427276327, 63.71208012134732 ], [ 9.42138145693065, 63.737039569604036 ], [ 9.541920342312425, 63.760233981828129 ] ] } },
{ "type": "Feature", "properties": { "gml_id": "id5a6953fc-ad3f-4dd3-a026-94b51f389cf0", "lokalid": "d808c476-7679-4039-ac48-de0b96d71198", "navnerom": "https://data.geonorge.no/sosi/samferdsel/hovedled_og_biled", "versjonId": 20210101, "datauttaksdato": "2026-01-01T23:00:58", "farlednavn": "Melsteinleia", "farlednummer": 2543, "farledtype": "Biled" }, "geometry": { "type": "LineString", "coordinates": [ [ 9.338223139666121, 63.817011724716188 ], [ 9.540423505963295, 63.901940729018307 ], [ 9.620182953893702, 63.939376946658861 ], [ 9.781761848459963, 64.036778306509717 ] ] } },
{ "type": "Feature", "properties": { "gml_id": "id1f546cfe-05b0-4da7-b31d-a8e07c6ebbc2", "lokalid": "7bf27dbf-3bf8-44ab-923e-46200513f068", "navnerom": "https://data.geonorge.no/sosi/samferdsel/hovedled_og_biled", "versjonId": 20210101, "datauttaksdato": "2026-01-01T23:00:58", "farlednavn": "Leikuleia - Stokksund", "farlednummer": 2544, "farledtype": "Biled" }, "geometry": { "type": "LineString", "coordinates": [ [ 9.70743960484735, 63.872855321727485 ], [ 9.776103469675496, 63.877878395731052 ], [ 9.812964560361545, 63.887608912538582 ], [ 9.819325760273665, 63.891347820267093 ], [ 9.852256218707881, 63.902503064864902 ], [ 9.861266688755869, 63.910027991789555 ], [ 9.863414662359602, 63.911945037393181 ], [ 9.883723461412686, 63.925112086586317 ], [ 9.887284099400777, 63.926561726217813 ], [ 9.904385712414351, 63.949160974595991 ], [ 9.956156371658308, 64.001002515138481 ], [ 9.961977546551815, 64.004270736670009 ], [ 10.019977550923128, 64.038250007724315 ], [ 10.025971108141086, 64.043264822572255 ], [ 10.039167296768646, 64.047496080312371 ], [ 10.049425716751834, 64.0479530785273 ], [ 10.055059511486675, 64.05080028766514 ], [ 10.04780157166137, 64.057272000032711 ], [ 10.036547422383725, 64.061575102972839 ], [ 10.003714581563932, 64.085156502744638 ], [ 10.015272421915938, 64.109811304056308 ] ] } },
{ "type": "Feature", "properties": { "gml_id": "id1690cb63-a9ac-41cd-97d4-b9f7726a0da1", "lokalid": "76f60a5a-595f-4f3d-b8c5-42b1ef801a5f", "navnerom": "https://data.geonorge.no/sosi/samferdsel/hovedled_og_biled", "versjonId": 20210101, "datauttaksdato": "2026-01-01T23:00:58", "farlednavn": "Linesleia - Stokksundet", "farlednummer": 2551, "farledtype": "Biled" }, "geometry": { "type": "LineString", "coordinates": [ [ 9.787421685591816, 63.947313225617748 ], [ 9.78755980698678, 63.947347168788411 ], [ 9.899521539291051, 63.97479149724353 ], [ 9.924357379466537, 63.982219597830735 ], [ 9.956156371658308, 64.001002515138481 ] ] } },
{ "type": "Feature", "properties": { "gml_id": "id86038898-c1d5-4800-ae64-03ed717c22ec", "lokalid": "5dca0489-c391-4479-9538-8bdb2e16380c", "navnerom": "https://data.geonorge.no/sosi/samferdsel/hovedled_og_biled", "versjonId": 20210101, "datauttaksdato": "2026-01-01T23:00:58", "farlednavn": "Hepsøyrevet", "farlednummer": 1547, "farledtype": "Hovedled" }, "geometry": { "type": "LineString", "coordinates": [ [ 10.329233710996338, 64.289576311727828 ], [ 10.435810543454464, 64.325678251425728 ], [ 10.446489569168952, 64.331272750579345 ], [ 10.440095109758285, 64.353358863998466 ], [ 10.445419795510926, 64.356862721996492 ], [ 10.463149870850284, 64.368522107420205 ], [ 10.462942308142697, 64.374717185265965 ], [ 10.454580326888911, 64.380731889157545 ], [ 10.42921291750797, 64.398959127379811 ] ] } },
{ "type": "Feature", "properties": { "gml_id": "id7ddbdfd1-3003-4c05-8c97-713f039877ef", "lokalid": "977f299b-96e9-46d3-bd74-df24fd4913d8", "navnerom": "https://data.geonorge.no/sosi/samferdsel/hovedled_og_biled", "versjonId": 20210101, "datauttaksdato": "2026-01-01T23:00:58", "farlednavn": "Foldenfjorden", "farlednummer": 2560, "farledtype": "Biled" }, "geometry": { "type": "LineString", "coordinates": [ [ 11.825217617288024, 64.795656770338496 ], [ 11.779378158678107, 64.788814688707347 ], [ 11.752658607432156, 64.791355997941324 ], [ 11.706205948369464, 64.78887267631282 ], [ 11.620440810326578, 64.778413967489271 ], [ 11.56771710252889, 64.771955964310195 ], [ 11.489719102555974, 64.75121992467993 ], [ 11.391400418352646, 64.72497813835723 ], [ 11.271282699700766, 64.704169302497277 ], [ 11.117015538215723, 64.677255109406033 ], [ 11.065940507195496, 64.668297249084063 ], [ 10.938205831105122, 64.646199881382088 ], [ 10.753638694147623, 64.653763797649745 ] ] } },
{ "type": "Feature", "properties": { "gml_id": "id11e9de32-9a49-45c2-bf98-70e38e519095", "lokalid": "74368e80-78e1-42e0-b2ab-94297bb79b33", "navnerom": "https://data.geonorge.no/sosi/samferdsel/hovedled_og_biled", "versjonId": 20210101, "datauttaksdato": "2026-01-01T23:00:58", "farlednavn": "Dolmsundet", "farlednummer": 1151, "farledtype": "Hovedled" }, "geometry": { "type": "LineString", "coordinates": [ [ 11.528058795298834, 64.95968370163493 ], [ 11.575643868327177, 64.973571845522926 ], [ 11.585977663790873, 64.978517469126103 ], [ 11.589897660721604, 64.982698560569574 ], [ 11.61047689164624, 64.999136164650395 ], [ 11.643939011477361, 65.008212896810491 ], [ 11.646467393839298, 65.008721217281987 ], [ 11.659413427774295, 65.010149745379863 ], [ 11.677944235932872, 65.014326886614995 ], [ 11.690035591325371, 65.023012447711565 ], [ 11.696170055927794, 65.028528517430715 ], [ 11.73343735730897, 65.061985345618226 ] ] } },
{ "type": "Feature", "properties": { "gml_id": "id001e092d-5558-437d-9b96-43d1e540eaf9", "lokalid": "80aa7425-4308-4029-b860-46a943d1eb8e", "navnerom": "https://data.geonorge.no/sosi/samferdsel/hovedled_og_biled", "versjonId": 20210101, "datauttaksdato": "2026-01-01T23:00:58", "farlednavn": "Humuldråsa", "farlednummer": 1553, "farledtype": "Hovedled" }, "geometry": { "type": "LineString", "coordinates": [ [ 11.378482067218945, 64.939328881596381 ], [ 11.386821181213467, 64.955993874562708 ], [ 11.389045237493672, 64.957384098676826 ], [ 11.389153545011641, 64.957485435294444 ], [ 11.418496268666972, 64.984908801316209 ], [ 11.463408694066937, 64.994767076462367 ], [ 11.592591766993781, 65.021743176195614 ], [ 11.68746863145714, 65.038942587164328 ] ] } },
{ "type": "Feature", "properties": { "gml_id": "idd0492104-a786-4f2b-932a-c526b3136344", "lokalid": "75feb375-2ba9-4ec5-9973-e7860faa93ae", "navnerom": "https://data.geonorge.no/sosi/samferdsel/hovedled_og_biled", "versjonId": 20210101, "datauttaksdato": "2026-01-01T23:00:58", "farlednavn": "Humuldråsa", "farlednummer": 1553, "farledtype": "Hovedled" }, "geometry": { "type": "LineString", "coordinates": [ [ 11.378482067218945, 64.939328881596381 ], [ 11.366718395241103, 64.927780007566724 ], [ 11.352027481157997, 64.905524283707962 ], [ 11.373338842293172, 64.927371433575161 ], [ 11.378482067218945, 64.939328881596381 ] ] } },
{ "type": "Feature", "properties": { "gml_id": "id66589c47-9de4-4f79-97a7-34586ba82448", "lokalid": "144926b4-2236-45bf-8ec8-2b4748be9a40", "navnerom": "https://data.geonorge.no/sosi/samferdsel/hovedled_og_biled", "versjonId": 20210101, "datauttaksdato": "2026-01-01T23:00:58", "farlednavn": "Trondheimsfjorden", "farlednummer": 1140, "farledtype": "Hovedled" }, "geometry": { "type": "LineString", "coordinates": [ [ 9.982181303932107, 63.479472925334186 ], [ 10.076497480039096, 63.483368789635733 ], [ 10.150207075035356, 63.500560644554973 ], [ 10.255936749153209, 63.525119295527439 ], [ 10.434817217437075, 63.566397904327793 ], [ 10.794381186998294, 63.682242324493537 ], [ 10.805351412089262, 63.685866168670934 ] ] } },
{ "type": "Feature", "properties": { "gml_id": "idf3a97e4b-966e-4abf-9595-f164e3933250", "lokalid": "e636c660-8eee-47a2-8a16-ef06f5218383", "navnerom": "https://data.geonorge.no/sosi/samferdsel/hovedled_og_biled", "versjonId": 20210101, "datauttaksdato": "2026-01-01T23:00:58", "farlednavn": "Trondheimsfjorden", "farlednummer": 1140, "farledtype": "Hovedled" }, "geometry": { "type": "LineString", "coordinates": [ [ 10.794381186998294, 63.682242324493537 ], [ 10.959886670650434, 63.736914500760797 ], [ 11.079258794797374, 63.839381149689366 ], [ 11.060649169751962, 63.866674595028982 ], [ 11.056027814902382, 63.881473194634204 ], [ 11.065100000722039, 63.894849595749136 ], [ 11.073706064031505, 63.899814434694406 ], [ 11.273181037990387, 63.981839430902127 ], [ 11.477219625935565, 64.008606513733909 ] ] } },
{ "type": "Feature", "properties": { "gml_id": "id7e18ef36-e191-4074-8fe8-e09fcfa1081f", "lokalid": "5780978e-3334-4382-be00-02b564640506", "navnerom": "https://data.geonorge.no/sosi/samferdsel/hovedled_og_biled", "versjonId": 20210101, "datauttaksdato": "2026-01-01T23:00:58", "farlednavn": "Follafoss", "farlednummer": 2523, "farledtype": "Biled" }, "geometry": { "type": "LineString", "coordinates": [ [ 11.065100000722039, 63.894849595749136 ], [ 11.106507857446015, 63.980632036421497 ] ] } },
{ "type": "Feature", "properties": { "gml_id": "idaa3eb223-9951-4aef-8b97-56d8972a20be", "lokalid": "d5eb9dcd-96c1-421f-b223-5ac1a506a7e6", "navnerom": "https://data.geonorge.no/sosi/samferdsel/hovedled_og_biled", "versjonId": 20210101, "datauttaksdato": "2026-01-01T23:00:58", "farlednavn": "Strindfjorden - Åsenfjorden", "farlednummer": 2514, "farledtype": "Biled" }, "geometry": { "type": "LineString", "coordinates": [ [ 10.272117704513866, 63.472155406099446 ], [ 10.316979843910429, 63.478983990781998 ], [ 10.785991684026003, 63.549344901421463 ], [ 10.899034664728696, 63.548407425149023 ] ] } },
{ "type": "Feature", "properties": { "gml_id": "idccc7f3f7-4b4f-4d38-96f4-cf602355ce6a", "lokalid": "ee50c64e-f675-46bc-9cda-7abc53b95212", "navnerom": "https://data.geonorge.no/sosi/samferdsel/hovedled_og_biled", "versjonId": 20210101, "datauttaksdato": "2026-01-01T23:00:58", "farlednavn": "Ivarholmsleden", "farlednummer": 1556, "farledtype": "Hovedled" }, "geometry": { "type": "LineString", "coordinates": [ [ 11.352027481157997, 64.905524283707962 ], [ 11.37224251885452, 64.910273074816089 ], [ 11.392773755208585, 64.917284133859866 ], [ 11.415611468942714, 64.925567021841019 ], [ 11.457385312656864, 64.93975129978088 ], [ 11.463638555273731, 64.941872299618936 ], [ 11.513235697036823, 64.955036159502185 ], [ 11.528058795298834, 64.95968370163493 ], [ 11.540148540276387, 64.964233728835509 ], [ 11.549460374210931, 64.973443278939428 ], [ 11.552019904929786, 64.978655884394271 ], [ 11.556940080752593, 64.980965838645602 ], [ 11.580519027327805, 65.003750311264341 ], [ 11.603797655552123, 65.014822437710748 ], [ 11.632725288233997, 65.023508716869728 ], [ 11.68746863145714, 65.038942587164328 ] ] } },
{ "type": "Feature", "properties": { "gml_id": "id682d64b7-b391-44f9-b889-fdd0682ae06a", "lokalid": "2d864d97-c0da-4aac-bf48-8d9d084e0cfb", "navnerom": "https://data.geonorge.no/sosi/samferdsel/hovedled_og_biled", "versjonId": 20210101, "datauttaksdato": "2026-01-01T23:00:58", "farlednavn": "Korsnesstrømmen", "farlednummer": 2562, "farledtype": "Biled" }, "geometry": { "type": "LineString", "coordinates": [ [ 11.48959912646618, 64.751142206985307 ], [ 11.489719102555974, 64.75121992467993 ], [ 11.578598269270259, 64.808646276021364 ], [ 11.617488943819524, 64.825449810153472 ], [ 11.646190929662046, 64.837831294708522 ], [ 11.666222514386909, 64.86366707227667 ], [ 11.68560356890101, 64.873178307307469 ] ] } },
{ "type": "Feature", "properties": { "gml_id": "id4183f4e5-1660-495a-a396-fde15508d588", "lokalid": "dbe8b320-d70a-4016-8fec-6f3cb2cefb59", "navnerom": "https://data.geonorge.no/sosi/samferdsel/hovedled_og_biled", "versjonId": 20210101, "datauttaksdato": "2026-01-01T23:00:58", "farlednavn": "Indre Foldenfjorden", "farlednummer": 2563, "farledtype": "Biled" }, "geometry": { "type": "LineString", "coordinates": [ [ 11.68560356890101, 64.873178307307469 ], [ 11.704623325112189, 64.876524493078762 ], [ 11.738820984009203, 64.884034622766819 ], [ 11.767211078609281, 64.892620527619187 ], [ 11.772841894206833, 64.894594824395696 ], [ 11.879387807254862, 64.917903989671032 ], [ 11.95451813658886, 64.936196556569698 ], [ 12.010689171467282, 64.944089205327813 ], [ 12.070395417280267, 64.959086971709638 ], [ 12.099945956185675, 64.965209582751115 ], [ 12.117647013598381, 64.966560911831323 ], [ 12.152511346893389, 64.965415998711279 ], [ 12.157594334514824, 64.964605642247705 ], [ 12.165439099423677, 64.959017059333775 ], [ 12.180257159584299, 64.957273321479917 ], [ 12.185599831879134, 64.955153999781373 ], [ 12.186378018843898, 64.954585075273258 ], [ 12.186649342581013, 64.952002002596558 ], [ 12.187342279834713, 64.950811397386332 ], [ 12.187884789099094, 64.950408790755844 ], [ 12.195015499006935, 64.947135906831306 ], [ 12.207072221618525, 64.943480679707022 ], [ 12.219417869598251, 64.942736387787633 ], [ 12.288139167071087, 64.938158716816162 ], [ 12.375741924308871, 64.922864301534574 ], [ 12.393620579484852, 64.914647296469468 ], [ 12.435117923556934, 64.892547482383705 ] ] } },
{ "type": "Feature", "properties": { "gml_id": "idf51a58d7-4de5-404b-af68-d9fe1c22961d", "lokalid": "0fa787ae-9664-4797-ba91-7e09c6c35569", "navnerom": "https://data.geonorge.no/sosi/samferdsel/hovedled_og_biled", "versjonId": 20210101, "datauttaksdato": "2026-01-01T23:00:58", "farlednavn": "Strindfjorden - Stjørdalsfjorden", "farlednummer": 2513, "farledtype": "Biled" }, "geometry": { "type": "LineString", "coordinates": [ [ 10.272117704513866, 63.472155406099446 ], [ 10.328405345381865, 63.470839412495494 ], [ 10.453453527200026, 63.467835996863606 ], [ 10.779759077909819, 63.451004433870061 ], [ 10.849164017703146, 63.453339908876366 ] ] } },
{ "type": "Feature", "properties": { "gml_id": "idaa626fe1-3bb2-48b4-87e9-6464eca9ff0b", "lokalid": "96563abc-e0e9-464f-92ba-8ffa19b88874", "navnerom": "https://data.geonorge.no/sosi/samferdsel/hovedled_og_biled", "versjonId": 20210101, "datauttaksdato": "2026-01-01T23:00:58", "farlednavn": "Ferge Kvamsøy - Larsnes", "farlednummer": 2365, "farledtype": "Biled" }, "geometry": { "type": "LineString", "coordinates": [ [ 5.42395989128567, 62.197700967264488 ], [ 5.475048819237165, 62.208131521605317 ], [ 5.481576027246914, 62.212847386519194 ], [ 5.485611158024482, 62.206457711679334 ], [ 5.502079580278581, 62.201358478419031 ], [ 5.50191681994471, 62.201188351895858 ], [ 5.498478722484015, 62.197594179862378 ], [ 5.51226203131478, 62.199047820767831 ], [ 5.512914924504029, 62.199116640317868 ], [ 5.566207900058093, 62.204692848193545 ] ] } },
{ "type": "Feature", "properties": { "gml_id": "idbd19151d-f0fa-48e8-aab6-9f7b2505d045", "lokalid": "f9e34817-3b8d-4b4f-982a-a95a689d6067", "navnerom": "https://data.geonorge.no/sosi/samferdsel/hovedled_og_biled", "versjonId": 20210101, "datauttaksdato": "2026-01-01T23:00:58", "farlednavn": "Innseilingsled Grip", "farlednummer": 1135, "farledtype": "Hovedled" }, "geometry": { "type": "LineString", "coordinates": [ [ 7.22042347393104, 63.264484543977154 ], [ 7.600698454654134, 63.255209077126324 ], [ 7.601038660560199, 63.2551244856799 ], [ 7.837625494000078, 63.195974966498305 ] ] } },
{ "type": "Feature", "properties": { "gml_id": "ide5e440fa-4bae-4663-afd5-fa13a7119886", "lokalid": "d7a457ae-db2a-459a-9d6c-db12469dcefe", "navnerom": "https://data.geonorge.no/sosi/samferdsel/hovedled_og_biled", "versjonId": 20210101, "datauttaksdato": "2026-01-01T23:00:58", "farlednavn": "Flåvær - Breisundet", "farlednummer": 1532, "farledtype": "Hovedled" }, "geometry": { "type": "LineString", "coordinates": [ [ 5.641223744440435, 62.315287054045314 ], [ 5.632062824037403, 62.315170356575855 ], [ 5.602371130726295, 62.322053705311632 ], [ 5.576751616099084, 62.321664749735341 ], [ 5.565778807877273, 62.312433301147443 ], [ 5.586511908739577, 62.310575220867605 ], [ 5.604498677929279, 62.308349668694625 ], [ 5.609465551695002, 62.308514850101751 ], [ 5.626032176412042, 62.312059210995344 ], [ 5.641223744440435, 62.315287054045314 ] ] } },
{ "type": "Feature", "properties": { "gml_id": "id645338bd-5fa3-47ad-a2c1-6d7358eb5039", "lokalid": "a34f6598-65e5-49f1-8a51-356146001702", "navnerom": "https://data.geonorge.no/sosi/samferdsel/hovedled_og_biled", "versjonId": 20210101, "datauttaksdato": "2026-01-01T23:00:58", "farlednavn": "Breisunddjupet", "farlednummer": 1123, "farledtype": "Hovedled" }, "geometry": { "type": "LineString", "coordinates": [ [ 5.395099454464012, 62.495033852710613 ], [ 5.395370204239447, 62.495031726253124 ], [ 5.63895545138951, 62.492917580862475 ], [ 5.691216371057488, 62.516394096322166 ], [ 5.873773194608202, 62.452241485625066 ], [ 5.879177832859204, 62.43081507900326 ] ] } },
{ "type": "Feature", "properties": { "gml_id": "id781571a9-0cd4-4395-8866-14e06decdd50", "lokalid": "96da77cc-7af7-46f9-8439-8e8c61e12de3", "navnerom": "https://data.geonorge.no/sosi/samferdsel/hovedled_og_biled", "versjonId": 20210101, "datauttaksdato": "2026-01-01T23:00:58", "farlednavn": "Hjørungavåg", "farlednummer": 2385, "farledtype": "Biled" }, "geometry": { "type": "LineString", "coordinates": [ [ 6.116939942701426, 62.363217922831474 ], [ 6.116797849906308, 62.363173363427101 ], [ 6.090068539154305, 62.354786409631416 ] ] } },
{ "type": "Feature", "properties": { "gml_id": "idfb4855c6-35d8-41fd-bfc5-b225d17e68da", "lokalid": "5954d141-f32d-4c33-9b7d-ed6795e6c229", "navnerom": "https://data.geonorge.no/sosi/samferdsel/hovedled_og_biled", "versjonId": 20210101, "datauttaksdato": "2026-01-01T23:00:58", "farlednavn": "Runde - Ulsteinfjorden", "farlednummer": 2382, "farledtype": "Biled" }, "geometry": { "type": "LineString", "coordinates": [ [ 5.670283669043951, 62.404073818429424 ], [ 5.708423894374214, 62.392639776960138 ], [ 5.722825443501891, 62.388522452752092 ], [ 5.742948846930218, 62.38276478822155 ], [ 5.753137616548987, 62.374728723301203 ], [ 5.76660437683802, 62.363886988710775 ], [ 5.778504006368768, 62.362752885394329 ] ] } },
{ "type": "Feature", "properties": { "gml_id": "id5e0fc2bc-6d11-4e79-9f8f-3c9098df55c7", "lokalid": "5e7a0576-4401-426a-aea4-5170efd91c5e", "navnerom": "https://data.geonorge.no/sosi/samferdsel/hovedled_og_biled", "versjonId": 20210101, "datauttaksdato": "2026-01-01T23:00:58", "farlednavn": "Vest av Runde - Fosnavåg", "farlednummer": 2383, "farledtype": "Biled" }, "geometry": { "type": "LineString", "coordinates": [ [ 5.395294449301569, 62.495074906560646 ], [ 5.395370204239447, 62.495031726253124 ], [ 5.513867588649119, 62.427278410888505 ], [ 5.514051852271058, 62.427172725675469 ], [ 5.514115059118574, 62.427136472911123 ], [ 5.560649749116345, 62.395334569077015 ], [ 5.599489424824805, 62.370788989486933 ], [ 5.610105372978466, 62.355042951339875 ], [ 5.626105847102729, 62.347135883605276 ], [ 5.626165679694801, 62.347106304070898 ], [ 5.632406994799513, 62.344125206266519 ] ] } },
{ "type": "Feature", "properties": { "gml_id": "idfec0dbfc-4531-48c6-a1c0-41c8a247df50", "lokalid": "c9a0311c-09e1-47ef-8597-4df2de545a4a", "navnerom": "https://data.geonorge.no/sosi/samferdsel/hovedled_og_biled", "versjonId": 20210101, "datauttaksdato": "2026-01-01T23:00:58", "farlednavn": "Ingesundvaulen - Voldsundvaulen", "farlednummer": 2379, "farledtype": "Biled" }, "geometry": { "type": "LineString", "coordinates": [ [ 5.843515459031031, 62.42594252137345 ], [ 5.753801637862065, 62.40413142042042 ], [ 5.722825443501891, 62.388522452752092 ], [ 5.697590430952418, 62.375789748842536 ], [ 5.683398787241172, 62.368728710580896 ], [ 5.66583766895546, 62.362342592864756 ], [ 5.626105847102729, 62.347135883605276 ], [ 5.620743335938042, 62.34508145745658 ], [ 5.595944738894968, 62.335908146718864 ], [ 5.576996026632306, 62.326856446588032 ], [ 5.565778807877273, 62.312433301147443 ] ] } },
{ "type": "Feature", "properties": { "gml_id": "id1e461b3f-3112-42f6-9091-46cc2ede7137", "lokalid": "d2c17e13-9121-4f08-8e26-8548c85802c9", "navnerom": "https://data.geonorge.no/sosi/samferdsel/hovedled_og_biled", "versjonId": 20210101, "datauttaksdato": "2026-01-01T23:00:58", "farlednavn": "Øst Om Kalvøya", "farlednummer": 2421, "farledtype": "Biled" }, "geometry": { "type": "LineString", "coordinates": [ [ 6.18273883332849, 62.513944530726896 ], [ 6.212189707255724, 62.528931230122879 ], [ 6.234608141670702, 62.539105081041043 ], [ 6.237769110401588, 62.539928872744966 ], [ 6.239561955218306, 62.540142939816036 ], [ 6.242212334121464, 62.540411118089288 ], [ 6.245871419371641, 62.540591625490251 ], [ 6.2495598353582, 62.540673040809168 ], [ 6.253813513344536, 62.540689147640691 ], [ 6.256746828927946, 62.540369815356208 ], [ 6.259480326200991, 62.539987413424875 ], [ 6.261536517073736, 62.539310195881924 ], [ 6.263772882780707, 62.538392193312106 ], [ 6.265809353750583, 62.537411154910515 ], [ 6.266944411582128, 62.536524614595727 ], [ 6.26826408153164, 62.535253979611703 ] ] } },
{ "type": "Feature", "properties": { "gml_id": "idc95e2954-ecb3-4106-b339-14a9ba9cee15", "lokalid": "0ff5279f-9c3a-40d6-b56e-99185fee3cd3", "navnerom": "https://data.geonorge.no/sosi/samferdsel/hovedled_og_biled", "versjonId": 20210101, "datauttaksdato": "2026-01-01T23:00:58", "farlednavn": "Vigrafjorden - Søviknes", "farlednummer": 2423, "farledtype": "Biled" }, "geometry": { "type": "LineString", "coordinates": [ [ 6.185400209050106, 62.559713309023493 ], [ 6.213812576712896, 62.550999834087257 ], [ 6.229137581842379, 62.546295359122148 ], [ 6.248392990390732, 62.543574166841836 ], [ 6.253962600016583, 62.543936678909759 ], [ 6.257272778500091, 62.545073255881555 ], [ 6.257277659509319, 62.545076773279661 ], [ 6.259842493994848, 62.547306382447324 ] ] } },
{ "type": "Feature", "properties": { "gml_id": "id4f5c3be0-8e68-4dea-915a-cffd3bd037ac", "lokalid": "85cb49a2-ecae-4f94-952c-74945dee7f01", "navnerom": "https://data.geonorge.no/sosi/samferdsel/hovedled_og_biled", "versjonId": 20210101, "datauttaksdato": "2026-01-01T23:00:58", "farlednavn": "Heissafjorden", "farlednummer": 1124, "farledtype": "Hovedled" }, "geometry": { "type": "LineString", "coordinates": [ [ 6.039052495207113, 62.45252803123654 ], [ 6.058686113144764, 62.45076302216026 ], [ 6.082715641811156, 62.448598739430786 ], [ 6.112385966600632, 62.448701687450587 ], [ 6.164217823562184, 62.455443100362359 ], [ 6.175221916130469, 62.459089264026616 ], [ 6.175684413486226, 62.462206153037123 ], [ 6.175746768628027, 62.464332722496152 ], [ 6.172170069445165, 62.46551025592855 ], [ 6.145153077981689, 62.464558893921932 ] ] } },
{ "type": "Feature", "properties": { "gml_id": "id2948cd33-de9b-4250-a350-dce1f446b072", "lokalid": "d52125e4-76bd-4084-b721-036d837f8951", "navnerom": "https://data.geonorge.no/sosi/samferdsel/hovedled_og_biled", "versjonId": 20210101, "datauttaksdato": "2026-01-01T23:00:58", "farlednavn": "Borgundfjorden - Eidssundet", "farlednummer": 2413, "farledtype": "Biled" }, "geometry": { "type": "LineString", "coordinates": [ [ 6.234705200454519, 62.454787631477487 ], [ 6.262343228187882, 62.445792594050836 ], [ 6.265080018210323, 62.445346278543568 ], [ 6.296937670799782, 62.440150939612074 ], [ 6.298634892656055, 62.437223110351809 ], [ 6.29384311687937, 62.433598081262907 ], [ 6.298033125928586, 62.433101678302513 ], [ 6.317734730788145, 62.430767568155041 ] ] } },
{ "type": "Feature", "properties": { "gml_id": "id08c86c95-c048-46b9-ba31-222c5ca43fc7", "lokalid": "82bb69c5-8cff-44e3-a2d7-ed86b9ee44bc", "navnerom": "https://data.geonorge.no/sosi/samferdsel/hovedled_og_biled", "versjonId": 20210101, "datauttaksdato": "2026-01-01T23:00:58", "farlednavn": "Valderhaugfjorden", "farlednummer": 1125, "farledtype": "Hovedled" }, "geometry": { "type": "LineString", "coordinates": [ [ 6.059243195666825, 62.472209256131848 ], [ 6.12357062360253, 62.4808787042207 ], [ 6.133208385251231, 62.478725034132573 ], [ 6.146162705027847, 62.475828673157771 ] ] } },
{ "type": "Feature", "properties": { "gml_id": "id95af158d-408e-4fbe-9c19-aba200720272", "lokalid": "3374c068-8f0b-4d4b-9ed9-9d63f65eaaa7", "navnerom": "https://data.geonorge.no/sosi/samferdsel/hovedled_og_biled", "versjonId": 20210101, "datauttaksdato": "2026-01-01T23:00:58", "farlednavn": "Marstein - Møkstrafjorden", "farlednummer": 2230, "farledtype": "Biled" }, "geometry": { "type": "LineString", "coordinates": [ [ 4.947922072009527, 60.13673485057646 ], [ 5.012578386786596, 60.111723023251059 ], [ 5.091722334288815, 60.08100869143172 ], [ 5.136461015160331, 60.056967591271004 ], [ 5.167873532683214, 60.040056333494221 ] ] } },
{ "type": "Feature", "properties": { "gml_id": "id524e0a6c-ea4d-4c63-98bc-3d1fdb4b4537", "lokalid": "5fd73173-6a99-4412-b73c-07a75869b478", "navnerom": "https://data.geonorge.no/sosi/samferdsel/hovedled_og_biled", "versjonId": 20210101, "datauttaksdato": "2026-01-01T23:00:58", "farlednavn": "Moldefjorden", "farlednummer": 1129, "farledtype": "Hovedled" }, "geometry": { "type": "LineString", "coordinates": [ [ 6.322417453848152, 62.625026620819519 ], [ 6.411240282694472, 62.627620300626361 ], [ 6.439693835006211, 62.628621400108486 ], [ 6.446536030022116, 62.628886998292792 ], [ 6.509057162107674, 62.63129820390386 ], [ 6.524509701720983, 62.631889784399739 ], [ 6.793012610077138, 62.669525827237401 ], [ 6.796980278245421, 62.670091864928715 ], [ 6.880281937425987, 62.68197589413284 ], [ 6.966314180981224, 62.700038618402935 ], [ 7.095885978862155, 62.727242601211564 ], [ 7.160799787400638, 62.730468922763755 ], [ 7.165393663770668, 62.73484479785354 ] ] } },
{ "type": "Feature", "properties": { "gml_id": "idc5379ae4-c72d-4e1b-897e-1b29eb61d151", "lokalid": "a5145f21-2447-4e10-b5bb-54f6255fc579", "navnerom": "https://data.geonorge.no/sosi/samferdsel/hovedled_og_biled", "versjonId": 20210101, "datauttaksdato": "2026-01-01T23:00:58", "farlednavn": "Frænfjorden", "farlednummer": 2463, "farledtype": "Biled" }, "geometry": { "type": "LineString", "coordinates": [ [ 6.970830739642994, 62.825951174529912 ], [ 7.041454123678458, 62.832550802342666 ], [ 7.081351247867164, 62.836756337948778 ], [ 7.10891112549733, 62.843101781957756 ], [ 7.11165376869506, 62.847324458553608 ] ] } },
{ "type": "Feature", "properties": { "gml_id": "idfb3db80b-614f-4e06-b985-b0b44107186b", "lokalid": "f1e22a1b-53d1-432a-a80b-95b9f3ff2fcf", "navnerom": "https://data.geonorge.no/sosi/samferdsel/hovedled_og_biled", "versjonId": 20210101, "datauttaksdato": "2026-01-01T23:00:58", "farlednavn": "Nærbøvågen", "farlednummer": 2462, "farledtype": "Biled" }, "geometry": { "type": "LineString", "coordinates": [ [ 6.965289041925255, 62.8026523261439 ], [ 6.922923633460149, 62.811586921767137 ] ] } },
{ "type": "Feature", "properties": { "gml_id": "id5435f0be-aa22-4897-aa57-b175bc31b03d", "lokalid": "717085c5-a111-4a12-a319-5f1e8ed4ab00", "navnerom": "https://data.geonorge.no/sosi/samferdsel/hovedled_og_biled", "versjonId": 20210101, "datauttaksdato": "2026-01-01T23:00:58", "farlednavn": "Grunnefjorden", "farlednummer": 2460, "farledtype": "Biled" }, "geometry": { "type": "LineString", "coordinates": [ [ 6.55009884695346, 62.754436476922848 ], [ 6.714851465352235, 62.764045279227666 ], [ 6.825993081471102, 62.754481398292555 ], [ 6.95253769895579, 62.776279970747559 ], [ 6.959292075473981, 62.777439403998677 ] ] } },
{ "type": "Feature", "properties": { "gml_id": "id956fa742-64f6-4378-8880-ed7a65095079", "lokalid": "bbc7fdfa-f3b1-4c21-86eb-7785f137853f", "navnerom": "https://data.geonorge.no/sosi/samferdsel/hovedled_og_biled", "versjonId": 20210101, "datauttaksdato": "2026-01-01T23:00:58", "farlednavn": "Ferge Solholm - Mordalsvågen", "farlednummer": 2445, "farledtype": "Biled" }, "geometry": { "type": "LineString", "coordinates": [ [ 6.939192452734924, 62.718705825019562 ], [ 6.954312594096097, 62.722449861781605 ], [ 6.964104009481193, 62.7248730442886 ], [ 6.977633258252147, 62.728207296664344 ] ] } },
{ "type": "Feature", "properties": { "gml_id": "id5f752da5-ed23-4771-b1c4-62590ceb7fe1", "lokalid": "fbf697c9-786f-45c8-938f-28be66f98abf", "navnerom": "https://data.geonorge.no/sosi/samferdsel/hovedled_og_biled", "versjonId": 20210101, "datauttaksdato": "2026-01-01T23:00:58", "farlednavn": "Fannefjorden", "farlednummer": 2444, "farledtype": "Biled" }, "geometry": { "type": "LineString", "coordinates": [ [ 7.160799787400638, 62.730468922763755 ], [ 7.178983655769294, 62.732033635405465 ], [ 7.269651321906517, 62.739798032031153 ], [ 7.514792832708187, 62.774542438895487 ], [ 7.640868192751, 62.785883921006459 ] ] } },
{ "type": "Feature", "properties": { "gml_id": "id080ec06a-9e1a-4828-bc87-c71322772bf6", "lokalid": "abb45e34-9d87-4918-82de-c40c0c89d703", "navnerom": "https://data.geonorge.no/sosi/samferdsel/hovedled_og_biled", "versjonId": 20210101, "datauttaksdato": "2026-01-01T23:00:58", "farlednavn": "Romsdalsfjorden", "farlednummer": 1130, "farledtype": "Hovedled" }, "geometry": { "type": "LineString", "coordinates": [ [ 6.966314180981224, 62.700038618402935 ], [ 7.076081790671335, 62.674342495469368 ], [ 7.089822639520278, 62.671405848892654 ], [ 7.110747559264437, 62.666930081056442 ], [ 7.126296141077901, 62.663601347736567 ], [ 7.168616228284583, 62.654528477158465 ], [ 7.320246292673446, 62.624173574066226 ], [ 7.383901002741668, 62.611361964349442 ], [ 7.414496654348627, 62.581281093438506 ], [ 7.457644904630362, 62.558699439745382 ], [ 7.546451607199897, 62.544536526236385 ], [ 7.67928141221731, 62.572634347940983 ] ] } },
{ "type": "Feature", "properties": { "gml_id": "id64cbd5aa-d770-4d34-b12f-96d20133adc0", "lokalid": "b9a13d9d-f8c6-4d51-b0fa-1db4e590ec2b", "navnerom": "https://data.geonorge.no/sosi/samferdsel/hovedled_og_biled", "versjonId": 20210101, "datauttaksdato": "2026-01-01T23:00:58", "farlednavn": "Reksundet", "farlednummer": 2472, "farledtype": "Biled" }, "geometry": { "type": "LineString", "coordinates": [ [ 7.514027110686067, 63.065782339450166 ], [ 7.498463088669737, 63.067736040591775 ], [ 7.49429454417965, 63.069101004154355 ], [ 7.492529756994926, 63.069387141373568 ], [ 7.488341248251186, 63.069701549428771 ], [ 7.473351258885602, 63.072122990908618 ], [ 7.465719432132744, 63.083371951846878 ] ] } },
{ "type": "Feature", "properties": { "gml_id": "id37478b00-9379-453e-83cd-cc9974d1be8c", "lokalid": "552cac59-b21d-4a3f-b019-ce447c6d220e", "navnerom": "https://data.geonorge.no/sosi/samferdsel/hovedled_og_biled", "versjonId": 20210101, "datauttaksdato": "2026-01-01T23:00:58", "farlednavn": "Ånskjerflua - Pintelen", "farlednummer": 2497, "farledtype": "Biled" }, "geometry": { "type": "LineString", "coordinates": [ [ 8.226277546405845, 63.376041875665933 ], [ 8.272498253653133, 63.37830672825072 ] ] } },
{ "type": "Feature", "properties": { "gml_id": "id42ebd053-ac4a-4a86-9d56-1f82ddee30e7", "lokalid": "caf80d24-08ce-43e2-9121-e2779f720764", "navnerom": "https://data.geonorge.no/sosi/samferdsel/hovedled_og_biled", "versjonId": 20210101, "datauttaksdato": "2026-01-01T23:00:58", "farlednavn": "Hurtigbåt Sistranda", "farlednummer": 2534, "farledtype": "Biled" }, "geometry": { "type": "LineString", "coordinates": [ [ 8.907971118797811, 63.927094089454641 ], [ 8.905059465998535, 63.91717241152508 ], [ 8.90437556410472, 63.914380406364316 ], [ 8.90230704638746, 63.906084904636664 ], [ 8.900070931233877, 63.898209555282904 ], [ 8.895762742858579, 63.890503192092197 ], [ 8.889443108479954, 63.883071254340273 ], [ 8.881199994925222, 63.876015344789842 ], [ 8.865760737167539, 63.860649097285169 ], [ 8.837238356330449, 63.824759124704272 ], [ 8.823850967110674, 63.807881213319831 ] ] } },
{ "type": "Feature", "properties": { "gml_id": "id560163c9-8e34-4f33-a78d-9d4e66e97ca8", "lokalid": "47fcf778-a485-4fb8-901b-0f61a871dc46", "navnerom": "https://data.geonorge.no/sosi/samferdsel/hovedled_og_biled", "versjonId": 20210101, "datauttaksdato": "2026-01-01T23:00:58", "farlednavn": "Soleimsundet", "farlednummer": 2482, "farledtype": "Biled" }, "geometry": { "type": "LineString", "coordinates": [ [ 8.205366847758008, 63.148142346617739 ], [ 8.193748315013517, 63.159364625521057 ], [ 8.191683889815708, 63.160694254466115 ], [ 8.186312764783414, 63.162517160565109 ], [ 8.179436109981609, 63.167319172927314 ], [ 8.176767764059912, 63.171989614227364 ], [ 8.178958269495205, 63.174317990030005 ], [ 8.180312227179018, 63.178739659591294 ], [ 8.179184460163642, 63.187578510475049 ], [ 8.160624469805301, 63.209369470414899 ], [ 8.154673212038812, 63.211061867307372 ], [ 8.154443148599796, 63.216529269836407 ], [ 8.154131673371621, 63.223925781243651 ], [ 8.146003795301398, 63.234234056102551 ], [ 8.133008905497492, 63.242400848243157 ], [ 8.116278902415933, 63.252906261881868 ], [ 8.110497001005967, 63.26248609923266 ] ] } },
{ "type": "Feature", "properties": { "gml_id": "id39c2d891-381d-47c6-b6f8-9b71d51c33ae", "lokalid": "5dc0d74e-6ba8-48ab-99cf-364b0acbf5f1", "navnerom": "https://data.geonorge.no/sosi/samferdsel/hovedled_og_biled", "versjonId": 20210101, "datauttaksdato": "2026-01-01T23:00:58", "farlednavn": "Trondheimsleia - Soleimsundet (uværsled hurtigbåt)", "farlednummer": 2482, "farledtype": "Biled" }, "geometry": { "type": "LineString", "coordinates": [ [ 8.154443148599796, 63.216529269836407 ], [ 8.177045843586919, 63.221228103666647 ], [ 8.188002480433736, 63.222795863991188 ], [ 8.208670471562357, 63.227227307373667 ], [ 8.221962563086883, 63.231239479483136 ], [ 8.224442635237937, 63.241648763825523 ], [ 8.227801047978263, 63.260617377281591 ], [ 8.23513991361332, 63.267900783432729 ], [ 8.233983461284245, 63.280254878292943 ], [ 8.232850952078682, 63.29233966794169 ] ] } },
{ "type": "Feature", "properties": { "gml_id": "ida52481d4-088a-455e-ae6c-b27072f59a84", "lokalid": "0027bab5-2025-43f4-a971-4c68ac1dbf20", "navnerom": "https://data.geonorge.no/sosi/samferdsel/hovedled_og_biled", "versjonId": 20210101, "datauttaksdato": "2026-01-01T23:00:58", "farlednavn": "Hustadvika", "farlednummer": 1541, "farledtype": "Hovedled" }, "geometry": { "type": "LineString", "coordinates": [ [ 6.86900253946269, 62.970780695100792 ], [ 6.97009639295131, 63.003846472475026 ], [ 7.009448510751082, 63.016678578276512 ], [ 7.126331915313055, 63.055797980778671 ], [ 7.24030129190906, 63.055130097564344 ], [ 7.32494017146822, 63.054634096679024 ], [ 7.463506745894915, 63.082739700491999 ], [ 7.465719432132744, 63.083371951846878 ], [ 7.482297735054428, 63.08811404289635 ], [ 7.530599814250985, 63.10191084179344 ], [ 7.641457160659078, 63.13358716796639 ], [ 7.669606358716734, 63.141679720653173 ], [ 7.837625494000078, 63.195974966498305 ] ] } },
{ "type": "Feature", "properties": { "gml_id": "id0034d133-f9f4-460e-8085-6b3a59cfe184", "lokalid": "81fd43ed-3d64-46ff-9ccd-19db21c5888d", "navnerom": "https://data.geonorge.no/sosi/samferdsel/hovedled_og_biled", "versjonId": 20210101, "datauttaksdato": "2026-01-01T23:00:58", "farlednavn": "Storfjorden - Veøyfjorden", "farlednummer": 2442, "farledtype": "Biled" }, "geometry": { "type": "LineString", "coordinates": [ [ 6.966314180981224, 62.700038618402935 ], [ 7.093505411012796, 62.695769029612919 ], [ 7.118542940522067, 62.694914751508044 ], [ 7.156113471618431, 62.692343234108947 ], [ 7.219628660636476, 62.687971832104068 ], [ 7.265102489794975, 62.685884824607101 ], [ 7.394760660295942, 62.679851079047381 ], [ 7.438931559541139, 62.693504871981098 ] ] } },
{ "type": "Feature", "properties": { "gml_id": "ide848f210-f68c-4bd7-aa96-e4e224c5f0a9", "lokalid": "af61fb1c-8ed8-4d1d-b30e-4f7d66673baa", "navnerom": "https://data.geonorge.no/sosi/samferdsel/hovedled_og_biled", "versjonId": 20210101, "datauttaksdato": "2026-01-01T23:00:58", "farlednavn": "Ramsøyfjord", "farlednummer": 2496, "farledtype": "Biled" }, "geometry": { "type": "LineString", "coordinates": [ [ 8.003187715362635, 63.751120622406717 ], [ 8.149448770100932, 63.563200637906952 ], [ 8.174218170708279, 63.53110274740974 ], [ 8.272498253653133, 63.37830672825072 ], [ 8.319690593746087, 63.36132821384178 ], [ 8.355217895382733, 63.34852250039625 ] ] } },
{ "type": "Feature", "properties": { "gml_id": "idd451603d-53d8-4802-9205-ca6312fec2b0", "lokalid": "9c62716a-7c17-4c34-aa00-f1116e037279", "navnerom": "https://data.geonorge.no/sosi/samferdsel/hovedled_og_biled", "versjonId": 20210101, "datauttaksdato": "2026-01-01T23:00:58", "farlednavn": "Trondheimsleia - Nerdvika", "farlednummer": 2493, "farledtype": "Biled" }, "geometry": { "type": "LineString", "coordinates": [ [ 8.394023168974655, 63.364609049861613 ], [ 8.319690593746087, 63.36132821384178 ], [ 8.276758156116362, 63.359415314999772 ], [ 8.26302601366141, 63.358800685765019 ], [ 8.20643439062794, 63.348861821987832 ], [ 8.175053900777025, 63.347153485534527 ], [ 8.159424227486124, 63.350504349475962 ] ] } },
{ "type": "Feature", "properties": { "gml_id": "idfcb7f5f0-71e2-4f02-a1c2-3433074b66d5", "lokalid": "74494ab1-248f-4580-9fff-7ca276386a6e", "navnerom": "https://data.geonorge.no/sosi/samferdsel/hovedled_og_biled", "versjonId": 20210101, "datauttaksdato": "2026-01-01T23:00:58", "farlednavn": "Rusbåleia", "farlednummer": 2486, "farledtype": "Biled" }, "geometry": { "type": "LineString", "coordinates": [ [ 7.601038660560199, 63.2551244856799 ], [ 7.659323371234308, 63.364584034704876 ], [ 7.697117808676839, 63.383656249219442 ], [ 7.70223441019766, 63.386203503087572 ], [ 7.706548466489934, 63.389003431098352 ], [ 7.714048342956093, 63.393803453433065 ], [ 7.727815089591765, 63.397253428112826 ], [ 7.740987204891756, 63.400239573427548 ], [ 7.767945641511965, 63.410225736557059 ], [ 7.7820789764614, 63.414725704735659 ], [ 7.802570633015867, 63.425320141680992 ], [ 7.817581613720817, 63.430895127420236 ], [ 7.823495520305932, 63.430395116325194 ] ] } },
{ "type": "Feature", "properties": { "gml_id": "idceb96758-6d0c-402d-b46d-3a15555701f7", "lokalid": "0a0e0300-b82a-48d3-9d34-b10ccda5f28c", "navnerom": "https://data.geonorge.no/sosi/samferdsel/hovedled_og_biled", "versjonId": 20210101, "datauttaksdato": "2026-01-01T23:00:58", "farlednavn": "Veidahøllen - Dyrnes", "farlednummer": 2485, "farledtype": "Biled" }, "geometry": { "type": "LineString", "coordinates": [ [ 7.91575059215447, 63.545072029351452 ], [ 7.894598162261595, 63.52378922587512 ], [ 7.855042621903152, 63.483759117131939 ], [ 7.850581915240022, 63.477064954664876 ], [ 7.840881637444298, 63.464042384752197 ], [ 7.833320612753729, 63.459764566322548 ], [ 7.826714936061219, 63.453650711100273 ], [ 7.823501229046281, 63.451203449897328 ], [ 7.819440017117346, 63.445956283178397 ], [ 7.821490013986005, 63.432347910027623 ], [ 7.823495520305932, 63.430395116325194 ], [ 7.838964623084053, 63.42811414511943 ] ] } },
{ "type": "Feature", "properties": { "gml_id": "idd0b6895f-7533-479b-ab6a-5962c9bad4d6", "lokalid": "29e9c65e-401c-49f1-8a3e-91ae741888c1", "navnerom": "https://data.geonorge.no/sosi/samferdsel/hovedled_og_biled", "versjonId": 20210101, "datauttaksdato": "2026-01-01T23:00:58", "farlednavn": "Veidholmen", "farlednummer": 2490, "farledtype": "Biled" }, "geometry": { "type": "LineString", "coordinates": [ [ 7.894598162261595, 63.52378922587512 ], [ 7.908789912052492, 63.521770114295137 ], [ 7.940505269992403, 63.517015161913292 ], [ 7.942539624584817, 63.517091808734882 ] ] } },
{ "type": "Feature", "properties": { "gml_id": "idbd88dc97-c131-42f8-99a7-c57cad2fdabf", "lokalid": "2e1d1564-71ae-4f80-bab7-89a7bd592cbd", "navnerom": "https://data.geonorge.no/sosi/samferdsel/hovedled_og_biled", "versjonId": 20210101, "datauttaksdato": "2026-01-01T23:00:58", "farlednavn": "Innveien", "farlednummer": 2491, "farledtype": "Biled" }, "geometry": { "type": "LineString", "coordinates": [ [ 8.149448770100932, 63.563200637906952 ], [ 8.028792853447055, 63.524975619144648 ], [ 7.986204329776702, 63.511199328458019 ] ] } },
{ "type": "Feature", "properties": { "gml_id": "idca40ed5b-f454-4e29-8865-42ffbe3a8ecd", "lokalid": "589446f9-95ac-42f9-b0d8-18a410d87c6c", "navnerom": "https://data.geonorge.no/sosi/samferdsel/hovedled_og_biled", "versjonId": 20210101, "datauttaksdato": "2026-01-01T23:00:58", "farlednavn": "Ferge  Koparnes - Årvik", "farlednummer": 2366, "farledtype": "Biled" }, "geometry": { "type": "LineString", "coordinates": [ [ 5.636609973521385, 62.191112081703572 ], [ 5.641157706147185, 62.183596494789676 ], [ 5.64128569122139, 62.183384926478297 ], [ 5.642586146625141, 62.181234989517243 ], [ 5.648165830360999, 62.171731895084854 ], [ 5.64645280826316, 62.170768129236464 ] ] } },
{ "type": "Feature", "properties": { "gml_id": "id8bbdf5bd-957b-4f6a-90c2-0cf4f6dd26e4", "lokalid": "96e305ae-5e48-4431-9765-f736f1c20bd9", "navnerom": "https://data.geonorge.no/sosi/samferdsel/hovedled_og_biled", "versjonId": 20210101, "datauttaksdato": "2026-01-01T23:00:58", "farlednavn": "Buasundet", "farlednummer": 2466, "farledtype": "Biled" }, "geometry": { "type": "LineString", "coordinates": [ [ 6.926106992835692, 62.877589666381908 ], [ 6.891168073116771, 62.909639695407598 ], [ 6.869797538309455, 62.936808729820832 ], [ 6.862104123783891, 62.946575820155168 ], [ 6.86900253946269, 62.970780695100792 ] ] } },
{ "type": "Feature", "properties": { "gml_id": "id367205f3-f518-43e3-b5a7-17c689071923", "lokalid": "cd44a014-cd28-403f-a628-9d28e75aced3", "navnerom": "https://data.geonorge.no/sosi/samferdsel/hovedled_og_biled", "versjonId": 20210101, "datauttaksdato": "2026-01-01T23:00:58", "farlednavn": "Langfjorden", "farlednummer": 2446, "farledtype": "Biled" }, "geometry": { "type": "LineString", "coordinates": [ [ 7.320147249727619, 62.624145158829485 ], [ 7.320246292673446, 62.624173574066226 ], [ 7.49085496260607, 62.672938311533585 ], [ 7.552607121119617, 62.690499323909769 ], [ 7.682214877512087, 62.71566905987477 ], [ 7.872271995343552, 62.747365834611621 ], [ 7.986601392057875, 62.753789440513259 ], [ 8.112180592754667, 62.710177086849619 ] ] } },
{ "type": "Feature", "properties": { "gml_id": "id98c4486b-f2c6-4b69-a0a5-e1c9322d22ad", "lokalid": "6b9d181d-7cfc-46dd-9f53-0d247dbc1a2c", "navnerom": "https://data.geonorge.no/sosi/samferdsel/hovedled_og_biled", "versjonId": 20210101, "datauttaksdato": "2026-01-01T23:00:58", "farlednavn": "Ferge Åfarnes - Sølsnes", "farlednummer": 2443, "farledtype": "Biled" }, "geometry": { "type": "LineString", "coordinates": [ [ 7.505606821098747, 62.665187311320587 ], [ 7.49085496260607, 62.672938311533585 ], [ 7.468923534434698, 62.684352976368878 ] ] } },
{ "type": "Feature", "properties": { "gml_id": "idb0fa40b3-da7a-429f-b381-4b176491a0fa", "lokalid": "96268d6a-04c0-4c31-9643-b5849f52d207", "navnerom": "https://data.geonorge.no/sosi/samferdsel/hovedled_og_biled", "versjonId": 20210101, "datauttaksdato": "2026-01-01T23:00:58", "farlednavn": "Tresfjorden", "farlednummer": 2440, "farledtype": "Biled" }, "geometry": { "type": "LineString", "coordinates": [ [ 7.137005162792579, 62.570723441363675 ], [ 7.111001376988166, 62.609511976158053 ], [ 7.112063393104759, 62.621334378908465 ], [ 7.11306246849971, 62.632450863087307 ], [ 7.112768716450886, 62.636832928492424 ], [ 7.110747559264437, 62.666930081056442 ] ] } },
{ "type": "Feature", "properties": { "gml_id": "id08d0cac0-e788-490c-8c37-f5c4d1cc5440", "lokalid": "34108f80-0e07-4d30-8525-91db3ca8c97d", "navnerom": "https://data.geonorge.no/sosi/samferdsel/hovedled_og_biled", "versjonId": 20210101, "datauttaksdato": "2026-01-01T23:00:58", "farlednavn": "Gursken", "farlednummer": 2370, "farledtype": "Biled" }, "geometry": { "type": "LineString", "coordinates": [ [ 5.513740453364076, 62.24660651513706 ], [ 5.571576606834866, 62.232442555101883 ], [ 5.586801548048634, 62.231870409990762 ], [ 5.636444761934105, 62.222580909434839 ] ] } },
{ "type": "Feature", "properties": { "gml_id": "id7b85b312-8d52-4dd8-9f62-783f6a949cd7", "lokalid": "ea4db246-701f-4306-bac1-fea267a7cc05", "navnerom": "https://data.geonorge.no/sosi/samferdsel/hovedled_og_biled", "versjonId": 20210101, "datauttaksdato": "2026-01-01T23:00:58", "farlednavn": "Ferge Sulesund - Hareid", "farlednummer": 2390, "farledtype": "Biled" }, "geometry": { "type": "LineString", "coordinates": [ [ 6.03589466897208, 62.371538635450612 ], [ 6.059418247413562, 62.375664759358095 ], [ 6.094557465394775, 62.381836042967393 ], [ 6.094698710736387, 62.38186082661732 ], [ 6.102020904127339, 62.383145343577326 ], [ 6.164865403500418, 62.394185446866388 ] ] } },
{ "type": "Feature", "properties": { "gml_id": "id46f39e81-a33a-41a4-b048-557b52463bab", "lokalid": "37b146da-e1a0-4ae9-a94a-81d526f4fcfc", "navnerom": "https://data.geonorge.no/sosi/samferdsel/hovedled_og_biled", "versjonId": 20210101, "datauttaksdato": "2026-01-01T23:00:58", "farlednavn": "Dalasundet", "farlednummer": 2473, "farledtype": "Biled" }, "geometry": { "type": "LineString", "coordinates": [ [ 7.772938937337099, 63.175071558582843 ], [ 7.782756238410548, 63.161196496117 ], [ 7.801903851611669, 63.134092444645475 ] ] } },
{ "type": "Feature", "properties": { "gml_id": "id6418a06b-f121-49b9-96db-3953e78b69e4", "lokalid": "2dcff8c6-ce96-4559-8659-c0b156a04108", "navnerom": "https://data.geonorge.no/sosi/samferdsel/hovedled_og_biled", "versjonId": 20210101, "datauttaksdato": "2026-01-01T23:00:58", "farlednavn": "Sunnylvsfjorden", "farlednummer": 2405, "farledtype": "Biled" }, "geometry": { "type": "LineString", "coordinates": [ [ 6.948409607620075, 62.115842612291459 ], [ 6.922068080434167, 62.10571845248419 ], [ 6.87273994136997, 62.088336278927883 ] ] } },
{ "type": "Feature", "properties": { "gml_id": "id64f90904-feec-4ca8-b45e-969fd84e6349", "lokalid": "3c192b90-d01f-4121-a6cb-7d7a08b368c5", "navnerom": "https://data.geonorge.no/sosi/samferdsel/hovedled_og_biled", "versjonId": 20210101, "datauttaksdato": "2026-01-01T23:00:58", "farlednavn": "Ferge Eidsdal - Linge", "farlednummer": 2411, "farledtype": "Biled" }, "geometry": { "type": "LineString", "coordinates": [ [ 7.172691748402562, 62.263914918794811 ], [ 7.177884579450996, 62.272095405059815 ], [ 7.182323807922305, 62.279040447373873 ], [ 7.185334343556042, 62.283748542852649 ] ] } },
{ "type": "Feature", "properties": { "gml_id": "id0be6f8d0-b127-49e8-bf06-248a1bda2e13", "lokalid": "8348073d-383f-415d-8a21-90abb4ec4d1e", "navnerom": "https://data.geonorge.no/sosi/samferdsel/hovedled_og_biled", "versjonId": 20210101, "datauttaksdato": "2026-01-01T23:00:58", "farlednavn": "Stordalsvika", "farlednummer": 2403, "farledtype": "Biled" }, "geometry": { "type": "LineString", "coordinates": [ [ 6.924687427737677, 62.382276123444406 ], [ 6.957379113392018, 62.380795323499207 ], [ 6.979998547608895, 62.379895362303543 ] ] } },
{ "type": "Feature", "properties": { "gml_id": "id762de431-6b7c-4c0e-a5bf-2b143d1c91cc", "lokalid": "5b7fb00a-22bb-432f-a429-bacfe7cdc136", "navnerom": "https://data.geonorge.no/sosi/samferdsel/hovedled_og_biled", "versjonId": 20210101, "datauttaksdato": "2026-01-01T23:00:58", "farlednavn": "Ørskogvika", "farlednummer": 2402, "farledtype": "Biled" }, "geometry": { "type": "LineString", "coordinates": [ [ 6.706123685927737, 62.460342592167855 ], [ 6.762626349631391, 62.470917523425662 ], [ 6.802983907233808, 62.478205227894883 ] ] } },
{ "type": "Feature", "properties": { "gml_id": "idf18489a7-f389-4e7b-8d91-597a29a238d2", "lokalid": "575ec03a-c093-414e-a735-3f6f7ec7e668", "navnerom": "https://data.geonorge.no/sosi/samferdsel/hovedled_og_biled", "versjonId": 20210101, "datauttaksdato": "2026-01-01T23:00:58", "farlednavn": "Ferge Aursneset - Magerholm", "farlednummer": 2401, "farledtype": "Biled" }, "geometry": { "type": "LineString", "coordinates": [ [ 6.54461378891749, 62.410270490350833 ], [ 6.529331921772521, 62.417213474864901 ], [ 6.515991788607408, 62.42308751093703 ], [ 6.497258452885497, 62.431330119568223 ] ] } },
{ "type": "Feature", "properties": { "gml_id": "id4e4eaedf-b0aa-4bbb-ab21-a05b4c7e179c", "lokalid": "cfcc93ec-430e-49d0-b684-81d59f4576e6", "navnerom": "https://data.geonorge.no/sosi/samferdsel/hovedled_og_biled", "versjonId": 20210101, "datauttaksdato": "2026-01-01T23:00:58", "farlednavn": "Stangvikfjord - Todalsfjord", "farlednummer": 2481, "farledtype": "Biled" }, "geometry": { "type": "LineString", "coordinates": [ [ 8.359898257869165, 62.963506332780341 ], [ 8.435964979874905, 62.913689656578278 ], [ 8.502339829834265, 62.882623039700647 ], [ 8.505649007858281, 62.882047604381327 ], [ 8.538489934922799, 62.876331378472145 ], [ 8.592387119730736, 62.87140357710134 ], [ 8.628953782063784, 62.839159167747411 ], [ 8.691398566371952, 62.8274478952805 ] ] } },
{ "type": "Feature", "properties": { "gml_id": "ida5645632-5bcf-4531-a1c5-ea1507e3dc99", "lokalid": "5877b818-02fa-44a3-956f-38b05cfe2e71", "navnerom": "https://data.geonorge.no/sosi/samferdsel/hovedled_og_biled", "versjonId": 20210101, "datauttaksdato": "2026-01-01T23:00:58", "farlednavn": "Voldafjorden - Austefjord", "farlednummer": 2371, "farledtype": "Biled" }, "geometry": { "type": "LineString", "coordinates": [ [ 5.901167908555539, 62.220939968084956 ], [ 5.901347146279785, 62.220801500261253 ], [ 5.974704592212047, 62.163999056228036 ], [ 5.993600874677002, 62.155679224050857 ], [ 6.048196042374097, 62.131600170598851 ], [ 6.101229389649487, 62.108150957295983 ], [ 6.144909793911169, 62.090012114024645 ], [ 6.229292306429653, 62.083026242699454 ], [ 6.24887785198186, 62.077808031682423 ], [ 6.261959149405984, 62.078951116574572 ], [ 6.269224700676553, 62.083086452636728 ], [ 6.284279008764555, 62.080987861533238 ], [ 6.306831228196409, 62.071041317215894 ], [ 6.312078037362744, 62.062448449530358 ] ] } },
{ "type": "Feature", "properties": { "gml_id": "idffa44ace-9ca1-4ec0-bfe6-4298206388f0", "lokalid": "dc5e05fc-a0f2-42aa-a385-bfa3cee8e5db", "navnerom": "https://data.geonorge.no/sosi/samferdsel/hovedled_og_biled", "versjonId": 20210101, "datauttaksdato": "2026-01-01T23:00:58", "farlednavn": "Ferge Folkestad - Lauvstad", "farlednummer": 2372, "farledtype": "Biled" }, "geometry": { "type": "LineString", "coordinates": [ [ 6.033351497118025, 62.121078695870317 ], [ 6.048196042374097, 62.131600170598851 ], [ 6.064593168243811, 62.143212055058981 ], [ 5.993600874677002, 62.155679224050857 ], [ 5.970223411770954, 62.159774222546908 ], [ 5.944537739827882, 62.164267619843137 ] ] } },
{ "type": "Feature", "properties": { "gml_id": "idd00790f2-0538-4df7-8989-96348c1266a8", "lokalid": "ea226b1f-9c4b-4206-9439-08b33e2d5af3", "navnerom": "https://data.geonorge.no/sosi/samferdsel/hovedled_og_biled", "versjonId": 20210101, "datauttaksdato": "2026-01-01T23:00:58", "farlednavn": "Veddevik", "farlednummer": 2417, "farledtype": "Biled" }, "geometry": { "type": "LineString", "coordinates": [ [ 6.234705200454519, 62.454787631477487 ], [ 6.240429303714198, 62.44986198393056 ], [ 6.24126533895993, 62.446045301710384 ], [ 6.241854996190761, 62.442898437388514 ], [ 6.246074110029078, 62.441719482278373 ], [ 6.253354264147968, 62.443370381453313 ], [ 6.260052798910764, 62.446538034081549 ] ] } },
{ "type": "Feature", "properties": { "gml_id": "id36b1770a-ce62-4f56-9e5b-ff7c74161cc1", "lokalid": "b208c742-116c-41ea-b59d-8291cc371575", "navnerom": "https://data.geonorge.no/sosi/samferdsel/hovedled_og_biled", "versjonId": 20210101, "datauttaksdato": "2026-01-01T23:00:58", "farlednavn": "Borgundfjorden", "farlednummer": 2414, "farledtype": "Biled" }, "geometry": { "type": "LineString", "coordinates": [ [ 6.175684413486226, 62.462206153037123 ], [ 6.182112837727849, 62.461399551909125 ], [ 6.234705200454519, 62.454787631477487 ], [ 6.250970975815451, 62.453339756929807 ], [ 6.31462657649774, 62.453895354357954 ], [ 6.343823749084311, 62.458373069897206 ] ] } },
{ "type": "Feature", "properties": { "gml_id": "id5d5aea25-cd85-4f63-9fde-ee9ed6957a68", "lokalid": "3fcd6bbe-0a9b-4d75-8273-d3449c99340f", "navnerom": "https://data.geonorge.no/sosi/samferdsel/hovedled_og_biled", "versjonId": 20210101, "datauttaksdato": "2026-01-01T23:00:58", "farlednavn": "Grytafjorden", "farlednummer": 2420, "farledtype": "Biled" }, "geometry": { "type": "LineString", "coordinates": [ [ 6.170693786189831, 62.505554399268981 ], [ 6.238693155066904, 62.518703640233475 ], [ 6.371476490872932, 62.528842507329365 ], [ 6.441409842255015, 62.52606474289604 ], [ 6.56390778808961, 62.534935776650592 ] ] } },
{ "type": "Feature", "properties": { "gml_id": "ide9d5a759-f2e4-4ffd-9c9a-5c2f707ebe5f", "lokalid": "57385d32-6136-46e1-84b5-b83d4c8e284d", "navnerom": "https://data.geonorge.no/sosi/samferdsel/hovedled_og_biled", "versjonId": 20210101, "datauttaksdato": "2026-01-01T23:00:58", "farlednavn": "Valsøyfjorden", "farlednummer": 2477, "farledtype": "Biled" }, "geometry": { "type": "LineString", "coordinates": [ [ 8.526993576455864, 63.16305343080861 ], [ 8.549398319629278, 63.155114651131505 ], [ 8.552556598680885, 63.152406302972487 ], [ 8.557612219582769, 63.149931332393443 ], [ 8.558620413807997, 63.14860631171522 ], [ 8.557992693039933, 63.147397995854611 ], [ 8.551303719570702, 63.138467447680398 ], [ 8.553648168036428, 63.134945223290288 ], [ 8.571998199787702, 63.125009131087147 ], [ 8.586623693573069, 63.125927628880191 ], [ 8.599403674009862, 63.119703543139458 ], [ 8.622538682030109, 63.099697547764244 ] ] } },
{ "type": "Feature", "properties": { "gml_id": "id98cbe92f-35a9-4af1-8ed6-0c587d0bc5d0", "lokalid": "3b3dde15-faf1-45bb-b4ee-94cdec8e7aba", "navnerom": "https://data.geonorge.no/sosi/samferdsel/hovedled_og_biled", "versjonId": 20210101, "datauttaksdato": "2026-01-01T23:00:58", "farlednavn": "Søndre Flåværled", "farlednummer": 2367, "farledtype": "Biled" }, "geometry": { "type": "LineString", "coordinates": [ [ 5.515979320202469, 62.265714821386204 ], [ 5.417045741935779, 62.280013497401725 ], [ 5.366172805792578, 62.280363502982539 ], [ 5.342013409771198, 62.280952932499488 ] ] } },
{ "type": "Feature", "properties": { "gml_id": "idff76261b-fc30-4599-b54c-6427f05e1b58", "lokalid": "d715ca5b-faa4-47cc-b6c8-4246839bca55", "navnerom": "https://data.geonorge.no/sosi/samferdsel/hovedled_og_biled", "versjonId": 20210101, "datauttaksdato": "2026-01-01T23:00:58", "farlednavn": "Vikan - Pintelen", "farlednummer": 2497, "farledtype": "Biled" }, "geometry": { "type": "LineString", "coordinates": [ [ 8.205354910692138, 63.377476887690285 ], [ 8.226277546405845, 63.376041875665933 ] ] } },
{ "type": "Feature", "properties": { "gml_id": "ide3f77742-32bc-4cef-b8aa-d15109b64831", "lokalid": "1c010764-dbad-4004-b402-2e68434f3cf2", "navnerom": "https://data.geonorge.no/sosi/samferdsel/hovedled_og_biled", "versjonId": 20210101, "datauttaksdato": "2026-01-01T23:00:58", "farlednavn": "Vartdalsfjorden - Haddal", "farlednummer": 2376, "farledtype": "Biled" }, "geometry": { "type": "LineString", "coordinates": [ [ 5.8376367872952, 62.210221799499259 ], [ 5.837668912266546, 62.21045658842332 ], [ 5.84033749060093, 62.229951672310868 ], [ 5.840482072612978, 62.230478115018265 ], [ 5.842386067338936, 62.231246414256717 ], [ 5.845900063519155, 62.232496045898223 ], [ 5.853573604548494, 62.235837587622242 ], [ 5.858013412756686, 62.239368544772546 ], [ 5.857575664008783, 62.243384400474497 ], [ 5.856009936389026, 62.2454131818767 ], [ 5.853353444303962, 62.247357373276259 ], [ 5.844529947097463, 62.248651455316036 ], [ 5.804351503527349, 62.248717547109997 ], [ 5.803048887461353, 62.249853673318817 ], [ 5.835337714074992, 62.268067598205846 ], [ 5.843890458757682, 62.271420342048692 ], [ 5.84890711844398, 62.272448189297933 ], [ 5.860842408072192, 62.281513888365929 ] ] } },
{ "type": "Feature", "properties": { "gml_id": "id353a27c4-d40c-44f0-a6be-27c56c336f5c", "lokalid": "f8aa6a86-fb0f-4fbb-8c84-dd948bbd625e", "navnerom": "https://data.geonorge.no/sosi/samferdsel/hovedled_og_biled", "versjonId": 20210101, "datauttaksdato": "2026-01-01T23:00:58", "farlednavn": "Vanylvsgapet - Vartdalsfjorden", "farlednummer": 1533, "farledtype": "Hovedled" }, "geometry": { "type": "LineString", "coordinates": [ [ 5.44908002729915, 62.195537444126799 ], [ 5.392053873861471, 62.178464902280076 ], [ 5.358910880600579, 62.167981786040805 ] ] } },
{ "type": "Feature", "properties": { "gml_id": "id7608f23c-0737-40fd-974a-280704b212a3", "lokalid": "ac86468c-c1c1-4363-962d-42ccb94cdc5a", "navnerom": "https://data.geonorge.no/sosi/samferdsel/hovedled_og_biled", "versjonId": 20210101, "datauttaksdato": "2026-01-01T23:00:58", "farlednavn": "Vanylvsgapet - Vartdalsfjorden", "farlednummer": 1533, "farledtype": "Hovedled" }, "geometry": { "type": "LineString", "coordinates": [ [ 5.44908002729915, 62.195537444126799 ], [ 5.408293022655537, 62.164201494177341 ], [ 5.368079471079828, 62.164244598718099 ], [ 5.354673157660636, 62.169695275090959 ], [ 5.354493500726495, 62.169789503292037 ], [ 5.253452446421754, 62.222650588015767 ], [ 5.198387571335252, 62.231686348344432 ], [ 5.046517639844323, 62.195696540397869 ] ] } },
{ "type": "Feature", "properties": { "gml_id": "id57fbc6fe-83fd-4045-87e8-cba0841fd529", "lokalid": "cc8b9ba3-89cc-44a7-9220-2a21ac53a335", "navnerom": "https://data.geonorge.no/sosi/samferdsel/hovedled_og_biled", "versjonId": 20210101, "datauttaksdato": "2026-01-01T23:00:58", "farlednavn": "Syltefjorden", "farlednummer": 2363, "farledtype": "Biled" }, "geometry": { "type": "LineString", "coordinates": [ [ 5.430661739729186, 62.093085187686533 ], [ 5.519156421261377, 62.093831077204747 ], [ 5.540379344911441, 62.094119678225852 ] ] } },
{ "type": "Feature", "properties": { "gml_id": "id4252f36b-fb58-4d74-9572-04e5935cc56d", "lokalid": "99fa11b7-2e8b-4dea-a89c-ba76669a16e5", "navnerom": "https://data.geonorge.no/sosi/samferdsel/hovedled_og_biled", "versjonId": 20210101, "datauttaksdato": "2026-01-01T23:00:58", "farlednavn": "Innseiling sør av Vikna", "farlednummer": 1552, "farledtype": "Hovedled" }, "geometry": { "type": "LineString", "coordinates": [ [ 10.753638694147623, 64.653763797649745 ], [ 9.96590684033878, 64.652165477212847 ] ] } },
{ "type": "Feature", "properties": { "gml_id": "id39b76230-5111-40c7-a758-d3e6cfaeeec2", "lokalid": "14f6d607-93da-47e2-9db4-690d498f677e", "navnerom": "https://data.geonorge.no/sosi/samferdsel/hovedled_og_biled", "versjonId": 20210101, "datauttaksdato": "2026-01-01T23:00:58", "farlednavn": "Pintelen - Trondheimsleia", "farlednummer": 2498, "farledtype": "Biled" }, "geometry": { "type": "LineString", "coordinates": [ [ 8.226277546405845, 63.376041875665933 ], [ 8.229329717458908, 63.372813065760795 ], [ 8.276758156116362, 63.359415314999772 ], [ 8.287995158385813, 63.356236843134695 ], [ 8.325620464851422, 63.33623408297872 ] ] } },
{ "type": "Feature", "properties": { "gml_id": "idce168bb6-c413-4185-8b76-039bacaf7738", "lokalid": "f075e701-bb37-446c-a833-75e788f4dd8a", "navnerom": "https://data.geonorge.no/sosi/samferdsel/hovedled_og_biled", "versjonId": 20210101, "datauttaksdato": "2026-01-01T23:00:58", "farlednavn": "Sykkylvsfjorden", "farlednummer": 2400, "farledtype": "Biled" }, "geometry": { "type": "LineString", "coordinates": [ [ 6.508434197094414, 62.421600819803352 ], [ 6.563973687770668, 62.391687051993685 ], [ 6.563752290622399, 62.385931972272047 ] ] } },
{ "type": "Feature", "properties": { "gml_id": "idddfb09b4-18c4-4a5f-917e-c868e7828383", "lokalid": "120b2abb-8b6e-4917-a569-4d934e640d07", "navnerom": "https://data.geonorge.no/sosi/samferdsel/hovedled_og_biled", "versjonId": 20210101, "datauttaksdato": "2026-01-01T23:00:58", "farlednavn": "Eidssundet - Storfjorden", "farlednummer": 2413, "farledtype": "Biled" }, "geometry": { "type": "LineString", "coordinates": [ [ 6.317734730788145, 62.430767568155041 ], [ 6.325418040689211, 62.430659180035889 ], [ 6.336770983323799, 62.431292550435259 ], [ 6.338848790205756, 62.431695368891233 ], [ 6.343092867324631, 62.431515668242355 ], [ 6.347639445991009, 62.43173398579939 ], [ 6.34839586997863, 62.431770292766011 ], [ 6.351785405031115, 62.431875954774775 ], [ 6.353881926313242, 62.432220357530333 ], [ 6.355595866939182, 62.432081434411053 ], [ 6.357784752211843, 62.431995325632592 ], [ 6.362218168586932, 62.432114788901458 ], [ 6.364532072106847, 62.43225924827486 ], [ 6.366437560266124, 62.432059238700511 ], [ 6.367173703868204, 62.432009199984542 ], [ 6.367757094317836, 62.43181203110921 ], [ 6.368220863183316, 62.431553681793936 ], [ 6.369279271294454, 62.430903651077884 ], [ 6.370357029013639, 62.430145303401872 ], [ 6.371465419559001, 62.429103622213326 ], [ 6.372329191794619, 62.428084175166333 ], [ 6.378437599606004, 62.423214732082783 ], [ 6.382937634797813, 62.417939777541505 ], [ 6.390583800822095, 62.401306590162946 ] ] } },
{ "type": "Feature", "properties": { "gml_id": "idede9bde1-80c0-4c41-bed2-27610299585f", "lokalid": "c43c67d4-0fa6-4db2-8203-21b4cbd0e541", "navnerom": "https://data.geonorge.no/sosi/samferdsel/hovedled_og_biled", "versjonId": 20210101, "datauttaksdato": "2026-01-01T23:00:58", "farlednavn": "Boholmen - Ulsteinvik", "farlednummer": 2381, "farledtype": "Biled" }, "geometry": { "type": "LineString", "coordinates": [ [ 5.804212715126575, 62.339767548807188 ], [ 5.808790447750948, 62.337592563225968 ], [ 5.823729369188815, 62.336059247767743 ], [ 5.837144625706595, 62.33689129620128 ], [ 5.841509308961533, 62.340778082606626 ] ] } },
{ "type": "Feature", "properties": { "gml_id": "id96a336d9-fc56-4eb9-b1da-962a8fd3ce36", "lokalid": "858c1d72-ba90-4738-84d6-7afae9730902", "navnerom": "https://data.geonorge.no/sosi/samferdsel/hovedled_og_biled", "versjonId": 20210101, "datauttaksdato": "2026-01-01T23:00:58", "farlednavn": "Håeim", "farlednummer": 2406, "farledtype": "Biled" }, "geometry": { "type": "LineString", "coordinates": [ [ 6.698866164306307, 62.484656894766509 ], [ 6.684328027575106, 62.477075311852388 ], [ 6.66963534210255, 62.453191867311915 ] ] } },
{ "type": "Feature", "properties": { "gml_id": "ide1ef6d06-8858-48bc-95cc-1e04fbfb9bf2", "lokalid": "ed78822b-2f6a-4641-b3f6-f6fb6bafc988", "navnerom": "https://data.geonorge.no/sosi/samferdsel/hovedled_og_biled", "versjonId": 20210101, "datauttaksdato": "2026-01-01T23:00:58", "farlednavn": "Bjørge", "farlednummer": 2419, "farledtype": "Biled" }, "geometry": { "type": "LineString", "coordinates": [ [ 6.364751282778285, 62.495121278620765 ], [ 6.349165092113731, 62.491837804438362 ], [ 6.322830177626274, 62.48904082963994 ], [ 6.306215453195138, 62.48576195193003 ] ] } },
{ "type": "Feature", "properties": { "gml_id": "idb874ac7a-682f-4612-a744-e740b515ea5e", "lokalid": "751f3d31-4927-415d-af45-d6e4dd1baf9c", "navnerom": "https://data.geonorge.no/sosi/samferdsel/hovedled_og_biled", "versjonId": 20210101, "datauttaksdato": "2026-01-01T23:00:58", "farlednavn": "Valderhaugfjorden - Skjong", "farlednummer": 2409, "farledtype": "Biled" }, "geometry": { "type": "LineString", "coordinates": [ [ 6.086134960620269, 62.504669915967348 ], [ 6.083632602790575, 62.501746813956359 ], [ 6.083581988221451, 62.47927537389068 ] ] } },
{ "type": "Feature", "properties": { "gml_id": "id2fe989db-aa5c-4234-9830-1fe022878b47", "lokalid": "4e1db6a8-284b-438f-919e-347e07d7e611", "navnerom": "https://data.geonorge.no/sosi/samferdsel/hovedled_og_biled", "versjonId": 20210101, "datauttaksdato": "2026-01-01T23:00:58", "farlednavn": "Korsnesfjorden - Vinjefjorden", "farlednummer": 2476, "farledtype": "Biled" }, "geometry": { "type": "LineString", "coordinates": [ [ 8.205366847758008, 63.148142346617739 ], [ 8.229078911628065, 63.150832708742414 ], [ 8.264845584615511, 63.153664606365155 ], [ 8.435386478155817, 63.154098970025707 ], [ 8.478212139543039, 63.154175787431306 ], [ 8.526993576455864, 63.16305343080861 ], [ 8.608623281286977, 63.177909068284059 ], [ 8.737512171823985, 63.189684065446478 ], [ 8.831623084388855, 63.198267393210145 ], [ 8.973550163284717, 63.204520041399689 ] ] } },
{ "type": "Feature", "properties": { "gml_id": "id880f1deb-1130-4960-bd74-7ce11f1f737a", "lokalid": "796112b2-d9d7-42f2-bc8f-42a55113b4e0", "navnerom": "https://data.geonorge.no/sosi/samferdsel/hovedled_og_biled", "versjonId": 20210101, "datauttaksdato": "2026-01-01T23:00:58", "farlednavn": "Ulsteinfjorden - Boholmen", "farlednummer": 2380, "farledtype": "Biled" }, "geometry": { "type": "LineString", "coordinates": [ [ 5.804212715126575, 62.339767548807188 ], [ 5.812448891242954, 62.344623157835535 ], [ 5.815901586585385, 62.351467523502485 ], [ 5.795347689247883, 62.37064104118506 ] ] } },
{ "type": "Feature", "properties": { "gml_id": "id459ec8c9-fab0-43a0-8274-a1a11c832bf0", "lokalid": "41856a8d-a716-48e5-9990-5006f346155c", "navnerom": "https://data.geonorge.no/sosi/samferdsel/hovedled_og_biled", "versjonId": 20210101, "datauttaksdato": "2026-01-01T23:00:58", "farlednavn": "Teigesund - Boholmen", "farlednummer": 2378, "farledtype": "Biled" }, "geometry": { "type": "LineString", "coordinates": [ [ 5.804212715126575, 62.339767548807188 ], [ 5.781409856396688, 62.329717603233611 ], [ 5.766882109900416, 62.325139774567269 ], [ 5.745709149300348, 62.323124347347836 ] ] } },
{ "type": "Feature", "properties": { "gml_id": "idfe335f49-ec18-4d49-be78-27d08eba7b4a", "lokalid": "c7cbb238-f775-4f26-b0ea-cdf5756d21cf", "navnerom": "https://data.geonorge.no/sosi/samferdsel/hovedled_og_biled", "versjonId": 20210101, "datauttaksdato": "2026-01-01T23:00:58", "farlednavn": "Innseiling til Lepsøya", "farlednummer": 1535, "farledtype": "Hovedled" }, "geometry": { "type": "LineString", "coordinates": [ [ 6.128907482191691, 62.645417886497 ], [ 6.090662158020665, 62.624615165245146 ], [ 6.0355164538452, 62.618898091068012 ], [ 5.938788791974254, 62.639763081265031 ], [ 5.913900499108945, 62.637653639803972 ], [ 5.691216371057488, 62.516394096322166 ], [ 5.63895545138951, 62.492917580862475 ] ] } },
{ "type": "Feature", "properties": { "gml_id": "iddaef23e0-3fcb-495a-b0b7-ff780651ed8d", "lokalid": "5eb88379-dc74-48ef-b760-0ca02a30f8f2", "navnerom": "https://data.geonorge.no/sosi/samferdsel/hovedled_og_biled", "versjonId": 20210101, "datauttaksdato": "2026-01-01T23:00:58", "farlednavn": "Ferge: Molde - Furnes", "farlednummer": 2441, "farledtype": "Biled" }, "geometry": { "type": "LineString", "coordinates": [ [ 7.160799787400638, 62.730468922763755 ], [ 7.115327406003908, 62.724619908552619 ], [ 7.101320741114399, 62.720375775338148 ], [ 7.095850308954694, 62.711265469260582 ], [ 7.093505411012796, 62.695769029612919 ], [ 7.089822639520278, 62.671405848892654 ], [ 7.08538508416653, 62.652843402345702 ] ] } },
{ "type": "Feature", "properties": { "gml_id": "ida8f54b36-1e19-4e4d-8e7e-c152842e1098", "lokalid": "d92c899f-c197-4a7d-a34e-b2755c77e363", "navnerom": "https://data.geonorge.no/sosi/samferdsel/hovedled_og_biled", "versjonId": 20210101, "datauttaksdato": "2026-01-01T23:00:58", "farlednavn": "Goksøyrvika - Grønholmen", "farlednummer": 2384, "farledtype": "Biled" }, "geometry": { "type": "LineString", "coordinates": [ [ 5.670313082316896, 62.403980103092628 ], [ 5.673039258351434, 62.398743285650824 ], [ 5.67074222176728, 62.390173807610765 ], [ 5.599489424824805, 62.370788989486933 ], [ 5.610105372978466, 62.355042951339875 ] ] } },
{ "type": "Feature", "properties": { "gml_id": "id4cd988fb-f605-45bf-bd2b-3487d7fb0091", "lokalid": "9172e21f-50ac-48d4-8f79-b434f16494e1", "navnerom": "https://data.geonorge.no/sosi/samferdsel/hovedled_og_biled", "versjonId": 20210101, "datauttaksdato": "2026-01-01T23:00:58", "farlednavn": "Høgsfjorden", "farlednummer": 2114, "farledtype": "Biled" }, "geometry": { "type": "LineString", "coordinates": [ [ 6.273938343393121, 58.845611681624831 ], [ 6.167558343738587, 58.846881683020619 ], [ 6.115058345182556, 58.870466683010541 ], [ 6.075725011631907, 58.894215013321165 ] ] } },
{ "type": "Feature", "properties": { "gml_id": "id936f7a91-8bf2-48b5-9b22-6c21a805fec1", "lokalid": "05abeb94-f029-48c7-93ff-31b6bd364893", "navnerom": "https://data.geonorge.no/sosi/samferdsel/hovedled_og_biled", "versjonId": 20210101, "datauttaksdato": "2026-01-01T23:00:58", "farlednavn": "Steinvågsundet", "farlednummer": 2389, "farledtype": "Biled" }, "geometry": { "type": "LineString", "coordinates": [ [ 6.145153077981689, 62.464558893921932 ], [ 6.122565465912944, 62.464870686603795 ], [ 6.121331592619006, 62.466025403189832 ], [ 6.11924604098406, 62.467056941856505 ], [ 6.11996199820473, 62.469364905615642 ], [ 6.123660406423191, 62.470945242410217 ], [ 6.128297728444145, 62.472064027988651 ], [ 6.129396199610566, 62.47245591936408 ], [ 6.130296581275195, 62.472846596340595 ], [ 6.133208385251231, 62.478725034132573 ] ] } },
{ "type": "Feature", "properties": { "gml_id": "idc8663529-bb45-40e1-b887-d86bb022742c", "lokalid": "6f40fc38-601a-4862-9657-6bb2693b4da4", "navnerom": "https://data.geonorge.no/sosi/samferdsel/hovedled_og_biled", "versjonId": 20210101, "datauttaksdato": "2026-01-01T23:00:58", "farlednavn": "Hurtigbåt: Ålesund - Valderøy - Hareid", "farlednummer": 2386, "farledtype": "Biled" }, "geometry": { "type": "LineString", "coordinates": [ [ 6.040638641253483, 62.37242982141818 ], [ 6.038519187230402, 62.421535773504651 ], [ 6.03881680696073, 62.428487624527335 ], [ 6.038823565373147, 62.428645472915434 ], [ 6.039064151877544, 62.434264971903403 ], [ 6.043502402368603, 62.440324900200359 ], [ 6.058686113144764, 62.45076302216026 ], [ 6.06531192624425, 62.455315252658181 ], [ 6.085372902398372, 62.469829116585487 ], [ 6.098532868407859, 62.474228916446393 ], [ 6.133208385251231, 62.478725034132573 ], [ 6.132576580693391, 62.482498726031906 ], [ 6.13253708700592, 62.482734575262313 ], [ 6.130548285874019, 62.492914862869753 ], [ 6.130230894019821, 62.49453874668621 ] ] } },
{ "type": "Feature", "properties": { "gml_id": "id6464bad0-88d7-4847-931d-c64360e64160", "lokalid": "38578b64-88c5-42e8-9f36-c7bde71483dd", "navnerom": "https://data.geonorge.no/sosi/samferdsel/hovedled_og_biled", "versjonId": 20210101, "datauttaksdato": "2026-01-01T23:00:58", "farlednavn": "Ferge: Småge - Orta - Finnøya - Sandøy - Ona", "farlednummer": 2452, "farledtype": "Biled" }, "geometry": { "type": "LineString", "coordinates": [ [ 6.568817722497897, 62.820804092952308 ], [ 6.566411999665274, 62.821314838986588 ], [ 6.565120062602415, 62.825500200438661 ], [ 6.55691968033063, 62.843877005504382 ], [ 6.558278869276831, 62.844819444560599 ], [ 6.560589984462148, 62.845073629088851 ], [ 6.565188148058496, 62.845781773613382 ], [ 6.568998677005461, 62.8460115043925 ], [ 6.571892690962915, 62.846431992299884 ], [ 6.57448235051182, 62.849123216123409 ], [ 6.575075253973413, 62.851854772424318 ] ] } },
{ "type": "Feature", "properties": { "gml_id": "ide8b70261-0a76-4297-bd62-6f46fe1fdea3", "lokalid": "32d4533f-f6f7-4401-ba5c-093de4796acc", "navnerom": "https://data.geonorge.no/sosi/samferdsel/hovedled_og_biled", "versjonId": 20210101, "datauttaksdato": "2026-01-01T23:00:58", "farlednavn": "Ferge: Småge - Orta - Finnøya - Sandøy - Ona", "farlednummer": 2452, "farledtype": "Biled" }, "geometry": { "type": "LineString", "coordinates": [ [ 6.575075253973413, 62.851854772424318 ], [ 6.592293145110132, 62.8488884697515 ], [ 6.603087997504783, 62.846556703466689 ], [ 6.614427104918184, 62.842576786595487 ], [ 6.648554987343195, 62.82514402029387 ], [ 6.690588047595448, 62.803632314079266 ], [ 6.697592020473623, 62.800105930166175 ], [ 6.700239074418476, 62.797805871436246 ] ] } },
{ "type": "Feature", "properties": { "gml_id": "idc021cba5-d7a9-4d86-a31c-4fc174e0b1d5", "lokalid": "d32ce509-1664-4c1e-a039-d09b0c55fc5e", "navnerom": "https://data.geonorge.no/sosi/samferdsel/hovedled_og_biled", "versjonId": 20210101, "datauttaksdato": "2026-01-01T23:00:58", "farlednavn": "Ferge: Småge - Orta - Finnøya - Sandøy - Ona", "farlednummer": 2452, "farledtype": "Biled" }, "geometry": { "type": "LineString", "coordinates": [ [ 6.568817722497897, 62.820804092952308 ], [ 6.571955984552382, 62.820705452268513 ] ] } },
{ "type": "Feature", "properties": { "gml_id": "id88e41fbd-3c88-446c-a143-2c1f2a6b56a5", "lokalid": "eb2b9371-649e-4de8-b94c-14949b4b1856", "navnerom": "https://data.geonorge.no/sosi/samferdsel/hovedled_og_biled", "versjonId": 20210101, "datauttaksdato": "2026-01-01T23:00:58", "farlednavn": "Ferge: Småge - Orta - Finnøya - Sandøy - Ona", "farlednummer": 2452, "farledtype": "Biled" }, "geometry": { "type": "LineString", "coordinates": [ [ 6.763287916228842, 62.806102669298348 ], [ 6.75896689824782, 62.805277597988933 ], [ 6.757629473973734, 62.804455953627105 ], [ 6.755148903455938, 62.802390733602017 ], [ 6.748764745469328, 62.800138168025519 ], [ 6.744878103135054, 62.799250834710101 ], [ 6.728342283836305, 62.799365120417477 ], [ 6.71895806840207, 62.799217514687236 ], [ 6.700239074418476, 62.797805871436246 ] ] } },
{ "type": "Feature", "properties": { "gml_id": "idc911b3d1-b011-4857-b693-8df994322cea", "lokalid": "f57ff3f8-a2c8-4df3-a571-0e67ffda6850", "navnerom": "https://data.geonorge.no/sosi/samferdsel/hovedled_og_biled", "versjonId": 20210101, "datauttaksdato": "2026-01-01T23:00:58", "farlednavn": "Ferge: Seivika - Tømmervåg", "farlednummer": 2648, "farledtype": "Biled" }, "geometry": { "type": "LineString", "coordinates": [ [ 7.872644067422308, 63.112062274657774 ], [ 7.873593637281944, 63.112138699990929 ], [ 7.877640501624664, 63.113093630843629 ], [ 7.880899224357744, 63.114165058973477 ], [ 7.883794283598624, 63.115311894958189 ], [ 7.888091746076405, 63.117217401959323 ], [ 7.891229884726011, 63.118782893258491 ], [ 7.89321563715845, 63.120230413820074 ], [ 7.894686651878446, 63.121302604837766 ], [ 7.897757257859241, 63.124271911002431 ], [ 7.906989115630033, 63.135688797328584 ], [ 7.912377115088773, 63.142895228061036 ], [ 7.913267909051231, 63.14443038618095 ], [ 7.915146820078057, 63.146846316718694 ], [ 7.916573239847746, 63.148007031205388 ], [ 7.922463847765251, 63.150222885765082 ] ] } },
{ "type": "Feature", "properties": { "gml_id": "idbffb534c-d251-4710-b344-2a704ed3ccb2", "lokalid": "e3ec0dad-b873-4bed-86e5-efe85ca1bc67", "navnerom": "https://data.geonorge.no/sosi/samferdsel/hovedled_og_biled", "versjonId": 20210101, "datauttaksdato": "2026-01-01T23:00:58", "farlednavn": "Innseiling Hustadvika", "farlednummer": 1132, "farledtype": "Hovedled" }, "geometry": { "type": "LineString", "coordinates": [ [ 7.130380241598025, 63.209984967511183 ], [ 7.482297735054428, 63.08811404289635 ] ] } },
{ "type": "Feature", "properties": { "gml_id": "id578b9658-d951-42ef-a5fb-db5fe693e064", "lokalid": "c9cb3676-c453-4f56-aac7-003b554a824c", "navnerom": "https://data.geonorge.no/sosi/samferdsel/hovedled_og_biled", "versjonId": 20210101, "datauttaksdato": "2026-01-01T23:00:58", "farlednavn": "Kalvøyskjeret - Toftasund", "farlednummer": 2408, "farledtype": "Biled" }, "geometry": { "type": "LineString", "coordinates": [ [ 6.306215453195138, 62.48576195193003 ], [ 6.316621008923107, 62.484225851794392 ], [ 6.330809826949042, 62.48025646338855 ], [ 6.345101541816278, 62.480884182845841 ], [ 6.383343073788406, 62.491059162451279 ], [ 6.391773670960058, 62.496600887097053 ], [ 6.40375418428357, 62.50059257937113 ], [ 6.437462481121939, 62.505428619481016 ], [ 6.446165319651532, 62.507867558913446 ], [ 6.450314414330721, 62.510854617650004 ] ] } },
{ "type": "Feature", "properties": { "gml_id": "idd542a50d-a4d9-4926-84ac-0005bcffa506", "lokalid": "044db506-9441-407b-9495-7fe764654c2a", "navnerom": "https://data.geonorge.no/sosi/samferdsel/hovedled_og_biled", "versjonId": 20210101, "datauttaksdato": "2026-01-01T23:00:58", "farlednavn": "Nogvafjorden", "farlednummer": 2431, "farledtype": "Biled" }, "geometry": { "type": "LineString", "coordinates": [ [ 6.031828432093568, 62.735121440884392 ], [ 6.170735419856578, 62.724650961324187 ], [ 6.222608816360006, 62.705774764139484 ], [ 6.338388047705202, 62.689745509772322 ], [ 6.430364675338073, 62.666858914711653 ] ] } },
{ "type": "Feature", "properties": { "gml_id": "id41d9f7c1-6c3c-4618-941d-9e9efb8a450e", "lokalid": "00279b64-fb65-4de6-8266-7558880b61f8", "navnerom": "https://data.geonorge.no/sosi/samferdsel/hovedled_og_biled", "versjonId": 20210101, "datauttaksdato": "2026-01-01T23:00:58", "farlednavn": "Ferge: Molde - Sekken", "farlednummer": 2439, "farledtype": "Biled" }, "geometry": { "type": "LineString", "coordinates": [ [ 7.177914616968045, 62.732344034485941 ], [ 7.178983655769294, 62.732033635405465 ], [ 7.1844244157648, 62.730453659586026 ], [ 7.18702094329834, 62.729093269187118 ], [ 7.187651241798252, 62.727076077852111 ], [ 7.188401367671267, 62.724784731372765 ], [ 7.18899866889102, 62.72306816406639 ], [ 7.189328422907098, 62.721513593996328 ], [ 7.188888196422075, 62.72099531996156 ], [ 7.187706617263402, 62.720489697374362 ], [ 7.187165296394006, 62.720223796784261 ], [ 7.186854305224857, 62.720071032536026 ], [ 7.185230367708622, 62.719357254050031 ], [ 7.184714877044986, 62.718698732870088 ], [ 7.185171272729439, 62.718068552862832 ], [ 7.186686828816733, 62.716599487966469 ], [ 7.185169261477876, 62.71395928811917 ], [ 7.184235041680342, 62.712074371943288 ], [ 7.182669153543134, 62.706567099211121 ], [ 7.183673338685002, 62.704752888870374 ], [ 7.186775578770108, 62.703295988596324 ], [ 7.265102489794975, 62.685884824607101 ], [ 7.301260401116085, 62.677825306897972 ], [ 7.302806494956831, 62.67669689186576 ] ] } },
{ "type": "Feature", "properties": { "gml_id": "idc71c49bb-35ca-4c4d-9d33-1a56e1c7c809", "lokalid": "7023b908-d994-4cf6-9a42-342abd4d1a89", "navnerom": "https://data.geonorge.no/sosi/samferdsel/hovedled_og_biled", "versjonId": 20210101, "datauttaksdato": "2026-01-01T23:00:58", "farlednavn": "Ferge: Kvanne - Rykkjem", "farlednummer": 2487, "farledtype": "Biled" }, "geometry": { "type": "LineString", "coordinates": [ [ 8.491755800083737, 62.879630697407983 ], [ 8.499946147470336, 62.880677083925967 ], [ 8.505649007858281, 62.882047604381327 ], [ 8.530253041286976, 62.887815043476181 ] ] } },
{ "type": "Feature", "properties": { "gml_id": "id332e055e-e216-478e-84db-964bb72fe563", "lokalid": "bcef079b-d1f4-456c-8794-f27b36b4d0f5", "navnerom": "https://data.geonorge.no/sosi/samferdsel/hovedled_og_biled", "versjonId": 20210101, "datauttaksdato": "2026-01-01T23:00:58", "farlednavn": "Ferge: Halsa - Kanestraum", "farlednummer": 2479, "farledtype": "Biled" }, "geometry": { "type": "LineString", "coordinates": [ [ 8.226130037591169, 63.068322452390817 ], [ 8.178999033534076, 63.060949529097009 ], [ 8.127791407723773, 63.053480995257317 ] ] } },
{ "type": "Feature", "properties": { "gml_id": "idfa2a1f87-e899-4b50-b60c-5e0f458c7f6d", "lokalid": "bb0535f2-b306-4cf1-94b6-e36eae7e83bf", "navnerom": "https://data.geonorge.no/sosi/samferdsel/hovedled_og_biled", "versjonId": 20210101, "datauttaksdato": "2026-01-01T23:00:58", "farlednavn": "Melsteinsfjorden", "farlednummer": 1556, "farledtype": "Hovedled" }, "geometry": { "type": "LineString", "coordinates": [ [ 11.687480607653963, 65.038846155177836 ], [ 11.732332498046731, 65.061299903654373 ], [ 11.73343735730897, 65.061985345618226 ], [ 11.77201390501015, 65.085890854360713 ], [ 11.772066648483214, 65.085923502462038 ], [ 11.772356034234651, 65.086102633816367 ], [ 11.80012675936575, 65.103279146061439 ], [ 11.835959055446679, 65.157993909590502 ], [ 11.838747649670692, 65.160127261532367 ] ] } },
{ "type": "Feature", "properties": { "gml_id": "idc62c45d6-d35d-480e-b441-228128a9b8eb", "lokalid": "2b412fff-6623-4f15-ac49-71fde677fad5", "navnerom": "https://data.geonorge.no/sosi/samferdsel/hovedled_og_biled", "versjonId": 20210101, "datauttaksdato": "2026-01-01T23:00:58", "farlednavn": "Stopleleia", "farlednummer": 2466, "farledtype": "Biled" }, "geometry": { "type": "LineString", "coordinates": [ [ 6.869797538309455, 62.936808729820832 ], [ 6.913409125418375, 62.943390930680984 ], [ 6.946651807123555, 62.948540738770916 ] ] } },
{ "type": "Feature", "properties": { "gml_id": "id7829e78d-2291-4da1-90de-bb90cda6ff7d", "lokalid": "8427e6ab-494d-46fa-a296-a6470c1770a2", "navnerom": "https://data.geonorge.no/sosi/samferdsel/hovedled_og_biled", "versjonId": 20210101, "datauttaksdato": "2026-01-01T23:00:58", "farlednavn": "Stopleleia", "farlednummer": 2466, "farledtype": "Biled" }, "geometry": { "type": "LineString", "coordinates": [ [ 6.946651807123555, 62.948540738770916 ], [ 6.938642097974444, 62.946375248130991 ], [ 6.943732282466081, 62.935851629592612 ], [ 6.940988678276644, 62.93078197813616 ], [ 6.939473901580865, 62.929514150188979 ], [ 6.941540226775063, 62.923917896448813 ], [ 6.934429933634062, 62.921903261945701 ], [ 6.920161920574783, 62.917681123144263 ], [ 6.914949682667584, 62.917050035537734 ], [ 6.90064125096456, 62.914854420583133 ], [ 6.891168073116771, 62.909639695407598 ] ] } },
{ "type": "Feature", "properties": { "gml_id": "idf2dec02a-216f-482b-ab9b-15b663e8bba8", "lokalid": "7aa25785-56e1-4988-a4d5-025bbed79bc9", "navnerom": "https://data.geonorge.no/sosi/samferdsel/hovedled_og_biled", "versjonId": 20210101, "datauttaksdato": "2026-01-01T23:00:58", "farlednavn": "Gloppen", "farlednummer": 2352, "farledtype": "Biled" }, "geometry": { "type": "LineString", "coordinates": [ [ 6.020452366515949, 61.859146652735433 ], [ 6.164925310454072, 61.785757814557407 ], [ 6.181456108202619, 61.780685409956732 ] ] } },
{ "type": "Feature", "properties": { "gml_id": "id324fd307-ae63-4bd7-b723-2c6c1fec4758", "lokalid": "e058a4e6-0c6b-4434-a7b2-5361aa364de4", "navnerom": "https://data.geonorge.no/sosi/samferdsel/hovedled_og_biled", "versjonId": 20210101, "datauttaksdato": "2026-01-01T23:00:58", "farlednavn": "Stopleleia", "farlednummer": 2466, "farledtype": "Biled" }, "geometry": { "type": "LineString", "coordinates": [ [ 6.946651807123555, 62.948540738770916 ], [ 6.959777027094409, 62.953308702041852 ], [ 6.986992988935429, 62.95892511375034 ], [ 6.99645905482606, 62.967912423698792 ], [ 7.002772749807082, 62.967875431796806 ], [ 7.005183006657204, 62.968627417778265 ], [ 7.006585643865841, 62.968745693448668 ], [ 7.009047888880015, 62.970845279962766 ], [ 7.01601004914729, 62.972854933526428 ], [ 7.041869200585545, 62.987884441218931 ], [ 7.061224308452278, 62.999145985838588 ], [ 7.116210877772162, 63.006688696568787 ], [ 7.147350852611104, 63.009528200181535 ], [ 7.16029339718335, 63.009891296294278 ], [ 7.188833725639693, 63.011030779130557 ], [ 7.235995473073381, 63.016426026175573 ], [ 7.258987193874102, 63.019129910350166 ], [ 7.266678729429113, 63.02038382731044 ], [ 7.299590145923814, 63.021178526888896 ] ] } },
{ "type": "Feature", "properties": { "gml_id": "id09ad85e9-7de5-4a7f-aee3-bf9fe732869e", "lokalid": "d6d37f77-b070-4a84-90d7-d1410c37ff15", "navnerom": "https://data.geonorge.no/sosi/samferdsel/hovedled_og_biled", "versjonId": 20210101, "datauttaksdato": "2026-01-01T23:00:58", "farlednavn": "Ferge: Dypfest - Tarva", "farlednummer": 2537, "farledtype": "Biled" }, "geometry": { "type": "LineString", "coordinates": [ [ 9.577520522162184, 63.782822548655304 ], [ 9.576374367654246, 63.783407944505839 ], [ 9.566823875072018, 63.788217509190822 ], [ 9.559058998991086, 63.792126146379879 ], [ 9.556585311118969, 63.792889810618178 ], [ 9.555236580571401, 63.793181680643364 ], [ 9.504707485300047, 63.791775092724436 ], [ 9.492669076931659, 63.791519754336676 ], [ 9.481773644550954, 63.79151141470863 ], [ 9.453003335966493, 63.791720008202141 ], [ 9.445998137621446, 63.791741979923529 ], [ 9.444014564300124, 63.791753059642602 ], [ 9.442096537010116, 63.791766641765655 ], [ 9.438334309272548, 63.792088650802732 ], [ 9.436327135391439, 63.792887300109982 ], [ 9.436038823415505, 63.79334346871584 ], [ 9.437046979227418, 63.796194645775792 ] ] } },
{ "type": "Feature", "properties": { "gml_id": "id540a11ae-0b04-42b3-a1f9-1d87e86ff7d4", "lokalid": "e699f504-dd7d-49de-be92-1f769c88e687", "navnerom": "https://data.geonorge.no/sosi/samferdsel/hovedled_og_biled", "versjonId": 20210101, "datauttaksdato": "2026-01-01T23:00:58", "farlednavn": "Ferge: Hofles - Geisnes - Lund", "farlednummer": 2558, "farledtype": "Biled" }, "geometry": { "type": "LineString", "coordinates": [ [ 11.623295006640451, 64.768789687559931 ], [ 11.620440810326578, 64.778413967489271 ], [ 11.611861612992319, 64.807299231080719 ], [ 11.611171082209133, 64.807882598985643 ], [ 11.610489681513487, 64.808393107241514 ], [ 11.609387591093014, 64.808704031679781 ], [ 11.606845742322603, 64.809011262844621 ], [ 11.598821316992911, 64.809558231123461 ], [ 11.595980738335037, 64.809785367014214 ], [ 11.594682472442864, 64.810018621086911 ], [ 11.59360880545198, 64.810373924499814 ], [ 11.592531423422983, 64.810758362051388 ], [ 11.591979213166763, 64.811870901608373 ], [ 11.592437084217323, 64.812860501882568 ], [ 11.593186183958721, 64.813988302838325 ], [ 11.595199854836693, 64.815521596218204 ], [ 11.598059983393517, 64.81672803402364 ], [ 11.600565038550286, 64.817213246071347 ], [ 11.60492389527543, 64.817598218506461 ], [ 11.615307979642044, 64.81842954311378 ], [ 11.618113396671269, 64.818303341860656 ], [ 11.62074382591388, 64.817792824341566 ], [ 11.625027301420008, 64.81669992353757 ], [ 11.622204428088542, 64.821272355291455 ], [ 11.617924089141839, 64.825144089004922 ], [ 11.617488943819524, 64.825449810153472 ], [ 11.61467992351389, 64.82742314843577 ] ] } },
{ "type": "Feature", "properties": { "gml_id": "id01df8cc0-29f5-419a-bd20-c21096eb62c2", "lokalid": "e8d44b88-3b73-4962-97a3-10a512033b5e", "navnerom": "https://data.geonorge.no/sosi/samferdsel/hovedled_og_biled", "versjonId": 20210101, "datauttaksdato": "2026-01-01T23:00:58", "farlednavn": "Hopsfjorden", "farlednummer": 2555, "farledtype": "Biled" }, "geometry": { "type": "LineString", "coordinates": [ [ 10.205978502317976, 64.407819677983511 ], [ 10.206421710852066, 64.407736389167965 ], [ 10.352457759567578, 64.380191520976538 ], [ 10.402164861503641, 64.380463427374977 ], [ 10.454580326888911, 64.380731889157545 ] ] } },
{ "type": "Feature", "properties": { "gml_id": "id0d64e1b1-58be-42d9-81c0-7ff0bf63a7fb", "lokalid": "c38dedc6-c58e-48cd-a50e-cc87ed08cdb6", "navnerom": "https://data.geonorge.no/sosi/samferdsel/hovedled_og_biled", "versjonId": 20210101, "datauttaksdato": "2026-01-01T23:00:58", "farlednavn": "Hopsfjorden", "farlednummer": 2555, "farledtype": "Biled" }, "geometry": { "type": "LineString", "coordinates": [ [ 10.445419795510926, 64.356862721996492 ], [ 10.471032595643226, 64.350055500301579 ], [ 10.476513008827887, 64.348546336394648 ], [ 10.49804263368272, 64.341186304653164 ], [ 10.501623945344463, 64.340302906402016 ] ] } },
{ "type": "Feature", "properties": { "gml_id": "idc84df2a6-349a-4d77-a337-13256e7d9ed3", "lokalid": "52d61a1d-7e25-4a12-8dd8-6475b28b55de", "navnerom": "https://data.geonorge.no/sosi/samferdsel/hovedled_og_biled", "versjonId": 20210101, "datauttaksdato": "2026-01-01T23:00:58", "farlednavn": "Hurtigbåt: Trondheim - Kristiansund", "farlednummer": 2473, "farledtype": "Biled" }, "geometry": { "type": "LineString", "coordinates": [ [ 9.744148001726234, 63.661814546886752 ], [ 9.678195136965055, 63.686086722247559 ] ] } },
{ "type": "Feature", "properties": { "gml_id": "ida2adc693-21da-4154-96be-5904f3472d2e", "lokalid": "b7e6c158-3bbd-496c-afc8-ead360c901c3", "navnerom": "https://data.geonorge.no/sosi/samferdsel/hovedled_og_biled", "versjonId": 20210101, "datauttaksdato": "2026-01-01T23:00:58", "farlednavn": "Hurtigbåt: Trondheim - Kristiansund", "farlednummer": 2473, "farledtype": "Biled" }, "geometry": { "type": "LineString", "coordinates": [ [ 9.821305566647114, 63.636259323352164 ], [ 9.776856383572683, 63.637728771676286 ] ] } },
{ "type": "Feature", "properties": { "gml_id": "id01815cfa-05af-4a4f-8872-a4cd3f0f2c7e", "lokalid": "f6f90e93-3da0-4dd9-8d14-730b1cfaa764", "navnerom": "https://data.geonorge.no/sosi/samferdsel/hovedled_og_biled", "versjonId": 20210101, "datauttaksdato": "2026-01-01T23:00:58", "farlednavn": "Hurtigbåt: Trondheim - Kristiansund", "farlednummer": 2473, "farledtype": "Biled" }, "geometry": { "type": "LineString", "coordinates": [ [ 9.848882033750025, 63.560469514787506 ], [ 9.889750832802909, 63.562023746446975 ] ] } },
{ "type": "Feature", "properties": { "gml_id": "id0340a870-4fba-49dc-8e3f-8b7fa825b648", "lokalid": "30104dff-f5ac-40ae-9a64-fd14ef657a39", "navnerom": "https://data.geonorge.no/sosi/samferdsel/hovedled_og_biled", "versjonId": 20210101, "datauttaksdato": "2026-01-01T23:00:58", "farlednavn": "Hurtigbåt: Trondheim - Kristiansund", "farlednummer": 2473, "farledtype": "Biled" }, "geometry": { "type": "LineString", "coordinates": [ [ 9.890037189855969, 63.52044753908401 ], [ 9.87727383308942, 63.519582884578583 ], [ 9.866415318864433, 63.517751433589609 ], [ 9.856627851765227, 63.51496584823164 ], [ 9.847036658495869, 63.511117589435123 ], [ 9.836546719783112, 63.50678977590637 ] ] } },
{ "type": "Feature", "properties": { "gml_id": "idd758a565-bcf4-4f45-80df-3d0827b6f791", "lokalid": "b7303ac6-9f0f-4b10-906b-8dbbbb5265fa", "navnerom": "https://data.geonorge.no/sosi/samferdsel/hovedled_og_biled", "versjonId": 20210101, "datauttaksdato": "2026-01-01T23:00:58", "farlednavn": "Hurtigbåt: Trondheim - Kristiansund", "farlednummer": 2473, "farledtype": "Biled" }, "geometry": { "type": "LineString", "coordinates": [ [ 8.70029688507184, 63.435890400192115 ], [ 8.700316765402356, 63.435870327798376 ], [ 8.718866525605215, 63.417127735741417 ] ] } },
{ "type": "Feature", "properties": { "gml_id": "idd4327ffa-9a96-4c21-8035-cdd86696edd4", "lokalid": "4e53461d-edf7-4774-8034-894348158682", "navnerom": "https://data.geonorge.no/sosi/samferdsel/hovedled_og_biled", "versjonId": 20210101, "datauttaksdato": "2026-01-01T23:00:58", "farlednavn": "Hurtigbåt Namsos - Rørvik", "farlednummer": 2553, "farledtype": "Biled" }, "geometry": { "type": "LineString", "coordinates": [ [ 11.174897890895505, 64.731154126090843 ], [ 11.187119431974653, 64.734895130146029 ], [ 11.18828553113535, 64.738008614051125 ], [ 11.182157223973368, 64.737535930522341 ], [ 11.179433786870263, 64.738347018476802 ] ] } },
{ "type": "Feature", "properties": { "gml_id": "id79d73f7c-5507-4bc2-a1fb-187edcad2c1b", "lokalid": "60ec23f9-fa7f-4bb6-b884-3f120ca819dd", "navnerom": "https://data.geonorge.no/sosi/samferdsel/hovedled_og_biled", "versjonId": 20210101, "datauttaksdato": "2026-01-01T23:00:58", "farlednavn": "Losnosen", "farlednummer": 2283, "farledtype": "Biled" }, "geometry": { "type": "LineString", "coordinates": [ [ 5.138379477790667, 61.104347617342015 ], [ 5.125928016834163, 61.137588069885886 ], [ 5.066356700506944, 61.16531335102669 ], [ 5.013141701944521, 61.179330021941901 ] ] } },
{ "type": "Feature", "properties": { "gml_id": "id273fef50-3a56-4005-a32d-4af00e38e427", "lokalid": "fa1144e6-34a3-4660-8dd2-cd34c5efabdc", "navnerom": "https://data.geonorge.no/sosi/samferdsel/hovedled_og_biled", "versjonId": 20210101, "datauttaksdato": "2026-01-01T23:00:58", "farlednavn": "Bøfjorden", "farlednummer": 2285, "farledtype": "Biled" }, "geometry": { "type": "LineString", "coordinates": [ [ 5.304838360176123, 61.075305017561298 ], [ 5.333125918613709, 61.121112643402562 ] ] } },
{ "type": "Feature", "properties": { "gml_id": "id2f4d0f95-6fe4-443e-88f4-b8e8f84572fa", "lokalid": "f88f112f-61f9-4ebd-a2f1-c5d50ee531d9", "navnerom": "https://data.geonorge.no/sosi/samferdsel/hovedled_og_biled", "versjonId": 20210101, "datauttaksdato": "2026-01-01T23:00:58", "farlednavn": "Hurtigbåt: Trondheim - Kristiansund", "farlednummer": 2473, "farledtype": "Biled" }, "geometry": { "type": "LineString", "coordinates": [ [ 8.158665525729207, 63.274133504879458 ], [ 8.158416577875451, 63.274322518453452 ], [ 8.148765955528354, 63.281647472386688 ], [ 8.148295289443952, 63.282004598599542 ], [ 8.145664409592341, 63.28332324526064 ], [ 8.141560837265239, 63.284855053223495 ] ] } },
{ "type": "Feature", "properties": { "gml_id": "ide2f13926-0f21-48a4-b76a-08ee97280b8a", "lokalid": "04f4578e-5322-4e1a-93bf-c9efa5688767", "navnerom": "https://data.geonorge.no/sosi/samferdsel/hovedled_og_biled", "versjonId": 20210101, "datauttaksdato": "2026-01-01T23:00:58", "farlednavn": "Ferge: Levanger - Hokstad", "farlednummer": 2519, "farledtype": "Biled" }, "geometry": { "type": "LineString", "coordinates": [ [ 11.168955773926625, 63.796635563519857 ], [ 11.179740541010764, 63.790854546563061 ], [ 11.211181686735259, 63.784422920085596 ], [ 11.271462731984009, 63.772064231539019 ], [ 11.278232454673935, 63.770674054069957 ], [ 11.294621435881927, 63.767306646082076 ], [ 11.293825428903492, 63.756595878804411 ] ] } },
{ "type": "Feature", "properties": { "gml_id": "id07d746fd-35ec-4740-9ecd-9e7e1ebddd7c", "lokalid": "60b0d714-b7d2-4c1c-ba60-68f2a1a3696a", "navnerom": "https://data.geonorge.no/sosi/samferdsel/hovedled_og_biled", "versjonId": 20210101, "datauttaksdato": "2026-01-01T23:00:58", "farlednavn": "Vingleia", "farlednummer": 2534, "farledtype": "Biled" }, "geometry": { "type": "LineString", "coordinates": [ [ 8.56636547469302, 63.97721709110661 ], [ 8.62846418838736, 63.94149943322342 ], [ 8.640231585392101, 63.90677002829328 ], [ 8.717934237183835, 63.889258922551413 ], [ 8.725617910158807, 63.884782699631558 ], [ 8.807756607461769, 63.836814487379378 ], [ 8.837238356330449, 63.824759124704272 ], [ 8.8532399066215, 63.818208984058352 ], [ 8.864903835216277, 63.80904506457393 ], [ 8.910543686380306, 63.80919695051611 ], [ 8.965892468418533, 63.809361761949347 ], [ 8.988225438254046, 63.796496183229642 ], [ 9.168011165032459, 63.692358209138945 ], [ 9.259142359429527, 63.639603695976461 ] ] } },
{ "type": "Feature", "properties": { "gml_id": "idc2bbee74-5176-4e16-8b9c-d3dc81823333", "lokalid": "49423a66-e0bc-448b-a71b-04a67c15e2b3", "navnerom": "https://data.geonorge.no/sosi/samferdsel/hovedled_og_biled", "versjonId": 20210101, "datauttaksdato": "2026-01-01T23:00:58", "farlednavn": "Ferge Dyrøy - Mausund - Sula", "farlednummer": 2534, "farledtype": "Biled" }, "geometry": { "type": "LineString", "coordinates": [ [ 8.633912209849061, 63.805340189401491 ], [ 8.62019049876382, 63.806785201679418 ], [ 8.592767324084276, 63.809832527335757 ], [ 8.582922922492664, 63.812241358782693 ], [ 8.561342427137744, 63.83990358064051 ], [ 8.562054388262524, 63.843618234664127 ], [ 8.558022696688431, 63.845279352685644 ], [ 8.551364550104308, 63.844751179672706 ], [ 8.507821463227881, 63.845359027957258 ], [ 8.501181431336645, 63.848177690635673 ], [ 8.504126427551057, 63.850210654809494 ], [ 8.50458944485422, 63.851560345261205 ], [ 8.506105616773359, 63.853682323346185 ], [ 8.507339861767919, 63.856234503917264 ], [ 8.508920839576195, 63.859064024583382 ], [ 8.513200441399476, 63.861672786928402 ], [ 8.513865987574819, 63.862347016602435 ], [ 8.518298888303816, 63.867257671351915 ], [ 8.521592575289022, 63.868661726316077 ], [ 8.527228764230085, 63.869139468400185 ], [ 8.542810224222443, 63.873424018067141 ], [ 8.553335423776142, 63.874950173267791 ], [ 8.567204391941811, 63.878624257202283 ], [ 8.570033612373603, 63.877963556306398 ], [ 8.571839344118462, 63.876706309983362 ], [ 8.58314265566187, 63.875236725444459 ], [ 8.587659384439441, 63.87374502925843 ], [ 8.604067702570743, 63.870514504657166 ], [ 8.611373242557326, 63.868278345682128 ], [ 8.623720985727289, 63.866482623266904 ], [ 8.63554270571824, 63.864322813883334 ], [ 8.641031944188322, 63.865179560163796 ] ] } },
{ "type": "Feature", "properties": { "gml_id": "id40c96354-bb6f-4bb1-b877-56b9e4eca73e", "lokalid": "673aa89a-2e79-47bd-8f4c-a1d266423208", "navnerom": "https://data.geonorge.no/sosi/samferdsel/hovedled_og_biled", "versjonId": 20210101, "datauttaksdato": "2026-01-01T23:00:58", "farlednavn": "Hurtigbåt Namsos - Rørvik", "farlednummer": 2553, "farledtype": "Biled" }, "geometry": { "type": "LineString", "coordinates": [ [ 11.145495919951413, 64.763678531469949 ], [ 11.126975885170449, 64.770563539969203 ], [ 11.133659726891743, 64.791037341474592 ], [ 11.130682237802823, 64.791847073363201 ], [ 11.110783735439981, 64.794543355566361 ], [ 11.105525265322079, 64.799173439832771 ] ] } },
{ "type": "Feature", "properties": { "gml_id": "id747ef5a3-a3d9-415f-a991-5440a34e1c28", "lokalid": "a3d41ffd-1fe3-4a44-ba95-977671fc0d77", "navnerom": "https://data.geonorge.no/sosi/samferdsel/hovedled_og_biled", "versjonId": 20210101, "datauttaksdato": "2026-01-01T23:00:58", "farlednavn": "Hurtigbåt Namsos Sør-Gjeslingane", "farlednummer": 2553, "farledtype": "Biled" }, "geometry": { "type": "LineString", "coordinates": [ [ 11.130269145292644, 64.810626327565203 ], [ 11.081881539465179, 64.8147188108547 ], [ 11.058108943389914, 64.812733894056578 ], [ 10.986773259341351, 64.794027321526997 ], [ 10.975037740995834, 64.791175362475173 ], [ 10.969207636212147, 64.790427699020341 ], [ 10.949845717346225, 64.787778600859809 ], [ 10.899048720473465, 64.783607577811807 ], [ 10.847029639588689, 64.763615443712254 ], [ 10.830586558027948, 64.753700918723126 ], [ 10.815201128393536, 64.744425086371933 ], [ 10.798795723454802, 64.734289532128841 ], [ 10.793943830552353, 64.73545184884604 ] ] } },
{ "type": "Feature", "properties": { "gml_id": "id6cfde5fe-1d23-444a-b5fc-d99634b1736b", "lokalid": "5b951751-6648-43be-aa3b-4b4820f58670", "navnerom": "https://data.geonorge.no/sosi/samferdsel/hovedled_og_biled", "versjonId": 20210101, "datauttaksdato": "2026-01-01T23:00:58", "farlednavn": "Ferge Ølhammeren - Seierstad", "farlednummer": 2553, "farledtype": "Biled" }, "geometry": { "type": "LineString", "coordinates": [ [ 11.345820103006167, 64.638200495831711 ], [ 11.34592324930964, 64.638397704465731 ], [ 11.346573862502677, 64.638622364415113 ], [ 11.347137069709948, 64.638727077153334 ], [ 11.347497908915464, 64.638742553752778 ], [ 11.347925442486732, 64.638697513329333 ], [ 11.348831451603697, 64.638469648949197 ], [ 11.353614297974943, 64.636731613206578 ], [ 11.358646968271835, 64.634902384752806 ], [ 11.359234113764318, 64.634875153595772 ], [ 11.359734350482922, 64.635012623552214 ], [ 11.360159922359902, 64.636191040060197 ] ] } },
{ "type": "Feature", "properties": { "gml_id": "id7c5a901e-bbb0-46a6-bf77-ba34bcafc864", "lokalid": "ded8032e-5ac2-4c09-b825-2ed5146bad4c", "navnerom": "https://data.geonorge.no/sosi/samferdsel/hovedled_og_biled", "versjonId": 20210101, "datauttaksdato": "2026-01-01T23:00:58", "farlednavn": "Hurtigbåt Namsos - Rørvik", "farlednummer": 2553, "farledtype": "Biled" }, "geometry": { "type": "LineString", "coordinates": [ [ 11.337094155123266, 64.559082212608772 ], [ 11.334772879833528, 64.573267395726234 ], [ 11.355095211878451, 64.617623013603378 ], [ 11.353614297974943, 64.636731613206578 ], [ 11.353430520528695, 64.63910071256133 ], [ 11.369013826951235, 64.661003298107445 ], [ 11.368490539695561, 64.679479655708263 ], [ 11.34006673915208, 64.694865610475503 ], [ 11.271282699700766, 64.704169302497277 ], [ 11.156829704577351, 64.719564887665555 ] ] } },
{ "type": "Feature", "properties": { "gml_id": "idd5638594-3fd9-47fa-a332-4a0b203a6b84", "lokalid": "74ca02d1-1697-4d69-b957-a3d5fe8f1975", "navnerom": "https://data.geonorge.no/sosi/samferdsel/hovedled_og_biled", "versjonId": 20210101, "datauttaksdato": "2026-01-01T23:00:58", "farlednavn": "Hurtigbåt Namsos - Rørvik", "farlednummer": 2553, "farledtype": "Biled" }, "geometry": { "type": "LineString", "coordinates": [ [ 11.337094155123266, 64.559082212608772 ], [ 11.312873375528305, 64.562363605710829 ], [ 11.286625900973737, 64.598405958590561 ], [ 11.242521299013688, 64.62339044416025 ], [ 11.167009121823602, 64.629223218475971 ], [ 11.135726361591887, 64.643963406131931 ], [ 11.113578140999351, 64.673595659829104 ], [ 11.117015538215723, 64.677255109406033 ], [ 11.156829704577351, 64.719564887665555 ] ] } },
{ "type": "Feature", "properties": { "gml_id": "id2e0ec9a0-4ff5-49b0-ad66-fbf0ecebbc1b", "lokalid": "380f976d-4c5f-40a9-9404-e60ea98d46d5", "navnerom": "https://data.geonorge.no/sosi/samferdsel/hovedled_og_biled", "versjonId": 20210101, "datauttaksdato": "2026-01-01T23:00:58", "farlednavn": "Hurtigbåt Namsos - Rørvik", "farlednummer": 2553, "farledtype": "Biled" }, "geometry": { "type": "LineString", "coordinates": [ [ 11.156829704577351, 64.719564887665555 ], [ 11.158408789938036, 64.721053916622125 ], [ 11.167849215848058, 64.727265861698754 ], [ 11.172034209465004, 64.72991430496225 ], [ 11.174897890895505, 64.731154126090843 ] ] } },
{ "type": "Feature", "properties": { "gml_id": "id75a22902-969f-46be-929e-3606af07744a", "lokalid": "03d6cf24-5356-4538-87cd-14fab71ee3f3", "navnerom": "https://data.geonorge.no/sosi/samferdsel/hovedled_og_biled", "versjonId": 20210101, "datauttaksdato": "2026-01-01T23:00:58", "farlednavn": "Hurtigbåt Namsos - Rørvik", "farlednummer": 2553, "farledtype": "Biled" }, "geometry": { "type": "LineString", "coordinates": [ [ 11.179433786870263, 64.738347018476802 ], [ 11.17991999677426, 64.739123463111056 ], [ 11.181012455053708, 64.739723207078612 ], [ 11.1768969270741, 64.750983886723603 ], [ 11.170741500285144, 64.752936104078515 ], [ 11.154296864297343, 64.755819584764026 ], [ 11.147741346184155, 64.760556518816557 ], [ 11.145495919951413, 64.763678531469949 ] ] } },
{ "type": "Feature", "properties": { "gml_id": "idc4a23248-63b3-42a3-a9dd-c7babcf4c498", "lokalid": "518cf5c9-f2cc-419a-953c-ddfdd81a78c9", "navnerom": "https://data.geonorge.no/sosi/samferdsel/hovedled_og_biled", "versjonId": 20210101, "datauttaksdato": "2026-01-01T23:00:58", "farlednavn": "Hurtigbåt Namsos - Rørvik", "farlednummer": 2553, "farledtype": "Biled" }, "geometry": { "type": "LineString", "coordinates": [ [ 11.145495919951413, 64.763678531469949 ], [ 11.1688778706941, 64.776740497907383 ], [ 11.17096695356709, 64.782405062920844 ], [ 11.207310869533638, 64.81015714991031 ], [ 11.219316091902224, 64.821757941572457 ], [ 11.22510339202069, 64.824960022214768 ], [ 11.238874886107068, 64.828320082289039 ], [ 11.250651549222564, 64.83632117814264 ], [ 11.259541980139183, 64.840441239832472 ], [ 11.26505205531747, 64.842704917310925 ], [ 11.267894895475298, 64.844737740661927 ], [ 11.269355478528299, 64.846380663619243 ], [ 11.270713585262088, 64.84983856768757 ], [ 11.270437191420186, 64.856129725140136 ], [ 11.270057690724393, 64.858149114693589 ], [ 11.253135279231211, 64.859619077286268 ], [ 11.240207906005775, 64.860708218496214 ] ] } },
{ "type": "Feature", "properties": { "gml_id": "ida2d6b1b9-a788-42da-8987-078d7b5c98de", "lokalid": "bd3a2084-637d-497b-bbe1-5b624c3784ae", "navnerom": "https://data.geonorge.no/sosi/samferdsel/hovedled_og_biled", "versjonId": 20210101, "datauttaksdato": "2026-01-01T23:00:58", "farlednavn": "Vadheimsfjorden", "farlednummer": 2291, "farledtype": "Biled" }, "geometry": { "type": "LineString", "coordinates": [ [ 5.817363785173479, 61.139658271294223 ], [ 5.813656684671548, 61.160676680445363 ], [ 5.807018351592026, 61.188488340526966 ], [ 5.825100017686032, 61.205360010452672 ] ] } },
{ "type": "Feature", "properties": { "gml_id": "id33cdbb1c-7a6c-41a4-93a8-aa1676dd79e9", "lokalid": "991cce02-b07b-4d04-a966-66667f525c92", "navnerom": "https://data.geonorge.no/sosi/samferdsel/hovedled_og_biled", "versjonId": 20210101, "datauttaksdato": "2026-01-01T23:00:58", "farlednavn": "Hurtigbåt Sistranda", "farlednummer": 2534, "farledtype": "Biled" }, "geometry": { "type": "LineString", "coordinates": [ [ 8.907971118797811, 63.927094089454641 ], [ 8.914686579817415, 63.927377256570871 ], [ 8.947057917677903, 63.925324944809802 ], [ 8.965297645973752, 63.924803041217459 ], [ 8.990533153582643, 63.926466577836067 ], [ 9.014882190791097, 63.930851772223221 ], [ 9.0379131439584, 63.936452006804053 ], [ 9.048814978036393, 63.939528915393581 ], [ 9.058276089127714, 63.943421140559302 ], [ 9.065985057201001, 63.948000848949214 ], [ 9.071687635829853, 63.95311755662123 ], [ 9.077188766931156, 63.962037126692792 ], [ 9.082926021015673, 63.969949246611854 ], [ 9.08626060273734, 63.973801253463535 ], [ 9.088045716512093, 63.975778523566106 ], [ 9.092758476508527, 63.979198679014381 ], [ 9.09690789433979, 63.981466008654209 ], [ 9.102780183837679, 63.985320391741169 ], [ 9.113222155072362, 63.990167371249839 ], [ 9.117002314089575, 63.992806297016841 ], [ 9.137733003927151, 64.00076525976182 ], [ 9.146433245097308, 63.998685415473062 ], [ 9.153840655252074, 63.995798156740257 ], [ 9.159574128628483, 63.99225219766268 ], [ 9.170349179446054, 63.989737135768841 ], [ 9.182882400736066, 63.992371551962407 ], [ 9.183681137646435, 63.99453364646704 ], [ 9.18226143045179, 63.995560066189661 ], [ 9.180379349725056, 63.996892734831754 ], [ 9.17909259374763, 63.998894823327909 ], [ 9.178131286550075, 64.000777964772894 ], [ 9.17781516029221, 64.004212768648841 ], [ 9.17761207831988, 64.005003210271298 ], [ 9.182989937727084, 64.013514352921476 ], [ 9.19618665801738, 64.018868814992359 ], [ 9.226570614091077, 64.031847708295317 ], [ 9.292934500207309, 64.066958980429533 ], [ 9.325578530639797, 64.087074117245024 ], [ 9.355859080126084, 64.110661683269825 ], [ 9.3906757920402, 64.129561636137026 ], [ 9.401125060066819, 64.142676982210261 ], [ 9.416481444096735, 64.161928362621282 ], [ 9.412228170171328, 64.169416969033946 ] ] } },
{ "type": "Feature", "properties": { "gml_id": "idf903f6ca-4692-4629-bdad-99802756328c", "lokalid": "ea70c6b6-8c02-4f73-b113-6abb7e5ff7f5", "navnerom": "https://data.geonorge.no/sosi/samferdsel/hovedled_og_biled", "versjonId": 20210101, "datauttaksdato": "2026-01-01T23:00:58", "farlednavn": "Hurtigbåt Sistranda", "farlednummer": 2534, "farledtype": "Biled" }, "geometry": { "type": "LineString", "coordinates": [ [ 8.688825915981106, 63.875072834590895 ], [ 8.725617910158807, 63.884782699631558 ], [ 8.745562351870664, 63.890039635024507 ], [ 8.757021311071256, 63.894664001630268 ], [ 8.776378979796922, 63.900905958985021 ], [ 8.828450361775797, 63.92716606645925 ], [ 8.874654930694573, 63.928722260771799 ], [ 8.883845384553915, 63.925163257662156 ], [ 8.889745953372843, 63.924125032878557 ], [ 8.896636067447574, 63.924702387177803 ], [ 8.899366880059556, 63.925145737240712 ], [ 8.902767554070509, 63.926109033517186 ], [ 8.907600636793576, 63.927078458322882 ], [ 8.907971118797811, 63.927094089454641 ] ] } },
{ "type": "Feature", "properties": { "gml_id": "idcaa97729-967b-447d-9034-e88b299a7004", "lokalid": "ed5b9f3a-4b5e-4382-88d4-43924135e099", "navnerom": "https://data.geonorge.no/sosi/samferdsel/hovedled_og_biled", "versjonId": 20210101, "datauttaksdato": "2026-01-01T23:00:58", "farlednavn": "Hurtigbåt Sistranda", "farlednummer": 2534, "farledtype": "Biled" }, "geometry": { "type": "LineString", "coordinates": [ [ 8.641031944188322, 63.865179560163796 ], [ 8.63554270571824, 63.864322813883334 ], [ 8.623720985727289, 63.866482623266904 ], [ 8.611373242557326, 63.868278345682128 ], [ 8.604067702570743, 63.870514504657166 ], [ 8.587659384439441, 63.87374502925843 ], [ 8.58314265566187, 63.875236725444459 ], [ 8.571839344118462, 63.876706309983362 ], [ 8.570033612373603, 63.877963556306398 ], [ 8.567204391941811, 63.878624257202283 ], [ 8.553335423776142, 63.874950173267791 ], [ 8.542810224222443, 63.873424018067141 ], [ 8.527228764230085, 63.869139468400185 ], [ 8.521592575289022, 63.868661726316077 ], [ 8.502842730524199, 63.86553672973124 ], [ 8.490798147492768, 63.862828368382537 ], [ 8.454025311186303, 63.854866841339394 ], [ 8.454860199172252, 63.853211904869944 ] ] } },
{ "type": "Feature", "properties": { "gml_id": "id0fae5fe7-e73a-45ba-919b-c6c0b16b0d66", "lokalid": "64ca636f-0abb-49e1-8b69-f5d20b8f26ec", "navnerom": "https://data.geonorge.no/sosi/samferdsel/hovedled_og_biled", "versjonId": 20210101, "datauttaksdato": "2026-01-01T23:00:58", "farlednavn": "Hurtigbåt Sistranda", "farlednummer": 2534, "farledtype": "Biled" }, "geometry": { "type": "LineString", "coordinates": [ [ 8.641031944188322, 63.865179560163796 ], [ 8.643407480844706, 63.866000270176194 ], [ 8.645487250860038, 63.866042375107817 ], [ 8.647742670007089, 63.866564474529419 ], [ 8.653085810910143, 63.867318999445992 ], [ 8.661412471595593, 63.869399004589845 ], [ 8.663186936207245, 63.869842166087835 ], [ 8.670673116886755, 63.873083905704391 ], [ 8.688825915981106, 63.875072834590895 ] ] } },
{ "type": "Feature", "properties": { "gml_id": "id5a7ba945-558b-4e41-8e08-4950bba8505e", "lokalid": "6f18264e-efff-4bf4-ad19-24ed3f9cc7cb", "navnerom": "https://data.geonorge.no/sosi/samferdsel/hovedled_og_biled", "versjonId": 20210101, "datauttaksdato": "2026-01-01T23:00:58", "farlednavn": "Hurtigbåt Sistranda", "farlednummer": 2534, "farledtype": "Biled" }, "geometry": { "type": "LineString", "coordinates": [ [ 8.823850967110674, 63.807881213319831 ], [ 8.81754752041002, 63.821403773010232 ], [ 8.815359190605319, 63.82609503782259 ], [ 8.769787213420109, 63.851768421024872 ] ] } },
{ "type": "Feature", "properties": { "gml_id": "id05d7605f-0384-43a0-9c09-9ad1e6afe470", "lokalid": "c0191d54-7df5-49af-b363-86834cd3a04c", "navnerom": "https://data.geonorge.no/sosi/samferdsel/hovedled_og_biled", "versjonId": 20210101, "datauttaksdato": "2026-01-01T23:00:58", "farlednavn": "Hurtigbåt Sistranda", "farlednummer": 2534, "farledtype": "Biled" }, "geometry": { "type": "LineString", "coordinates": [ [ 8.769787213420109, 63.851768421024872 ], [ 8.730621734711137, 63.820480755796481 ], [ 8.727944068041062, 63.81510127516227 ], [ 8.715188807963402, 63.812009553347821 ], [ 8.712878159842228, 63.809393310057281 ], [ 8.706013560509, 63.803930168730211 ], [ 8.699990805159215, 63.802739863335873 ], [ 8.694444082555481, 63.802099704588919 ], [ 8.690460439372208, 63.8020574389014 ], [ 8.680139758728199, 63.801339650997654 ] ] } },
{ "type": "Feature", "properties": { "gml_id": "id94fab828-4295-4133-b408-55e41d58891e", "lokalid": "a3eb2004-2697-4b52-b3df-2f801ca8df9d", "navnerom": "https://data.geonorge.no/sosi/samferdsel/hovedled_og_biled", "versjonId": 20210101, "datauttaksdato": "2026-01-01T23:00:58", "farlednavn": "Hurtigbåt Sistranda", "farlednummer": 2534, "farledtype": "Biled" }, "geometry": { "type": "LineString", "coordinates": [ [ 8.839816308715939, 63.736221455025479 ], [ 8.844014881662961, 63.736906157072113 ], [ 8.845812019099398, 63.74751453200119 ], [ 8.844287009327145, 63.750142290428172 ], [ 8.829395449131059, 63.761075592491707 ], [ 8.824875926895196, 63.761614472096234 ], [ 8.821998410884648, 63.762784435189324 ], [ 8.820072578539442, 63.763237017239561 ], [ 8.821056590708761, 63.768442312339069 ], [ 8.820270484886299, 63.772964489817767 ], [ 8.81883425688517, 63.774097858027126 ], [ 8.82089824997191, 63.774903367123301 ], [ 8.817990445292917, 63.781802541333512 ], [ 8.818687070730867, 63.78316174216971 ], [ 8.819645429700584, 63.791683965125095 ], [ 8.824339816557023, 63.802450657264572 ], [ 8.823850967110674, 63.807881213319831 ] ] } },
{ "type": "Feature", "properties": { "gml_id": "id289d149a-16d7-4723-bfc6-2ef6b3fde75f", "lokalid": "9bd5d7fc-265d-46a5-82a2-f90d7bda2ca4", "navnerom": "https://data.geonorge.no/sosi/samferdsel/hovedled_og_biled", "versjonId": 20210101, "datauttaksdato": "2026-01-01T23:00:58", "farlednavn": "Hurtigbåt Sistranda", "farlednummer": 2534, "farledtype": "Biled" }, "geometry": { "type": "LineString", "coordinates": [ [ 8.680139758728199, 63.801339650997654 ], [ 8.681053194899349, 63.800233127294113 ] ] } },
{ "type": "Feature", "properties": { "gml_id": "id0399e86f-593e-49cf-a743-b54ed543aac5", "lokalid": "7185e152-457f-4060-9f63-373d926d7dce", "navnerom": "https://data.geonorge.no/sosi/samferdsel/hovedled_og_biled", "versjonId": 20210101, "datauttaksdato": "2026-01-01T23:00:58", "farlednavn": "Hurtigbåt Namsos - Gutvik", "farlednummer": 2553, "farledtype": "Biled" }, "geometry": { "type": "LineString", "coordinates": [ [ 11.696170055927794, 65.028528517430715 ], [ 11.801056351190734, 65.076654418825726 ], [ 11.808889318481514, 65.080342003309525 ], [ 11.813821344029764, 65.082973857167332 ], [ 11.772356034234651, 65.086102633816367 ], [ 11.75209228575533, 65.087627187560713 ], [ 11.750008664199646, 65.086319920804399 ], [ 11.754326257445433, 65.083908198939909 ], [ 11.754626796610832, 65.083074241983951 ], [ 11.732332498046731, 65.061299903654373 ] ] } },
{ "type": "Feature", "properties": { "gml_id": "idf3afee71-29ea-4d4b-9980-0f79805090b7", "lokalid": "21fab382-4665-4f50-adfa-95ef6fce6e5e", "navnerom": "https://data.geonorge.no/sosi/samferdsel/hovedled_og_biled", "versjonId": 20210101, "datauttaksdato": "2026-01-01T23:00:58", "farlednavn": "Hurtigbåt Namsos - Gutvik", "farlednummer": 2553, "farledtype": "Biled" }, "geometry": { "type": "LineString", "coordinates": [ [ 11.470065008375851, 64.936714223898676 ], [ 11.470492909725351, 64.938286494304506 ], [ 11.470606753974023, 64.941278783490063 ], [ 11.475209746895919, 64.943342537198546 ], [ 11.513235697036823, 64.955036159502185 ] ] } },
{ "type": "Feature", "properties": { "gml_id": "idea26b755-28c6-47b4-8d5d-1bc80eb9a1be", "lokalid": "82b97310-96e0-4004-b954-7433fcaad4f7", "navnerom": "https://data.geonorge.no/sosi/samferdsel/hovedled_og_biled", "versjonId": 20210101, "datauttaksdato": "2026-01-01T23:00:58", "farlednavn": "Hurtigbåt Namsos - Gutvik", "farlednummer": 2553, "farledtype": "Biled" }, "geometry": { "type": "LineString", "coordinates": [ [ 11.470065008375851, 64.936714223898676 ], [ 11.469614424205474, 64.937242210927209 ], [ 11.463996047540755, 64.938913470609293 ], [ 11.462634646929159, 64.939123547137726 ], [ 11.45963283738786, 64.939235285271621 ], [ 11.457385312656864, 64.93975129978088 ] ] } },
{ "type": "Feature", "properties": { "gml_id": "idadc3dfdb-f2f7-4d94-9948-cac835e981b1", "lokalid": "732aa863-2ad7-4112-8926-2c106b39f72a", "navnerom": "https://data.geonorge.no/sosi/samferdsel/hovedled_og_biled", "versjonId": 20210101, "datauttaksdato": "2026-01-01T23:00:58", "farlednavn": "Hurtigbåt Namsos - Gutvik", "farlednummer": 2553, "farledtype": "Biled" }, "geometry": { "type": "LineString", "coordinates": [ [ 11.470065008375851, 64.936714223898676 ], [ 11.469682017680508, 64.936247281330793 ], [ 11.468004684156558, 64.935965114699101 ], [ 11.467612311611047, 64.935131039603192 ] ] } },
{ "type": "Feature", "properties": { "gml_id": "id231ef75e-744c-430e-bef7-7efae8505586", "lokalid": "2bcf100c-b7b7-48ef-b4c2-28eab463cc1d", "navnerom": "https://data.geonorge.no/sosi/samferdsel/hovedled_og_biled", "versjonId": 20210101, "datauttaksdato": "2026-01-01T23:00:58", "farlednavn": "Bukketjuane - Flåvær", "farlednummer": 1531, "farledtype": "Hovedled" }, "geometry": { "type": "LineString", "coordinates": [ [ 4.997725493674057, 62.170798027719883 ], [ 5.163896500627514, 62.255362857470431 ], [ 5.342013409771198, 62.280952932499488 ], [ 5.565778807877273, 62.312433301147443 ] ] } },
{ "type": "Feature", "properties": { "gml_id": "id64d63747-a1da-4dc1-afbd-eb1781ae678d", "lokalid": "36e89906-5cfe-4fd2-93e5-a10b29e06cf4", "navnerom": "https://data.geonorge.no/sosi/samferdsel/hovedled_og_biled", "versjonId": 20210101, "datauttaksdato": "2026-01-01T23:00:58", "farlednavn": "Stabbeleia - Frøysjøen", "farlednummer": 1518, "farledtype": "Hovedled" }, "geometry": { "type": "LineString", "coordinates": [ [ 4.953911703546048, 61.578288350472697 ], [ 4.953796703428317, 61.587603350495264 ], [ 4.956752447078839, 61.591046301865632 ], [ 4.95858170358437, 61.593176689922259 ], [ 4.962610036372077, 61.59800669007074 ], [ 4.962512384785959, 61.600320703881501 ], [ 4.962495037357178, 61.600731690047162 ], [ 4.962321702663914, 61.60323169002303 ], [ 4.980231703440905, 61.618360019571952 ], [ 4.981221229704217, 61.62217982787088 ], [ 4.98286670264028, 61.628530019804089 ], [ 4.981378369561035, 61.637123349852281 ], [ 4.981606701883733, 61.651630019936988 ], [ 4.962610036095494, 61.674771689975323 ], [ 4.961473369299472, 61.692515020059375 ], [ 4.959635037047474, 61.721981689845848 ], [ 4.982049305059228, 61.755595811002337 ], [ 5.030624074608893, 61.772142462820092 ], [ 5.167065030821259, 61.818436686480624 ], [ 5.262051695420137, 61.833081684917801 ] ] } },
{ "type": "Feature", "properties": { "gml_id": "iddec6633b-e1bd-4701-b09c-c94aed60eecd", "lokalid": "57987fae-25ae-492e-bee7-bcc159746bad", "navnerom": "https://data.geonorge.no/sosi/samferdsel/hovedled_og_biled", "versjonId": 20210101, "datauttaksdato": "2026-01-01T23:00:58", "farlednavn": "Ytre Innseiling Nyhamna", "farlednummer": 1131, "farledtype": "Hovedled" }, "geometry": { "type": "LineString", "coordinates": [ [ 6.449425428729135, 62.932585865305199 ], [ 6.618860739601958, 62.954852641530984 ], [ 6.70426524992034, 62.953224755790529 ], [ 6.795561577586217, 62.92437354016333 ], [ 6.858631939936024, 62.904373012746959 ] ] } },
{ "type": "Feature", "properties": { "gml_id": "id47a256a4-48b9-4245-986e-09f28f324038", "lokalid": "642e5fc9-3ca3-4a56-b7c2-6223d19a93de", "navnerom": "https://data.geonorge.no/sosi/samferdsel/hovedled_og_biled", "versjonId": 20210101, "datauttaksdato": "2026-01-01T23:00:58", "farlednavn": "Vågsfjorden - Statthavet", "farlednummer": 1526, "farledtype": "Hovedled" }, "geometry": { "type": "LineString", "coordinates": [ [ 5.119686699991262, 61.911690016662234 ], [ 5.019626407721065, 61.930009646565843 ], [ 5.016550806068508, 61.930571215661146 ], [ 5.01101742382019, 61.93158131808751 ], [ 4.956092268148891, 61.953754130828273 ], [ 4.924570166300016, 61.963980020686762 ], [ 4.800100426338721, 61.963550908690586 ], [ 4.842876751605864, 62.068661243737409 ], [ 4.997725493674057, 62.170798027719883 ] ] } },
{ "type": "Feature", "properties": { "gml_id": "idc59e1b68-1c3d-46a4-833e-fa09fb7d9ea7", "lokalid": "9a8dd4f3-244a-4866-9eee-49c4d56fc4be", "navnerom": "https://data.geonorge.no/sosi/samferdsel/hovedled_og_biled", "versjonId": 20210101, "datauttaksdato": "2026-01-01T23:00:58", "farlednavn": "Høyangerfjorden", "farlednummer": 2292, "farledtype": "Biled" }, "geometry": { "type": "LineString", "coordinates": [ [ 6.066300503636358, 61.216285267264553 ], [ 6.067524711628766, 61.199437276352704 ], [ 6.058330168865261, 61.189555432240404 ], [ 6.013891893849103, 61.179082350860583 ], [ 5.987557168528855, 61.164568223968281 ], [ 5.985645357392838, 61.140048835525441 ] ] } },
{ "type": "Feature", "properties": { "gml_id": "idff10fc0b-e685-4629-9a63-539c771c7549", "lokalid": "d3637fde-a637-40a1-9a4c-442a30211dc9", "navnerom": "https://data.geonorge.no/sosi/samferdsel/hovedled_og_biled", "versjonId": 20210101, "datauttaksdato": "2026-01-01T23:00:58", "farlednavn": "Ferge Ortnevik - Noreide", "farlednummer": 2293, "farledtype": "Biled" }, "geometry": { "type": "LineString", "coordinates": [ [ 6.134066380428419, 61.114146041374994 ], [ 6.136882660050248, 61.116027320699025 ], [ 6.137566153903604, 61.118420245962611 ], [ 6.14008650779682, 61.132419832696897 ] ] } },
{ "type": "Feature", "properties": { "gml_id": "id5bfb19d2-188c-40d7-866e-f669d7723136", "lokalid": "2345df31-560a-480f-93fa-be1cf95c61a3", "navnerom": "https://data.geonorge.no/sosi/samferdsel/hovedled_og_biled", "versjonId": 20210101, "datauttaksdato": "2026-01-01T23:00:58", "farlednavn": "Arnafjord", "farlednummer": 2294, "farledtype": "Biled" }, "geometry": { "type": "LineString", "coordinates": [ [ 6.36320167828945, 61.09503833694734 ], [ 6.421336678371169, 61.07323000612692 ], [ 6.419506678111097, 61.051413336535163 ], [ 6.394396513888839, 61.018927601621883 ], [ 6.414414955675219, 61.008927861077701 ] ] } },
{ "type": "Feature", "properties": { "gml_id": "id75cbef75-2f22-4bcc-970b-c412545d0135", "lokalid": "2ef59b70-0e27-40fb-8863-9bfea3ca4da9", "navnerom": "https://data.geonorge.no/sosi/samferdsel/hovedled_og_biled", "versjonId": 20210101, "datauttaksdato": "2026-01-01T23:00:58", "farlednavn": "Balestrand", "farlednummer": 2300, "farledtype": "Biled" }, "geometry": { "type": "LineString", "coordinates": [ [ 6.572180210066188, 61.146772171189603 ], [ 6.546930099438561, 61.208065395701745 ], [ 6.541360810465416, 61.210065621937979 ] ] } },
{ "type": "Feature", "properties": { "gml_id": "idd14b634e-5429-4bca-a5a3-fa1b232ef341", "lokalid": "adc269ff-888f-4942-8596-feb7a9bc7d31", "navnerom": "https://data.geonorge.no/sosi/samferdsel/hovedled_og_biled", "versjonId": 20210101, "datauttaksdato": "2026-01-01T23:00:58", "farlednavn": "Aurlandsfjorden", "farlednummer": 2304, "farledtype": "Biled" }, "geometry": { "type": "LineString", "coordinates": [ [ 6.960341157291478, 61.096481496392663 ], [ 7.011802976500014, 61.070409819889065 ], [ 7.044094961745949, 60.997701953182016 ], [ 7.047830572193008, 60.994824267858796 ], [ 7.075138338783363, 60.973768332826474 ], [ 7.12251667229325, 60.951883333116037 ], [ 7.166805005603273, 60.939323333016489 ], [ 7.165203338935472, 60.912296672808012 ], [ 7.135105004746995, 60.872770002881573 ], [ 7.123318338548152, 60.864696672758086 ] ] } },
{ "type": "Feature", "properties": { "gml_id": "ideaaf15d2-9546-4d3c-9f1b-60753222dcd3", "lokalid": "fee8c0b3-3a10-4d60-9882-2057241465f5", "navnerom": "https://data.geonorge.no/sosi/samferdsel/hovedled_og_biled", "versjonId": 20210101, "datauttaksdato": "2026-01-01T23:00:58", "farlednavn": "Nærøyfjorden", "farlednummer": 2305, "farledtype": "Biled" }, "geometry": { "type": "LineString", "coordinates": [ [ 7.047830572193008, 60.994824267858796 ], [ 7.01897528361871, 60.977630567966536 ], [ 6.946357860173128, 60.954587224660294 ], [ 6.930600007303841, 60.942546673856768 ], [ 6.882535006504802, 60.933988333617727 ], [ 6.876926674380536, 60.931038334460972 ], [ 6.870976673952344, 60.922418334250708 ], [ 6.873605006310716, 60.917001674355973 ], [ 6.868115007293954, 60.900213333637787 ], [ 6.844768339971782, 60.881956674533697 ] ] } },
{ "type": "Feature", "properties": { "gml_id": "id66bce5c8-9f5a-4177-a3f0-7d99ef10dc67", "lokalid": "572e2a06-fea3-4dea-9d21-cf9d89f9a31f", "navnerom": "https://data.geonorge.no/sosi/samferdsel/hovedled_og_biled", "versjonId": 20210101, "datauttaksdato": "2026-01-01T23:00:58", "farlednavn": "Lustrafjorden", "farlednummer": 2313, "farledtype": "Biled" }, "geometry": { "type": "LineString", "coordinates": [ [ 7.40994706706462, 61.171492474775619 ], [ 7.334209245653626, 61.267430484889807 ], [ 7.303511042891889, 61.298985421932855 ], [ 7.369443938574939, 61.357579963887915 ], [ 7.515358168242668, 61.450498259934015 ], [ 7.597316373545866, 61.487570695112247 ] ] } },
{ "type": "Feature", "properties": { "gml_id": "id10ceae5e-0925-49bd-b0e9-d1427e0d67ca", "lokalid": "2f5db9e3-7dd9-4362-85f9-2a38f971da4d", "navnerom": "https://data.geonorge.no/sosi/samferdsel/hovedled_og_biled", "versjonId": 20210101, "datauttaksdato": "2026-01-01T23:00:58", "farlednavn": "Hamneosen - Drivøyosen", "farlednummer": 2314, "farledtype": "Biled" }, "geometry": { "type": "LineString", "coordinates": [ [ 4.741803375310356, 61.167083357157018 ], [ 4.776803679666023, 61.178776251094796 ], [ 4.795361708937158, 61.191076695555758 ], [ 4.791928375092951, 61.198030025754967 ], [ 4.788610042036538, 61.200618355267864 ], [ 4.786663375221571, 61.203645025447763 ], [ 4.784095149508012, 61.212038539061837 ], [ 4.779103761276161, 61.228336420769068 ], [ 4.760497337250102, 61.243075639254371 ], [ 4.74513051247008, 61.255235645339894 ] ] } },
{ "type": "Feature", "properties": { "gml_id": "idb05cfea2-fc4c-42b4-a95b-16ad82674d52", "lokalid": "a749d4d4-95df-493f-855d-a48762331d46", "navnerom": "https://data.geonorge.no/sosi/samferdsel/hovedled_og_biled", "versjonId": 20210101, "datauttaksdato": "2026-01-01T23:00:58", "farlednavn": "Vilnesfjorden - Granesund", "farlednummer": 1514, "farledtype": "Hovedled" }, "geometry": { "type": "LineString", "coordinates": [ [ 4.881389589823002, 61.254583162376399 ], [ 4.903779614932856, 61.282815005734427 ], [ 4.966734683189478, 61.292281076142594 ], [ 5.015401701617948, 61.301316690938286 ], [ 5.069986883123036, 61.312894423689954 ], [ 5.072400934999861, 61.313405757404077 ], [ 5.064526700232374, 61.321288349553612 ], [ 5.06006336601587, 61.326185020262102 ], [ 5.05243421705803, 61.330206893707306 ], [ 5.049498608351552, 61.334606426884328 ], [ 5.044062410194403, 61.342749843444267 ], [ 5.04237520542173, 61.345291320994228 ], [ 5.018865033775277, 61.380656690463397 ], [ 4.972171703895492, 61.411610020966101 ], [ 4.980920035469065, 61.482281690238011 ] ] } },
{ "type": "Feature", "properties": { "gml_id": "idd77d9bb4-7eb8-4fbb-b283-3eceb6cb576c", "lokalid": "4b46384c-4737-4255-9792-1869f91d497b", "navnerom": "https://data.geonorge.no/sosi/samferdsel/hovedled_og_biled", "versjonId": 20210101, "datauttaksdato": "2026-01-01T23:00:58", "farlednavn": "Sør om Bragen", "farlednummer": 2113, "farledtype": "Biled" }, "geometry": { "type": "LineString", "coordinates": [ [ 5.539505019520491, 59.028721691302998 ], [ 5.595465776447672, 59.045025729405864 ] ] } },
{ "type": "Feature", "properties": { "gml_id": "idc41af157-614f-4d90-acae-1bfbeb97b3d2", "lokalid": "c1418db4-6091-46c1-94c2-abaebd47192b", "navnerom": "https://data.geonorge.no/sosi/samferdsel/hovedled_og_biled", "versjonId": 20210101, "datauttaksdato": "2026-01-01T23:00:58", "farlednavn": "Tvibyrgesundet - Heggøyosen", "farlednummer": 2320, "farledtype": "Biled" }, "geometry": { "type": "LineString", "coordinates": [ [ 4.903779614932856, 61.282815005734427 ], [ 4.883037985959928, 61.31337534819933 ], [ 4.867573371400784, 61.336116693341559 ], [ 4.871808371516712, 61.348848353325991 ], [ 4.88142003841354, 61.35778835315363 ], [ 4.896641704972728, 61.369413352832055 ], [ 4.896985037692914, 61.370731692824009 ], [ 4.896526705041213, 61.371995022525084 ], [ 4.895038371293142, 61.373915022736405 ], [ 4.891950039037397, 61.375335022932958 ], [ 4.888630037908257, 61.380410022776616 ], [ 4.939213369016988, 61.386305021757671 ], [ 4.96473336983059, 61.403558351626259 ], [ 4.972171703895492, 61.411610020966101 ] ] } },
{ "type": "Feature", "properties": { "gml_id": "id6460db80-3e5f-4c8c-8a30-8c9591270827", "lokalid": "d0453e21-a55a-494c-8cfc-125c1766d0b2", "navnerom": "https://data.geonorge.no/sosi/samferdsel/hovedled_og_biled", "versjonId": 20210101, "datauttaksdato": "2026-01-01T23:00:58", "farlednavn": "Dalsfjorden", "farlednummer": 2322, "farledtype": "Biled" }, "geometry": { "type": "LineString", "coordinates": [ [ 5.072400934999861, 61.313405757404077 ], [ 5.080437114872861, 61.314786384666498 ], [ 5.118774074422355, 61.321364580204595 ], [ 5.179086146091821, 61.327558567092801 ], [ 5.193043363257141, 61.348520017304736 ], [ 5.276700027858646, 61.358560016422061 ], [ 5.330715027779873, 61.36711168579329 ], [ 5.39137002605305, 61.370841685338839 ], [ 5.404873358718015, 61.37797168473395 ], [ 5.429593358048749, 61.380383344601725 ], [ 5.463010023886908, 61.376106683520611 ], [ 5.536080022606667, 61.375780012673012 ], [ 5.566120021867721, 61.368156683190179 ], [ 5.623111688877379, 61.371060012231858 ], [ 5.638561687485591, 61.3731433421802 ], [ 5.643940021447795, 61.372978342330349 ], [ 5.653410020496644, 61.373020011638431 ], [ 5.66214745545657, 61.365664977568613 ] ] } },
{ "type": "Feature", "properties": { "gml_id": "id5cb254f0-b1b4-438f-b061-88b514d1ec9e", "lokalid": "e3cfb97f-ed59-4696-9486-1f1a19b9881f", "navnerom": "https://data.geonorge.no/sosi/samferdsel/hovedled_og_biled", "versjonId": 20210101, "datauttaksdato": "2026-01-01T23:00:58", "farlednavn": "Rekstadfjorden", "farlednummer": 2324, "farledtype": "Biled" }, "geometry": { "type": "LineString", "coordinates": [ [ 4.515088271917266, 61.509126783170771 ], [ 4.925136705252885, 61.565111691215947 ], [ 4.974890036090215, 61.566471690173614 ] ] } },
{ "type": "Feature", "properties": { "gml_id": "idbe879aa9-315c-4fe6-bf95-024d4cf3b232", "lokalid": "88ff5ac9-1784-4d69-8d9d-5e10311bf848", "navnerom": "https://data.geonorge.no/sosi/samferdsel/hovedled_og_biled", "versjonId": 20210101, "datauttaksdato": "2026-01-01T23:00:58", "farlednavn": "Solheimsfjord - Eikefjord", "farlednummer": 2325, "farledtype": "Biled" }, "geometry": { "type": "LineString", "coordinates": [ [ 4.974890036090215, 61.566471690173614 ], [ 5.198193363347551, 61.603231687022216 ], [ 5.247173361568661, 61.608128345913933 ], [ 5.293523361197971, 61.609003345649796 ], [ 5.373058358512336, 61.603996684130273 ], [ 5.44418335846084, 61.583335013935361 ] ] } },
{ "type": "Feature", "properties": { "gml_id": "ide9af5d5b-8647-447c-8788-9914d745631d", "lokalid": "213da3ad-d625-4e7e-a612-b9b7cc3a46ef", "navnerom": "https://data.geonorge.no/sosi/samferdsel/hovedled_og_biled", "versjonId": 20210101, "datauttaksdato": "2026-01-01T23:00:58", "farlednavn": "Hellefjorden", "farlednummer": 1517, "farledtype": "Hovedled" }, "geometry": { "type": "LineString", "coordinates": [ [ 4.765378374811945, 61.700281693177743 ], [ 4.868145039640734, 61.643263351457534 ], [ 4.962321702663914, 61.60323169002303 ] ] } },
{ "type": "Feature", "properties": { "gml_id": "ida8c92c69-3501-4d86-a4a6-111476c1636c", "lokalid": "f1000776-2579-49b2-a404-0b1f15f30b92", "navnerom": "https://data.geonorge.no/sosi/samferdsel/hovedled_og_biled", "versjonId": 20210101, "datauttaksdato": "2026-01-01T23:00:58", "farlednavn": "Kalvåg", "farlednummer": 2334, "farledtype": "Biled" }, "geometry": { "type": "LineString", "coordinates": [ [ 4.961473369299472, 61.692515020059375 ], [ 4.943905036307625, 61.716666690094762 ], [ 4.920720440826327, 61.739993224634851 ], [ 4.897307506580205, 61.763507497773396 ], [ 4.891434222696577, 61.765705551062624 ], [ 4.883567951178674, 61.766357551093435 ] ] } },
{ "type": "Feature", "properties": { "gml_id": "id3eecea14-dc10-4d19-a28e-14e25d582cc9", "lokalid": "9716e0ba-9c78-4d4a-9470-d6ff5ef0a86f", "navnerom": "https://data.geonorge.no/sosi/samferdsel/hovedled_og_biled", "versjonId": 20210101, "datauttaksdato": "2026-01-01T23:00:58", "farlednavn": "Fåfjorden", "farlednummer": 2342, "farledtype": "Biled" }, "geometry": { "type": "LineString", "coordinates": [ [ 4.956092268148891, 61.953754130828273 ], [ 4.961326439933396, 61.935311280202683 ], [ 4.973522795663248, 61.926488908045343 ], [ 4.974966035211231, 61.925444497926399 ], [ 5.012884515970926, 61.897972148818738 ], [ 5.098148714538626, 61.887794844887786 ], [ 5.115566700024754, 61.88570834651383 ], [ 5.173505030190843, 61.878495016101098 ] ] } },
{ "type": "Feature", "properties": { "gml_id": "id95cb1c1e-7bea-4c83-91ed-6946155c3efd", "lokalid": "a2ede474-b524-46a3-86c2-0ee9aa8c97d8", "navnerom": "https://data.geonorge.no/sosi/samferdsel/hovedled_og_biled", "versjonId": 20210101, "datauttaksdato": "2026-01-01T23:00:58", "farlednavn": "Nordfjord - Faleidfjord", "farlednummer": 2344, "farledtype": "Biled" }, "geometry": { "type": "LineString", "coordinates": [ [ 5.1686100311834, 61.886390015492907 ], [ 5.214673362792078, 61.894121685444894 ], [ 5.333233360429899, 61.903930013316497 ], [ 5.433255025790283, 61.922570012074011 ], [ 5.612011687870234, 61.908670010669631 ], [ 5.67499001986525, 61.898548339718353 ], [ 5.71455002028257, 61.892175010105056 ], [ 5.719151923342613, 61.89012312365454 ], [ 5.806561685523485, 61.851065009214949 ], [ 5.885753349521036, 61.867040008298623 ], [ 5.997963348769656, 61.861133337723579 ], [ 6.020452366515949, 61.859146652735433 ], [ 6.039848349020343, 61.85743000738568 ], [ 6.081560578250736, 61.853936767273829 ], [ 6.09129001367275, 61.853120007097942 ], [ 6.133405014813722, 61.84026667662603 ], [ 6.298200011109592, 61.855710005817542 ], [ 6.432781678467358, 61.82071167525104 ], [ 6.517468343259571, 61.820275004674194 ], [ 6.555920009133093, 61.840375004736408 ], [ 6.567135008734466, 61.871036674400955 ], [ 6.614513342146298, 61.880748333961293 ], [ 6.678787086958692, 61.877420429012957 ], [ 6.739025008890002, 61.87427333345007 ], [ 6.797733340541044, 61.860300003662864 ], [ 6.808207999359052, 61.843264214774081 ] ] } },
{ "type": "Feature", "properties": { "gml_id": "idf0dd4067-3426-4106-a040-f2b4d3fcb4ec", "lokalid": "1870cce8-e768-4c05-ab95-bb56de759bbf", "navnerom": "https://data.geonorge.no/sosi/samferdsel/hovedled_og_biled", "versjonId": 20210101, "datauttaksdato": "2026-01-01T23:00:58", "farlednavn": "Eidsfjord", "farlednummer": 2345, "farledtype": "Biled" }, "geometry": { "type": "LineString", "coordinates": [ [ 5.67499001986525, 61.898548339718353 ], [ 5.722461639843194, 61.901706391619022 ], [ 5.835686684488686, 61.909170008857835 ], [ 5.983417763553351, 61.90613793541484 ] ] } },
{ "type": "Feature", "properties": { "gml_id": "idec9c2754-2363-4c5a-9e54-7c801ba5cf81", "lokalid": "798436e0-865f-4283-867f-e68aca85cf23", "navnerom": "https://data.geonorge.no/sosi/samferdsel/hovedled_og_biled", "versjonId": 20210101, "datauttaksdato": "2026-01-01T23:00:58", "farlednavn": "Hyen", "farlednummer": 2351, "farledtype": "Biled" }, "geometry": { "type": "LineString", "coordinates": [ [ 5.997963348769656, 61.861133337723579 ], [ 5.987606682501085, 61.829358338033288 ], [ 5.974903349616386, 61.799701678211505 ], [ 5.956365015888316, 61.769300007690461 ], [ 5.922613264935688, 61.744112753841804 ], [ 5.922348253107739, 61.741920510564057 ] ] } },
{ "type": "Feature", "properties": { "gml_id": "idca8fad4c-89b7-48d4-aa9a-5856f903ab12", "lokalid": "fe6be14a-fb89-4024-b4f2-68662432c0ec", "navnerom": "https://data.geonorge.no/sosi/samferdsel/hovedled_og_biled", "versjonId": 20210101, "datauttaksdato": "2026-01-01T23:00:58", "farlednavn": "Barmsundet", "farlednummer": 2355, "farledtype": "Biled" }, "geometry": { "type": "LineString", "coordinates": [ [ 5.339818899314922, 62.045508306379439 ], [ 5.337128972034551, 62.04587574081512 ], [ 5.33178263902799, 62.043232470361431 ], [ 5.331275600611833, 62.036029780805265 ], [ 5.3311383604342, 62.034080012888879 ], [ 5.330258359975025, 62.021840013324443 ], [ 5.3078283607995, 61.994771683377664 ], [ 5.236191876446204, 61.99249117488673 ], [ 5.199517261961593, 61.99276363047715 ] ] } },
{ "type": "Feature", "properties": { "gml_id": "id12679a2d-b24b-49c7-8cfd-d22ccfa3b8fb", "lokalid": "55bf1294-39e2-4509-90a1-6a469f0ba9e1", "navnerom": "https://data.geonorge.no/sosi/samferdsel/hovedled_og_biled", "versjonId": 20210101, "datauttaksdato": "2026-01-01T23:00:58", "farlednavn": "Sildefjord - Røysetfjorden", "farlednummer": 2360, "farledtype": "Biled" }, "geometry": { "type": "LineString", "coordinates": [ [ 5.159226697960364, 61.987606685742712 ], [ 5.173360030444631, 61.990633345040663 ], [ 5.199517261961593, 61.99276363047715 ], [ 5.249292567734823, 62.029466803285707 ], [ 5.273542676782847, 62.03916176956028 ] ] } },
{ "type": "Feature", "properties": { "gml_id": "id5283c03d-d87c-478c-98d2-3bc62b48672f", "lokalid": "787e9673-c876-45d7-8229-d381280ab28f", "navnerom": "https://data.geonorge.no/sosi/samferdsel/hovedled_og_biled", "versjonId": 20210101, "datauttaksdato": "2026-01-01T23:00:58", "farlednavn": "Hervikfjorden - Espevik", "farlednummer": 2141, "farledtype": "Biled" }, "geometry": { "type": "LineString", "coordinates": [ [ 5.660858107339052, 59.340259703213917 ], [ 5.648333352262173, 59.333333348645503 ], [ 5.601710746037994, 59.274804459475476 ], [ 5.57618146940313, 59.224762992346363 ], [ 5.519583766642625, 59.158362712800873 ] ] } },
{ "type": "Feature", "properties": { "gml_id": "id3a31467d-239b-46b6-84d3-add1c936f9ed", "lokalid": "c0267b67-1494-4f38-bbe4-9f8ece1cde79", "navnerom": "https://data.geonorge.no/sosi/samferdsel/hovedled_og_biled", "versjonId": 20210101, "datauttaksdato": "2026-01-01T23:00:58", "farlednavn": "Raunane", "farlednummer": 2237, "farledtype": "Biled" }, "geometry": { "type": "LineString", "coordinates": [ [ 5.156585029892036, 60.241285023231434 ], [ 5.179481697204252, 60.264453353483312 ], [ 5.186718683044613, 60.27858453945538 ] ] } },
{ "type": "Feature", "properties": { "gml_id": "id9a1c2ccc-e76b-40ce-ac9b-49ba17c55a3b", "lokalid": "c540beae-93f8-4a4b-a280-b1cad0e0e939", "navnerom": "https://data.geonorge.no/sosi/samferdsel/hovedled_og_biled", "versjonId": 20210101, "datauttaksdato": "2026-01-01T23:00:58", "farlednavn": "Hardangerfjorden - Odda", "farlednummer": 1105, "farledtype": "Hovedled" }, "geometry": { "type": "LineString", "coordinates": [ [ 5.562280021533116, 59.777596687979582 ], [ 5.588436688349503, 59.797180018012504 ], [ 5.620234456594677, 59.821785782899326 ], [ 5.658978497949514, 59.851709562041115 ], [ 5.664196686541471, 59.85573501623076 ], [ 5.716273109354785, 59.892512620737342 ], [ 5.77017335912704, 59.930474786328332 ], [ 5.784525017591048, 59.940565014162836 ], [ 5.808561705179509, 59.952750412044367 ], [ 5.928556182139406, 60.013387713104748 ], [ 5.946442558779618, 60.022398709442655 ], [ 5.967477655690884, 60.032986862866082 ], [ 5.970201687920544, 60.034800106039164 ], [ 5.980949629470849, 60.04195203124749 ], [ 6.044095914629394, 60.083893464240127 ], [ 6.06829885235446, 60.099933860198895 ], [ 6.087541835362488, 60.112673224676648 ], [ 6.082055650503297, 60.13482920433831 ], [ 6.068202203836971, 60.190618493984196 ], [ 6.108209946940724, 60.223263312360018 ], [ 6.163781680442484, 60.240260009772754 ], [ 6.209098346204404, 60.280906679138035 ], [ 6.210172957127656, 60.287384502863766 ], [ 6.211846679832696, 60.297470009037987 ], [ 6.282216751779875, 60.339505754295921 ], [ 6.341165010650225, 60.374610008149311 ], [ 6.438228094548593, 60.405640855425148 ], [ 6.562723342804731, 60.445255006713076 ], [ 6.595331955355761, 60.445710284752963 ], [ 6.627038341614192, 60.435316676067771 ], [ 6.680757953027018, 60.416332903449124 ], [ 6.687683326804688, 60.402914349278262 ], [ 6.665924095979312, 60.382066782435025 ], [ 6.61429167532383, 60.286466675821877 ], [ 6.547843342527657, 60.124181676480326 ], [ 6.54258167635118, 60.099086676615265 ], [ 6.546930009123944, 60.074888336990078 ] ] } },
{ "type": "Feature", "properties": { "gml_id": "id4d6a45ed-bb91-4b85-bdb7-50dd55b921d0", "lokalid": "0b1918bc-1fc2-4fe8-a3a0-c392e33a8b47", "navnerom": "https://data.geonorge.no/sosi/samferdsel/hovedled_og_biled", "versjonId": 20210101, "datauttaksdato": "2026-01-01T23:00:58", "farlednavn": "Innseilingen Marstein Fyr", "farlednummer": 1106, "farledtype": "Hovedled" }, "geometry": { "type": "LineString", "coordinates": [ [ 5.209225028058932, 60.192168352896694 ], [ 5.118936697656556, 60.158250025105062 ], [ 5.046501043064732, 60.149167214006802 ], [ 5.028162138665031, 60.146860624619492 ], [ 4.994066579974409, 60.142564656453317 ], [ 4.947922072009527, 60.13673485057646 ], [ 4.909056069875083, 60.132685383887349 ] ] } },
{ "type": "Feature", "properties": { "gml_id": "id2199ec0a-e3aa-47d4-9f18-dc20316b2faf", "lokalid": "368b5bc5-2eb6-45f8-a419-eb7d55bc8642", "navnerom": "https://data.geonorge.no/sosi/samferdsel/hovedled_og_biled", "versjonId": 20210101, "datauttaksdato": "2026-01-01T23:00:58", "farlednavn": "Fedjeosen", "farlednummer": 1108, "farledtype": "Hovedled" }, "geometry": { "type": "LineString", "coordinates": [ [ 4.798043374731114, 60.722575028483043 ], [ 4.683333363930487, 60.745000022589764 ], [ 4.525278371279026, 60.740648617933296 ] ] } },
{ "type": "Feature", "properties": { "gml_id": "id0293bc26-34b3-4c24-b046-cd5cb63e6348", "lokalid": "821803cb-34e4-4015-8464-347feed34bc5", "navnerom": "https://data.geonorge.no/sosi/samferdsel/hovedled_og_biled", "versjonId": 20210101, "datauttaksdato": "2026-01-01T23:00:58", "farlednavn": "Langenuen", "farlednummer": 1503, "farledtype": "Hovedled" }, "geometry": { "type": "LineString", "coordinates": [ [ 5.208885026848478, 59.527701696381577 ], [ 5.209640153427964, 59.535614756099854 ], [ 5.210258360799363, 59.542091696090992 ], [ 5.240794335499903, 59.569471630538111 ], [ 5.285801829026014, 59.60973762165753 ], [ 5.300163167068016, 59.622563538734539 ], [ 5.327218358413321, 59.646696693041356 ], [ 5.495173391183957, 59.740369581330569 ], [ 5.539133116163457, 59.764768904350568 ], [ 5.562280021533116, 59.777596687979582 ], [ 5.538360442410666, 59.882745104229379 ], [ 5.50712002187679, 59.91579168875311 ], [ 5.460885023597537, 59.939991689135361 ], [ 5.358195386043502, 59.979462740370991 ], [ 5.333860268947853, 59.997131143989407 ], [ 5.32767669310901, 60.019235021364366 ], [ 5.327966129398279, 60.057155517566919 ], [ 5.3224766931095, 60.105815021196669 ], [ 5.266156048504544, 60.148604778273807 ], [ 5.262903360681351, 60.151071692130387 ], [ 5.261324602603108, 60.152282270098965 ], [ 5.209225028058932, 60.192168352896694 ] ] } },
{ "type": "Feature", "properties": { "gml_id": "idd640e2a8-0750-4d70-9f12-27b742af1361", "lokalid": "46dcdeaf-8c6d-4b7a-b4e4-bc499d4ac4e1", "navnerom": "https://data.geonorge.no/sosi/samferdsel/hovedled_og_biled", "versjonId": 20210101, "datauttaksdato": "2026-01-01T23:00:58", "farlednavn": "Vatlestraumen", "farlednummer": 1506, "farledtype": "Hovedled" }, "geometry": { "type": "LineString", "coordinates": [ [ 5.209225028058932, 60.192168352896694 ], [ 5.164940029076355, 60.226401693456197 ], [ 5.164918291211997, 60.226440437146238 ], [ 5.156585029892036, 60.241285023231434 ], [ 5.160735908976151, 60.26130176991682 ], [ 5.161966697265031, 60.267233353238758 ], [ 5.186718683044613, 60.27858453945538 ], [ 5.194466696222956, 60.295490022483833 ], [ 5.196927760889394, 60.322607775832161 ], [ 5.197213361489927, 60.325753352051606 ], [ 5.192406696831312, 60.335158352715474 ], [ 5.180733362725414, 60.338956693025416 ], [ 5.171121697731038, 60.345185022611432 ], [ 5.166086697475749, 60.376986692967968 ] ] } },
{ "type": "Feature", "properties": { "gml_id": "idf2dc7fc7-176b-467c-a744-ffc78c3dbbb9", "lokalid": "2668ce6b-ed4b-484c-bdb2-581057a8569c", "navnerom": "https://data.geonorge.no/sosi/samferdsel/hovedled_og_biled", "versjonId": 20210101, "datauttaksdato": "2026-01-01T23:00:58", "farlednavn": "Kinsarvik", "farlednummer": 2199, "farledtype": "Biled" }, "geometry": { "type": "LineString", "coordinates": [ [ 6.718438253340594, 60.377548209723969 ], [ 6.687683326804688, 60.402914349278262 ] ] } },
{ "type": "Feature", "properties": { "gml_id": "idb11ecd23-6a22-4bef-bf17-4013a6cdb59b", "lokalid": "f88018e9-5e6a-4365-bfe6-8e16ad502522", "navnerom": "https://data.geonorge.no/sosi/samferdsel/hovedled_og_biled", "versjonId": 20210101, "datauttaksdato": "2026-01-01T23:00:58", "farlednavn": "Børøyfjorden", "farlednummer": 2168, "farledtype": "Biled" }, "geometry": { "type": "LineString", "coordinates": [ [ 5.30021669220219, 59.622483353492221 ], [ 5.300163167068016, 59.622563538734539 ], [ 5.288601693310744, 59.639873354215027 ], [ 5.281850025502208, 59.68743835330951 ], [ 5.29237835944912, 59.722485022990824 ] ] } },
{ "type": "Feature", "properties": { "gml_id": "id4baa6115-502c-4488-acc7-65bff41a1f4a", "lokalid": "cfdbfaf3-eae4-481b-b10e-65fb54d663bb", "navnerom": "https://data.geonorge.no/sosi/samferdsel/hovedled_og_biled", "versjonId": 20210101, "datauttaksdato": "2026-01-01T23:00:58", "farlednavn": "Tverrleden", "farlednummer": 2177, "farledtype": "Biled" }, "geometry": { "type": "LineString", "coordinates": [ [ 5.195558361924967, 59.911386694625122 ], [ 5.208950028486925, 59.916000024557178 ], [ 5.224060028233021, 59.925200023497688 ], [ 5.226116694190677, 59.9289883541149 ], [ 5.226723360438258, 59.935346694067974 ], [ 5.22455836111186, 59.939021693426348 ], [ 5.227646151126482, 59.953678543944633 ], [ 5.24686736875196, 59.975320640935841 ] ] } },
{ "type": "Feature", "properties": { "gml_id": "id04b287c1-2ba2-4676-a023-7cfaf5d846a2", "lokalid": "dbf61d40-920a-4e08-a960-068f63c1d39f", "navnerom": "https://data.geonorge.no/sosi/samferdsel/hovedled_og_biled", "versjonId": 20210101, "datauttaksdato": "2026-01-01T23:00:58", "farlednavn": "Etnefjorden", "farlednummer": 2179, "farledtype": "Biled" }, "geometry": { "type": "LineString", "coordinates": [ [ 5.784816684182511, 59.645541685062149 ], [ 5.830697281033509, 59.648871443553432 ], [ 5.925812255293336, 59.66908069936229 ] ] } },
{ "type": "Feature", "properties": { "gml_id": "id911cb0e6-81d5-430a-84e7-85175d364505", "lokalid": "629c64e6-b46b-4d26-bd5b-d15ccc9fca12", "navnerom": "https://data.geonorge.no/sosi/samferdsel/hovedled_og_biled", "versjonId": 20210101, "datauttaksdato": "2026-01-01T23:00:58", "farlednavn": "Laukhammarsundet", "farlednummer": 2187, "farledtype": "Biled" }, "geometry": { "type": "LineString", "coordinates": [ [ 5.658978497949514, 59.851709562041115 ], [ 5.620021686826295, 59.864580016891125 ], [ 5.608578353755504, 59.871533347536392 ], [ 5.596561687906059, 59.876990017376755 ], [ 5.574360020210744, 59.889168348113778 ], [ 5.549217143839509, 59.882881964808014 ] ] } },
{ "type": "Feature", "properties": { "gml_id": "id2c2c12e8-cc1d-4fd7-a5f2-6326719a4433", "lokalid": "46e5d18c-216a-4d54-8219-dc663f24f080", "navnerom": "https://data.geonorge.no/sosi/samferdsel/hovedled_og_biled", "versjonId": 20210101, "datauttaksdato": "2026-01-01T23:00:58", "farlednavn": "Husnesfjorden - Husnes", "farlednummer": 2189, "farledtype": "Biled" }, "geometry": { "type": "LineString", "coordinates": [ [ 5.716273109354785, 59.892512620737342 ], [ 5.758038350614901, 59.879865015344485 ], [ 5.764446684487353, 59.876648345317754 ] ] } },
{ "type": "Feature", "properties": { "gml_id": "id1f88b197-a374-4bac-9ed4-9008c0ef598b", "lokalid": "0cf62420-a1d2-4357-b1d2-cde0bbef10b9", "navnerom": "https://data.geonorge.no/sosi/samferdsel/hovedled_og_biled", "versjonId": 20210101, "datauttaksdato": "2026-01-01T23:00:58", "farlednavn": "Storsundet", "farlednummer": 2190, "farledtype": "Biled" }, "geometry": { "type": "LineString", "coordinates": [ [ 5.77017335912704, 59.930474786328332 ], [ 5.787519667713434, 59.92937508957975 ], [ 5.810223349335408, 59.935408344369861 ], [ 5.826016684398464, 59.936385014135382 ], [ 5.918026681819615, 59.95924668323552 ], [ 5.948925015312031, 59.956958342851635 ], [ 6.00068607106086, 59.984480186985714 ] ] } },
{ "type": "Feature", "properties": { "gml_id": "id26cffd5e-ed8c-4758-8298-97b7d93167e5", "lokalid": "ad07fa51-90fb-44e5-9c9b-61324885bc24", "navnerom": "https://data.geonorge.no/sosi/samferdsel/hovedled_og_biled", "versjonId": 20210101, "datauttaksdato": "2026-01-01T23:00:58", "farlednavn": "Nordheimsund", "farlednummer": 2198, "farledtype": "Biled" }, "geometry": { "type": "LineString", "coordinates": [ [ 6.283321679107304, 60.339291678747834 ], [ 6.282216751779875, 60.339505754295921 ], [ 6.157444112618146, 60.363601396002707 ], [ 6.154907341653743, 60.36555909772602 ] ] } },
{ "type": "Feature", "properties": { "gml_id": "id8c4283a4-9d7c-438c-b6b5-728d7698f616", "lokalid": "25107764-63e5-46cf-8966-274431c0053a", "navnerom": "https://data.geonorge.no/sosi/samferdsel/hovedled_og_biled", "versjonId": 20210101, "datauttaksdato": "2026-01-01T23:00:58", "farlednavn": "Granvinfjorden", "farlednummer": 2200, "farledtype": "Biled" }, "geometry": { "type": "LineString", "coordinates": [ [ 6.595331955355761, 60.445710284752963 ], [ 6.610518927860756, 60.45526409945257 ], [ 6.620207789318943, 60.467654671779805 ], [ 6.64449667494334, 60.475266675734296 ], [ 6.656400007653984, 60.48683000539468 ], [ 6.686328468881378, 60.501816857930436 ], [ 6.702061674705709, 60.515510005246803 ], [ 6.712018340549129, 60.520578335339785 ] ] } },
{ "type": "Feature", "properties": { "gml_id": "id9b8a95a0-db8c-4e5d-b72a-3c7fd9cb6598", "lokalid": "edb34850-a864-41e3-aba9-93b7f63f7b9b", "navnerom": "https://data.geonorge.no/sosi/samferdsel/hovedled_og_biled", "versjonId": 20210101, "datauttaksdato": "2026-01-01T23:00:58", "farlednavn": "Eidfjorden", "farlednummer": 2205, "farledtype": "Biled" }, "geometry": { "type": "LineString", "coordinates": [ [ 6.680757953027018, 60.416332903449124 ], [ 6.708106710582349, 60.423921134973774 ], [ 6.758938339720856, 60.450896674668392 ], [ 6.83492667372775, 60.478648334289936 ], [ 6.895329272742592, 60.480864314042357 ], [ 6.901529769204846, 60.48109022215472 ], [ 6.934008840885744, 60.482268794934612 ], [ 6.98971244725337, 60.492208263231035 ], [ 7.027026433345815, 60.48584605852777 ], [ 7.064571534314117, 60.469241249133134 ] ] } },
{ "type": "Feature", "properties": { "gml_id": "id3f42d3cc-b075-4884-9d03-fee739cabf64", "lokalid": "74608e4e-3410-43eb-9e02-786632433c26", "navnerom": "https://data.geonorge.no/sosi/samferdsel/hovedled_og_biled", "versjonId": 20210101, "datauttaksdato": "2026-01-01T23:00:58", "farlednavn": "Ulvikfjorden", "farlednummer": 2207, "farledtype": "Biled" }, "geometry": { "type": "LineString", "coordinates": [ [ 6.895329272742592, 60.480864314042357 ], [ 6.898882626976463, 60.485183551244631 ], [ 6.925624354822205, 60.51765116911411 ], [ 6.914240671754135, 60.532528152235756 ], [ 6.918240006077774, 60.552441674500351 ], [ 6.914921673726193, 60.563185004550789 ] ] } },
{ "type": "Feature", "properties": { "gml_id": "ide9a15392-d125-467d-a745-9150e6101301", "lokalid": "55332d96-62b1-4d29-88b0-800841d2e619", "navnerom": "https://data.geonorge.no/sosi/samferdsel/hovedled_og_biled", "versjonId": 20210101, "datauttaksdato": "2026-01-01T23:00:58", "farlednavn": "Sævareidfjord", "farlednummer": 2210, "farledtype": "Biled" }, "geometry": { "type": "LineString", "coordinates": [ [ 5.631731234438485, 60.094048150910773 ], [ 5.704136685625397, 60.159786684550319 ], [ 5.716381685878606, 60.176863344864969 ], [ 5.762271685671254, 60.186480014250243 ] ] } },
{ "type": "Feature", "properties": { "gml_id": "id839344dd-594c-4506-8964-2a065712ed85", "lokalid": "15c01d94-f46d-4f8f-9a1d-fdd47bcda211", "navnerom": "https://data.geonorge.no/sosi/samferdsel/hovedled_og_biled", "versjonId": 20210101, "datauttaksdato": "2026-01-01T23:00:58", "farlednavn": "Innseilingen Selbjørnsfjorden", "farlednummer": 2220, "farledtype": "Biled" }, "geometry": { "type": "LineString", "coordinates": [ [ 4.97828028412852, 59.902312808293047 ], [ 5.077444142529737, 59.92927336669166 ], [ 5.12025328940167, 59.940940526615684 ], [ 5.24686736875196, 59.975320640935841 ], [ 5.275096693264935, 59.982960022572314 ], [ 5.333860268947853, 59.997131143989407 ] ] } },
{ "type": "Feature", "properties": { "gml_id": "idf046b8b1-60f2-4426-a5aa-5008ad6bc520", "lokalid": "6886b0a1-3d82-430c-8e8f-d182105a5057", "navnerom": "https://data.geonorge.no/sosi/samferdsel/hovedled_og_biled", "versjonId": 20210101, "datauttaksdato": "2026-01-01T23:00:58", "farlednavn": "Husavik", "farlednummer": 2221, "farledtype": "Biled" }, "geometry": { "type": "LineString", "coordinates": [ [ 5.280754330358848, 60.015956897799427 ], [ 5.295468358867135, 60.016148351502224 ], [ 5.306107187615535, 60.010051415469086 ], [ 5.333860268947853, 59.997131143989407 ] ] } },
{ "type": "Feature", "properties": { "gml_id": "ida38ccc3c-8cea-4a77-b8fc-f31dab52714e", "lokalid": "c60849c8-897d-4157-8e8e-776b0b5366d5", "navnerom": "https://data.geonorge.no/sosi/samferdsel/hovedled_og_biled", "versjonId": 20210101, "datauttaksdato": "2026-01-01T23:00:58", "farlednavn": "Stolmasundet", "farlednummer": 2222, "farledtype": "Biled" }, "geometry": { "type": "LineString", "coordinates": [ [ 5.120373363043004, 59.940730026020816 ], [ 5.12025328940167, 59.940940526615684 ], [ 5.095596698349442, 59.98410169608011 ], [ 5.098736698296277, 59.99784335619686 ], [ 5.105922683991653, 60.009073651529803 ], [ 5.10779473960756, 60.016842347689305 ], [ 5.117806477116837, 60.030867132176368 ], [ 5.136461015160331, 60.056967591271004 ] ] } },
{ "type": "Feature", "properties": { "gml_id": "idfc863d23-c88c-438d-a633-3bd7cebc9bcf", "lokalid": "60d865fe-25bc-41ca-b1d5-2de2fa0b230c", "navnerom": "https://data.geonorge.no/sosi/samferdsel/hovedled_og_biled", "versjonId": 20210101, "datauttaksdato": "2026-01-01T23:00:58", "farlednavn": "Ombofjorden", "farlednummer": 2134, "farledtype": "Biled" }, "geometry": { "type": "LineString", "coordinates": [ [ 6.133014929358134, 59.248384984084282 ], [ 6.127629554226679, 59.255854389527642 ], [ 6.120816678922234, 59.265298341918992 ], [ 6.091731648343284, 59.296399770121141 ], [ 6.076098724777408, 59.311368552764385 ] ] } },
{ "type": "Feature", "properties": { "gml_id": "idb343cca2-41d5-495e-b6b0-801b522a2a11", "lokalid": "d10faefe-4083-4bf2-9692-9fb06c6522d8", "navnerom": "https://data.geonorge.no/sosi/samferdsel/hovedled_og_biled", "versjonId": 20210101, "datauttaksdato": "2026-01-01T23:00:58", "farlednavn": "Marstein - Eide", "farlednummer": 2234, "farledtype": "Biled" }, "geometry": { "type": "LineString", "coordinates": [ [ 4.994066579974409, 60.142564656453317 ], [ 4.95100003583811, 60.177948358377627 ], [ 4.900418369493774, 60.259228359154946 ], [ 4.91106170324798, 60.301328358135279 ], [ 4.911060036604606, 60.361373357920328 ], [ 4.929405726542359, 60.396241559230511 ], [ 4.943257688046198, 60.397046023994086 ], [ 4.961469902817981, 60.387435012137757 ] ] } },
{ "type": "Feature", "properties": { "gml_id": "id8cb2f2fa-effa-4909-a404-4837c0b23b16", "lokalid": "6ee960e8-2f4d-4393-a045-0491c3568e7f", "navnerom": "https://data.geonorge.no/sosi/samferdsel/hovedled_og_biled", "versjonId": 20210101, "datauttaksdato": "2026-01-01T23:00:58", "farlednavn": "Bukkensund", "farlednummer": 2235, "farledtype": "Biled" }, "geometry": { "type": "LineString", "coordinates": [ [ 5.186718683044613, 60.27858453945538 ], [ 5.195511614190918, 60.261714246378133 ], [ 5.197391696226487, 60.257643352530465 ], [ 5.204373361103332, 60.243613352591282 ], [ 5.204258361277933, 60.241060022391878 ], [ 5.203000028257434, 60.239351693046231 ], [ 5.205746696244645, 60.237480022690981 ], [ 5.205860028148645, 60.234986692783131 ], [ 5.20437336133351, 60.233335023074737 ], [ 5.208409736687011, 60.230295916256587 ], [ 5.212383361777864, 60.22730335285658 ], [ 5.220939174235223, 60.214421501854389 ], [ 5.209225028058932, 60.192168352896694 ] ] } },
{ "type": "Feature", "properties": { "gml_id": "id086cbc1f-65a5-44c6-9dcc-6a401667deca", "lokalid": "3205c4cf-d78e-457d-a0c4-b46261c06eb6", "navnerom": "https://data.geonorge.no/sosi/samferdsel/hovedled_og_biled", "versjonId": 20210101, "datauttaksdato": "2026-01-01T23:00:58", "farlednavn": "Solsviksundet", "farlednummer": 2251, "farledtype": "Biled" }, "geometry": { "type": "LineString", "coordinates": [ [ 4.855943679751804, 60.373366092562051 ], [ 4.908989154500967, 60.394907554926057 ], [ 4.920445037237462, 60.399553357296426 ], [ 4.9300583693359, 60.405543357471835 ], [ 4.936925036148657, 60.40988835746456 ], [ 4.945621703862042, 60.419101697112652 ], [ 4.951686702258058, 60.433336696629162 ], [ 4.959813368311194, 60.437631696924505 ], [ 4.964848368917592, 60.43774169651109 ], [ 4.966565035494699, 60.438760026763056 ], [ 4.9659917020635, 60.439880026179544 ], [ 4.967595036031509, 60.441751696264333 ], [ 4.967365035500438, 60.442885025941699 ], [ 4.968510035168664, 60.445310026555937 ], [ 4.971485035864806, 60.449373356572174 ], [ 4.972515034664871, 60.450883356369332 ], [ 4.972315036246795, 60.452331696426924 ], [ 4.978522461088157, 60.494254417885415 ], [ 4.978522547173438, 60.494255000944925 ] ] } },
{ "type": "Feature", "properties": { "gml_id": "id909597d3-bde8-4d82-9758-6c0a03b3fd7e", "lokalid": "8de8fcc3-ab25-4d2b-b67b-d3f307705bda", "navnerom": "https://data.geonorge.no/sosi/samferdsel/hovedled_og_biled", "versjonId": 20210101, "datauttaksdato": "2026-01-01T23:00:58", "farlednavn": "Rognesundet", "farlednummer": 2252, "farledtype": "Biled" }, "geometry": { "type": "LineString", "coordinates": [ [ 4.953918368715747, 60.521118355946847 ], [ 4.929371703650354, 60.495231697025147 ], [ 4.919300036524245, 60.488141697202323 ], [ 4.861278370889878, 60.470923358211472 ], [ 4.811622121961656, 60.456723826887107 ] ] } },
{ "type": "Feature", "properties": { "gml_id": "id8c1082f4-b22c-4ecd-a336-9898a7c403c8", "lokalid": "d0687723-c881-4cda-976b-3f7f6a51f258", "navnerom": "https://data.geonorge.no/sosi/samferdsel/hovedled_og_biled", "versjonId": 20210101, "datauttaksdato": "2026-01-01T23:00:58", "farlednavn": "Ulvesundet", "farlednummer": 2253, "farledtype": "Biled" }, "geometry": { "type": "LineString", "coordinates": [ [ 4.786641319841719, 60.503492634387499 ], [ 4.84909170510949, 60.508673358582286 ], [ 4.872150038697981, 60.514400028345023 ], [ 4.880280037210663, 60.513900028212461 ], [ 4.888630037542872, 60.515200027472581 ], [ 4.893090036563819, 60.516000027484893 ], [ 4.89790003716487, 60.517300027810272 ], [ 4.948253368734835, 60.528296696247089 ] ] } },
{ "type": "Feature", "properties": { "gml_id": "id6e8e0822-0217-4810-816b-59c62c6944a8", "lokalid": "7178be29-e9a6-46a1-9e51-d28fc0bdee7c", "navnerom": "https://data.geonorge.no/sosi/samferdsel/hovedled_og_biled", "versjonId": 20210101, "datauttaksdato": "2026-01-01T23:00:58", "farlednavn": "Sørfjorden", "farlednummer": 2260, "farledtype": "Biled" }, "geometry": { "type": "LineString", "coordinates": [ [ 5.277843361251251, 60.535556690058208 ], [ 5.290203360993711, 60.534880019802067 ], [ 5.318813359081837, 60.529253349246503 ], [ 5.37969669330663, 60.511453348267132 ], [ 5.429821692082149, 60.479323348263819 ], [ 5.457745022998084, 60.462631687240851 ], [ 5.531216689263551, 60.426110016143497 ], [ 5.612813354439914, 60.437571685030392 ], [ 5.634213354156581, 60.456880015099593 ], [ 5.663968352449731, 60.466578344610348 ], [ 5.701046687177299, 60.463531683805741 ], [ 5.721416686104189, 60.469290014209008 ] ] } },
{ "type": "Feature", "properties": { "gml_id": "id2acca405-41dd-4c87-b606-ddb419939b5c", "lokalid": "13fae0a1-053a-41b3-a384-21112bef2c5e", "navnerom": "https://data.geonorge.no/sosi/samferdsel/hovedled_og_biled", "versjonId": 20210101, "datauttaksdato": "2026-01-01T23:00:58", "farlednavn": "Håkonsvern", "farlednummer": 2243, "farledtype": "Biled" }, "geometry": { "type": "LineString", "coordinates": [ [ 5.239163360584121, 60.338895021100164 ], [ 5.23490822688362, 60.325808547287309 ] ] } },
{ "type": "Feature", "properties": { "gml_id": "idda2ec4a6-99ff-415a-993c-d940a8e8cc5c", "lokalid": "880a87a4-5f70-4cc4-b16f-7969648f9fe9", "navnerom": "https://data.geonorge.no/sosi/samferdsel/hovedled_og_biled", "versjonId": 20210101, "datauttaksdato": "2026-01-01T23:00:58", "farlednavn": "Molviksundet", "farlednummer": 2263, "farledtype": "Biled" }, "geometry": { "type": "LineString", "coordinates": [ [ 5.290203360993711, 60.534880019802067 ], [ 5.385058357965618, 60.565385018132311 ], [ 5.473995023551107, 60.599213346756208 ], [ 5.50172502330973, 60.614883345950396 ], [ 5.555248354870992, 60.624486685706174 ], [ 5.581341688270398, 60.638180015150532 ], [ 5.578023354619155, 60.648733345484239 ], [ 5.58054002139016, 60.659046685283556 ], [ 5.579166688013572, 60.665775014494287 ], [ 5.572758354852443, 60.673848344916379 ], [ 5.565320022749643, 60.689871685270035 ], [ 5.552592764177037, 60.699943635384926 ] ] } },
{ "type": "Feature", "properties": { "gml_id": "id545c5dc3-9920-4325-8ba0-1bf746957858", "lokalid": "9acda51e-17ee-4d54-9bfe-1d8d48806d21", "navnerom": "https://data.geonorge.no/sosi/samferdsel/hovedled_og_biled", "versjonId": 20210101, "datauttaksdato": "2026-01-01T23:00:58", "farlednavn": "Radfjorden", "farlednummer": 2264, "farledtype": "Biled" }, "geometry": { "type": "LineString", "coordinates": [ [ 5.238476695368758, 60.558970020362047 ], [ 5.238472051033825, 60.55897067477364 ], [ 5.219365029608752, 60.561661690621726 ], [ 5.155048362648202, 60.593538352095067 ], [ 5.095998365449049, 60.606686692684143 ], [ 5.082836699802342, 60.611065023217336 ], [ 5.071506700049847, 60.617068353779501 ], [ 5.015088367851617, 60.623250024010908 ], [ 5.001201707907287, 60.624484046423433 ], [ 4.865055037687537, 60.636500027790461 ] ] } },
{ "type": "Feature", "properties": { "gml_id": "idde423a7d-2d1a-4fe5-b626-fa2201d3f402", "lokalid": "a51758f7-37a2-45e7-a533-d892074efa07", "navnerom": "https://data.geonorge.no/sosi/samferdsel/hovedled_og_biled", "versjonId": 20210101, "datauttaksdato": "2026-01-01T23:00:58", "farlednavn": "Hoplandsosen", "farlednummer": 2270, "farledtype": "Biled" }, "geometry": { "type": "LineString", "coordinates": [ [ 5.038433366776432, 60.727163353369022 ], [ 5.021266701942058, 60.731303353771089 ], [ 4.966278368765835, 60.730388354370135 ], [ 4.958783368429684, 60.731466694688706 ], [ 4.934006704032056, 60.741678354998442 ], [ 4.911461703525484, 60.749396695628633 ], [ 4.872723371904432, 60.757141696568134 ], [ 4.844628371449439, 60.758290026971736 ], [ 4.787811206559604, 60.772910573994174 ], [ 4.761753414701131, 60.779603089675106 ] ] } },
{ "type": "Feature", "properties": { "gml_id": "idfd5f3ac0-bcd6-489e-9482-81fe4c37d995", "lokalid": "955dbdb0-a9f7-4e09-878c-c9d20a366996", "navnerom": "https://data.geonorge.no/sosi/samferdsel/hovedled_og_biled", "versjonId": 20210101, "datauttaksdato": "2026-01-01T23:00:58", "farlednavn": "Røværsholmen - Osnesgavlen", "farlednummer": 1053, "farledtype": "Hovedled" }, "geometry": { "type": "LineString", "coordinates": [ [ 5.227768359437445, 59.425583356555528 ], [ 5.193951182901253, 59.446114309409836 ], [ 5.188174544029689, 59.449617888764564 ], [ 5.150386819242725, 59.460767487911546 ], [ 4.964670061748628, 59.476763770507411 ], [ 4.932539851494063, 59.48058361572464 ] ] } },
{ "type": "Feature", "properties": { "gml_id": "id6f4fdea5-4e13-4478-99f8-df475672b2d9", "lokalid": "c2c07f10-ac31-4e8f-82ea-cec1d2eda1e5", "navnerom": "https://data.geonorge.no/sosi/samferdsel/hovedled_og_biled", "versjonId": 20210101, "datauttaksdato": "2026-01-01T23:00:58", "farlednavn": "Mongslaupsundet", "farlednummer": 2271, "farledtype": "Biled" }, "geometry": { "type": "LineString", "coordinates": [ [ 5.021840033346557, 60.750045023785511 ], [ 5.007420034334767, 60.756868354092305 ], [ 5.002270034478837, 60.758713354186746 ], [ 4.997978366859402, 60.76086502424257 ], [ 4.995175034678387, 60.762483354179302 ], [ 4.992085035069122, 60.764381693901903 ], [ 4.985333368010186, 60.76891669423901 ], [ 4.977836702504001, 60.773656693996521 ], [ 4.964275035816654, 60.778881694775336 ], [ 4.958210036162926, 60.780890024874715 ], [ 4.945393369513837, 60.793341695199523 ], [ 4.945506703528115, 60.794578354613876 ], [ 4.944248368530336, 60.796333354593386 ], [ 4.944420036376076, 60.797091695028072 ], [ 4.943390036898195, 60.797761695238933 ], [ 4.942303369684498, 60.800048355256621 ], [ 4.942703369889668, 60.804768355018894 ] ] } },
{ "type": "Feature", "properties": { "gml_id": "id9fd562e1-660b-404e-b65a-2bc212581a86", "lokalid": "f3b487ed-5fdb-4c6d-ade1-b865985c536b", "navnerom": "https://data.geonorge.no/sosi/samferdsel/hovedled_og_biled", "versjonId": 20210101, "datauttaksdato": "2026-01-01T23:00:58", "farlednavn": "Masfjorden", "farlednummer": 2274, "farledtype": "Biled" }, "geometry": { "type": "LineString", "coordinates": [ [ 5.02964521184099, 60.828865169036135 ], [ 5.040665034026984, 60.827513353074565 ], [ 5.068216082697214, 60.820146073089887 ], [ 5.087415033063004, 60.815006691903903 ], [ 5.211125029778678, 60.780555020404826 ], [ 5.234585028612408, 60.779948349329231 ], [ 5.280476695408675, 60.794298348499744 ], [ 5.315266694620105, 60.808368348428246 ], [ 5.332661692792824, 60.820813348286315 ], [ 5.358640025480678, 60.86525001757974 ], [ 5.391370024849934, 60.87076168675862 ], [ 5.476856690962618, 60.879231685845774 ], [ 5.49745669129674, 60.872940015182763 ], [ 5.507183357031799, 60.866588345487983 ], [ 5.532703355453499, 60.87076168503765 ], [ 5.57167770810487, 60.869634530510979 ], [ 5.581180035532835, 60.871382393883977 ] ] } },
{ "type": "Feature", "properties": { "gml_id": "id6ecdbe45-3119-493d-b708-ca87de5c253b", "lokalid": "728f462d-be62-476e-861f-cc8135a454c1", "navnerom": "https://data.geonorge.no/sosi/samferdsel/hovedled_og_biled", "versjonId": 20210101, "datauttaksdato": "2026-01-01T23:00:58", "farlednavn": "Vibrandsøysundet", "farlednummer": 2154, "farledtype": "Biled" }, "geometry": { "type": "LineString", "coordinates": [ [ 5.229058359726201, 59.436756695972868 ], [ 5.242832546121857, 59.42406188434942 ], [ 5.254536475468523, 59.413636714239935 ], [ 5.254277031088953, 59.413118692284897 ], [ 5.252908243478124, 59.410385442507241 ], [ 5.250694969231589, 59.409052494103008 ] ] } },
{ "type": "Feature", "properties": { "gml_id": "id5b019328-086d-4177-9666-56989657293d", "lokalid": "97cdeaf5-8f10-4913-8762-bdfed5d55683", "navnerom": "https://data.geonorge.no/sosi/samferdsel/hovedled_og_biled", "versjonId": 20210101, "datauttaksdato": "2026-01-01T23:00:58", "farlednavn": "Utsira Nord - Føynfjorden", "farlednummer": 2148, "farledtype": "Biled" }, "geometry": { "type": "LineString", "coordinates": [ [ 5.09661596412082, 59.377589704464178 ], [ 5.036881789227659, 59.352253347580913 ], [ 4.968880709484805, 59.337500578225409 ], [ 4.90965464936178, 59.324612650354879 ], [ 4.887085035435423, 59.321046705272224 ], [ 4.884110035062529, 59.318301705585725 ], [ 4.885751403647544, 59.314095673728538 ] ] } },
{ "type": "Feature", "properties": { "gml_id": "ide6d34f63-37b9-4830-b5cc-3006076d2e66", "lokalid": "4b2e47dc-37c0-4400-8537-be2540503834", "navnerom": "https://data.geonorge.no/sosi/samferdsel/hovedled_og_biled", "versjonId": 20210101, "datauttaksdato": "2026-01-01T23:00:58", "farlednavn": "Utsira Sør - Føynfjorden", "farlednummer": 2148, "farledtype": "Biled" }, "geometry": { "type": "LineString", "coordinates": [ [ 4.895365487077184, 59.298071081973816 ], [ 4.895783367406414, 59.297763365119621 ], [ 4.894736070585975, 59.29604282360588 ], [ 4.895423384720972, 59.294775881932409 ], [ 4.904480034269709, 59.294641704775337 ], [ 4.929459591144503, 59.298612472268921 ], [ 4.975618605618079, 59.319044754230326 ], [ 5.040341469311863, 59.347627282850169 ], [ 5.09661596412082, 59.377589704464178 ] ] } },
{ "type": "Feature", "properties": { "gml_id": "id153b0219-cc85-43e0-9819-ad45cc971434", "lokalid": "721310e8-1fdb-4f6f-97fd-01f8f3a53a00", "navnerom": "https://data.geonorge.no/sosi/samferdsel/hovedled_og_biled", "versjonId": 20210101, "datauttaksdato": "2026-01-01T23:00:58", "farlednavn": "Songvår - Kvitsøy", "farlednummer": 1036, "farledtype": "Hovedled" }, "geometry": { "type": "LineString", "coordinates": [ [ 5.845871680955375, 58.410581688175704 ], [ 5.732084836746651, 58.466079919833987 ], [ 5.718065665914795, 58.472897809947604 ], [ 5.661678350398864, 58.500276691540442 ], [ 5.626888350802552, 58.526573351479357 ], [ 5.369625022000615, 58.761798356231353 ], [ 5.242783216769324, 58.923678026388977 ], [ 5.133776361984736, 59.061399896744618 ] ] } },
{ "type": "Feature", "properties": { "gml_id": "idb8afca2e-5e01-40cc-b6b8-d9d218a89468", "lokalid": "a065369a-de28-45f1-bf6a-4ddd15128cd5", "navnerom": "https://data.geonorge.no/sosi/samferdsel/hovedled_og_biled", "versjonId": 20210101, "datauttaksdato": "2026-01-01T23:00:58", "farlednavn": "Midtfjæra / Steinboen", "farlednummer": 1044, "farledtype": "Hovedled" }, "geometry": { "type": "LineString", "coordinates": [ [ 5.530530020856345, 58.893655021982681 ], [ 5.530847256128277, 58.934280317981312 ], [ 5.530904141354964, 58.941618983301957 ], [ 5.554551384858708, 58.965697977689636 ] ] } },
{ "type": "Feature", "properties": { "gml_id": "id0e3a1cc1-938e-4ad9-b3c5-e8639f48a49c", "lokalid": "b225e28b-c6a3-4ace-abae-f91af78eb852", "navnerom": "https://data.geonorge.no/sosi/samferdsel/hovedled_og_biled", "versjonId": 20210101, "datauttaksdato": "2026-01-01T23:00:58", "farlednavn": "Håsteinfjorden", "farlednummer": 2113, "farledtype": "Biled" }, "geometry": { "type": "LineString", "coordinates": [ [ 5.242783216769324, 58.923678026388977 ], [ 5.363403997778823, 58.96256109390918 ], [ 5.539505019520491, 59.028721691302998 ] ] } },
{ "type": "Feature", "properties": { "gml_id": "id88add385-9b0e-49b2-b2f8-d32e6e76c301", "lokalid": "45bfcd37-7fca-4ede-b985-70085a19d398", "navnerom": "https://data.geonorge.no/sosi/samferdsel/hovedled_og_biled", "versjonId": 20210101, "datauttaksdato": "2026-01-01T23:00:58", "farlednavn": "Ferge Kvitsøy - Mekjarvik", "farlednummer": 2149, "farledtype": "Biled" }, "geometry": { "type": "LineString", "coordinates": [ [ 5.535104721279017, 59.047434450213011 ], [ 5.453338355153543, 59.047033353370914 ], [ 5.438424496391574, 59.050707875367834 ], [ 5.422555021619894, 59.054615023738521 ], [ 5.41908333794476, 59.056932850684241 ] ] } },
{ "type": "Feature", "properties": { "gml_id": "id401dbe39-ecff-487e-9f1b-417b9f2cf4d4", "lokalid": "0c97b79e-503e-4852-90c1-9c76b343fc6b", "navnerom": "https://data.geonorge.no/sosi/samferdsel/hovedled_og_biled", "versjonId": 20210101, "datauttaksdato": "2026-01-01T23:00:58", "farlednavn": "Nedstrandsfjorden - Saudafjorden", "farlednummer": 1047, "farledtype": "Hovedled" }, "geometry": { "type": "LineString", "coordinates": [ [ 6.124411679086408, 59.410618341640614 ], [ 6.131050011987165, 59.417488341461919 ], [ 6.157486678235063, 59.425576681687211 ], [ 6.163896678718747, 59.429770011736402 ], [ 6.225923344868121, 59.474090010507403 ], [ 6.2331669065118, 59.483944417338378 ], [ 6.289438344304773, 59.5603016798255 ], [ 6.311410010317013, 59.575608339545568 ], [ 6.321710010708522, 59.626200009213157 ], [ 6.353179607015131, 59.64444800580938 ] ] } },
{ "type": "Feature", "properties": { "gml_id": "id37071c65-5ac3-4c49-8a73-0f26331596ab", "lokalid": "ebb7d34f-9954-4546-b0c8-0b46bf503b56", "navnerom": "https://data.geonorge.no/sosi/samferdsel/hovedled_og_biled", "versjonId": 20210101, "datauttaksdato": "2026-01-01T23:00:58", "farlednavn": "Kvitsøyfjorden", "farlednummer": 1051, "farledtype": "Hovedled" }, "geometry": { "type": "LineString", "coordinates": [ [ 5.590818143157552, 59.047345240903574 ], [ 5.522911835178268, 59.099156192163335 ] ] } },
{ "type": "Feature", "properties": { "gml_id": "idb63813f1-b3a1-464f-bdcb-07d481bf496b", "lokalid": "bb78bcd1-4a13-47af-9595-987e38c62613", "navnerom": "https://data.geonorge.no/sosi/samferdsel/hovedled_og_biled", "versjonId": 20210101, "datauttaksdato": "2026-01-01T23:00:58", "farlednavn": "Skudefjorden - Ramsholmane", "farlednummer": 1052, "farledtype": "Hovedled" }, "geometry": { "type": "LineString", "coordinates": [ [ 5.133277104097021, 59.061751941927483 ], [ 5.133275584349271, 59.061765027534669 ], [ 5.133159795804652, 59.062762152862888 ], [ 5.113793809463151, 59.228365058192132 ], [ 5.109944866059916, 59.249116204247862 ], [ 5.095932175764273, 59.32439099142065 ], [ 5.092173932167674, 59.344507409164244 ], [ 5.09661596412082, 59.377589704464178 ], [ 5.15636502806129, 59.409218357421253 ], [ 5.166928429779651, 59.431077783306968 ], [ 5.150386819242725, 59.460767487911546 ], [ 5.173774183729836, 59.479218114792694 ], [ 5.212907678309353, 59.510038948173438 ] ] } },
{ "type": "Feature", "properties": { "gml_id": "idad2a254d-6472-4420-8ad2-f64c4d9b1f81", "lokalid": "618a2332-a1ea-4dd6-b638-5b42463e062f", "navnerom": "https://data.geonorge.no/sosi/samferdsel/hovedled_og_biled", "versjonId": 20210101, "datauttaksdato": "2026-01-01T23:00:58", "farlednavn": "Jøssingfjord", "farlednummer": 2107, "farledtype": "Biled" }, "geometry": { "type": "LineString", "coordinates": [ [ 6.316597536636631, 58.307014794829051 ], [ 6.320500178602127, 58.307997875106636 ], [ 6.325206728734924, 58.309494985997148 ], [ 6.331043273649612, 58.313641712324376 ], [ 6.336995081149732, 58.319475023891343 ], [ 6.345004997517813, 58.320915011688029 ], [ 6.349696648093073, 58.324583370627721 ] ] } },
{ "type": "Feature", "properties": { "gml_id": "idbf6ff9da-193e-4752-9c36-7feae1f56106", "lokalid": "94e941af-f3a4-4889-9151-be46daefa27c", "navnerom": "https://data.geonorge.no/sosi/samferdsel/hovedled_og_biled", "versjonId": 20210101, "datauttaksdato": "2026-01-01T23:00:58", "farlednavn": "Svåholmsundet", "farlednummer": 2109, "farledtype": "Biled" }, "geometry": { "type": "LineString", "coordinates": [ [ 6.258689127712385, 58.313511625445877 ], [ 6.196565161586934, 58.324763535088877 ], [ 6.108706430882907, 58.347313585657872 ], [ 6.039496678903558, 58.378385015255411 ], [ 6.025536679457711, 58.386423345972304 ], [ 5.993950013198761, 58.415685016238761 ] ] } },
{ "type": "Feature", "properties": { "gml_id": "idf5696771-4627-4f9b-ba02-01c29aaba80b", "lokalid": "70a8778c-737e-4508-921f-03943f54350b", "navnerom": "https://data.geonorge.no/sosi/samferdsel/hovedled_og_biled", "versjonId": 20210101, "datauttaksdato": "2026-01-01T23:00:58", "farlednavn": "Nysund", "farlednummer": 2110, "farledtype": "Biled" }, "geometry": { "type": "LineString", "coordinates": [ [ 5.755913407369144, 58.454563268866096 ], [ 5.886053412811811, 58.454549904826393 ], [ 5.895038416630743, 58.459386573180844 ], [ 5.895324126725232, 58.459682104846785 ], [ 5.896517739884502, 58.462161127889416 ], [ 5.919936753792316, 58.464884898318026 ], [ 5.925864090733152, 58.465213884396334 ], [ 5.927271108462029, 58.465397976260476 ], [ 5.94057842325596, 58.467138235040366 ], [ 5.943413422494694, 58.46704989432839 ], [ 5.947173424446403, 58.469289893630709 ], [ 5.9609634259381, 58.46930323085914 ], [ 5.969538423699446, 58.467049889979947 ], [ 5.97711218679157, 58.461043350632345 ] ] } },
{ "type": "Feature", "properties": { "gml_id": "id60def595-091e-4f26-8700-c5e4cb779aab", "lokalid": "0b49bf7e-7f15-4447-a6b7-306ee53a7e86", "navnerom": "https://data.geonorge.no/sosi/samferdsel/hovedled_og_biled", "versjonId": 20210101, "datauttaksdato": "2026-01-01T23:00:58", "farlednavn": "Hellvik", "farlednummer": 2111, "farledtype": "Biled" }, "geometry": { "type": "LineString", "coordinates": [ [ 5.846558346555282, 58.454720018043254 ], [ 5.853762491512744, 58.472708959182405 ], [ 5.858219685391324, 58.476318347979422 ], [ 5.865517397527856, 58.478563490177528 ], [ 5.865794770976911, 58.478539237924252 ], [ 5.868880007302987, 58.478269442195874 ], [ 5.87407294840263, 58.47746239374019 ], [ 5.874423346392974, 58.47738168738222 ] ] } },
{ "type": "Feature", "properties": { "gml_id": "id6f77d1ea-05db-404a-90dc-6f6fa5a9e0b6", "lokalid": "f4504581-8887-434e-989c-f9d6297e2643", "navnerom": "https://data.geonorge.no/sosi/samferdsel/hovedled_og_biled", "versjonId": 20210101, "datauttaksdato": "2026-01-01T23:00:58", "farlednavn": "Høgsfjorden", "farlednummer": 2114, "farledtype": "Biled" }, "geometry": { "type": "LineString", "coordinates": [ [ 5.798324885245952, 59.017082743160678 ], [ 5.824125818725833, 59.00714470536974 ], [ 5.845754796313232, 58.998804968402183 ], [ 5.883450397902257, 58.984251339752028 ], [ 6.002706681203738, 58.938050014207093 ], [ 6.070063726455474, 58.897619321201816 ], [ 6.075725011631907, 58.894215013321165 ] ] } },
{ "type": "Feature", "properties": { "gml_id": "id40854365-28cf-47d3-ab16-e216c8ce5ad2", "lokalid": "4e541b23-5540-4dc5-b84c-74f38befbb07", "navnerom": "https://data.geonorge.no/sosi/samferdsel/hovedled_og_biled", "versjonId": 20210101, "datauttaksdato": "2026-01-01T23:00:58", "farlednavn": "Lysefjorden", "farlednummer": 2115, "farledtype": "Biled" }, "geometry": { "type": "LineString", "coordinates": [ [ 6.643832474089828, 59.054849923380715 ], [ 6.581440008552791, 59.045031678533228 ], [ 6.56576167583443, 59.040790008142487 ], [ 6.299000010678727, 59.007103340588912 ], [ 6.188680011363322, 58.975500012501499 ], [ 6.103890012656683, 58.938501683109571 ], [ 6.101058344966161, 58.928045013676744 ], [ 6.075725011631907, 58.894215013321165 ] ] } },
{ "type": "Feature", "properties": { "gml_id": "iddcf98928-45fc-44f9-8be0-06c13ee6e3ab", "lokalid": "90ba36d3-dc8f-49ea-9a87-1773067a3356", "navnerom": "https://data.geonorge.no/sosi/samferdsel/hovedled_og_biled", "versjonId": 20210101, "datauttaksdato": "2026-01-01T23:00:58", "farlednavn": "Mastrafjorden", "farlednummer": 2123, "farledtype": "Biled" }, "geometry": { "type": "LineString", "coordinates": [ [ 5.848128609782229, 59.076323785959808 ], [ 5.786495484922957, 59.064738005108296 ], [ 5.745865912431587, 59.06275360560744 ], [ 5.694180018434952, 59.085740018688021 ], [ 5.605558351298591, 59.113218350087422 ], [ 5.585891686069924, 59.111053350211563 ], [ 5.522228945624765, 59.111336154095511 ], [ 5.436666694526014, 59.111666682116841 ] ] } },
{ "type": "Feature", "properties": { "gml_id": "id448ac755-a161-4da3-9d8c-b12e1912f2ab", "lokalid": "3ad10e20-a592-452a-b620-f9ce4190db4d", "navnerom": "https://data.geonorge.no/sosi/samferdsel/hovedled_og_biled", "versjonId": 20210101, "datauttaksdato": "2026-01-01T23:00:58", "farlednavn": "Årdalsfjorden", "farlednummer": 2124, "farledtype": "Biled" }, "geometry": { "type": "LineString", "coordinates": [ [ 5.972225014350446, 59.133386684801224 ], [ 6.013813346626778, 59.130805013908258 ], [ 6.048469346300189, 59.133738451695727 ], [ 6.063073346048787, 59.134971683290189 ], [ 6.067651679325277, 59.134050013402252 ], [ 6.082641679761119, 59.134385012883278 ], [ 6.084482331820545, 59.141161157773055 ], [ 6.090007737849806, 59.143002010426343 ], [ 6.11344410209233, 59.142246003014286 ], [ 6.164974963731177, 59.145144870328771 ] ] } },
{ "type": "Feature", "properties": { "gml_id": "ided5d25c9-fc4b-43c1-95dc-13b52a911f1f", "lokalid": "8c12d711-a0ba-4016-80d0-5c3911042dd2", "navnerom": "https://data.geonorge.no/sosi/samferdsel/hovedled_og_biled", "versjonId": 20210101, "datauttaksdato": "2026-01-01T23:00:58", "farlednavn": "Brimsefjorden", "farlednummer": 2128, "farledtype": "Biled" }, "geometry": { "type": "LineString", "coordinates": [ [ 5.848128609782229, 59.076323785959808 ], [ 5.792846109471252, 59.109336179428674 ], [ 5.750872784026334, 59.134340423670373 ] ] } },
{ "type": "Feature", "properties": { "gml_id": "ida5d0d0a0-1690-41f3-bd58-e7ed045ecb2b", "lokalid": "47a9f1e9-cf78-4fba-8b71-f80c0a3b6efb", "navnerom": "https://data.geonorge.no/sosi/samferdsel/hovedled_og_biled", "versjonId": 20210101, "datauttaksdato": "2026-01-01T23:00:58", "farlednavn": "Talgjefjord", "farlednummer": 2129, "farledtype": "Biled" }, "geometry": { "type": "LineString", "coordinates": [ [ 5.862499875830767, 59.118896194785819 ], [ 5.828991683019401, 59.125580016579548 ], [ 5.760776641174717, 59.133232681931169 ], [ 5.750872784026334, 59.134340423670373 ], [ 5.665225018791089, 59.143885019217883 ], [ 5.519583766642625, 59.158362712800873 ] ] } },
{ "type": "Feature", "properties": { "gml_id": "id7c3f8457-b0e9-441a-8fcb-46e1712699d2", "lokalid": "cb0b53c7-563c-4b58-97ea-11826216ad29", "navnerom": "https://data.geonorge.no/sosi/samferdsel/hovedled_og_biled", "versjonId": 20210101, "datauttaksdato": "2026-01-01T23:00:58", "farlednavn": "Sandeidsfjorden", "farlednummer": 2140, "farledtype": "Biled" }, "geometry": { "type": "LineString", "coordinates": [ [ 5.876843811472722, 59.446931610063373 ], [ 5.865806613404301, 59.492726405836173 ], [ 5.862325344971143, 59.521099722108751 ], [ 5.866304157735793, 59.541132150196297 ] ] } },
{ "type": "Feature", "properties": { "gml_id": "id26323bea-376e-4fae-88ce-645660a354a8", "lokalid": "70cfbab2-279a-4371-89e8-86b64fc75975", "navnerom": "https://data.geonorge.no/sosi/samferdsel/hovedled_og_biled", "versjonId": 20210101, "datauttaksdato": "2026-01-01T23:00:58", "farlednavn": "Boknasund", "farlednummer": 2143, "farledtype": "Biled" }, "geometry": { "type": "LineString", "coordinates": [ [ 5.519583766642625, 59.158362712800873 ], [ 5.477543354703895, 59.206346691909921 ], [ 5.459438355598925, 59.221838351973041 ], [ 5.458791688546587, 59.225123352371206 ], [ 5.447153354735336, 59.235048352152887 ], [ 5.425883548106202, 59.246647494986561 ], [ 5.416255142191829, 59.248999047422835 ], [ 5.392743355887168, 59.248448353656087 ], [ 5.371357488472527, 59.246817729435342 ], [ 5.339251738216514, 59.246971642817812 ] ] } },
{ "type": "Feature", "properties": { "gml_id": "id5c8c710d-da7e-484a-9bfe-5f66b10decaf", "lokalid": "2bb77c45-9f43-453c-9ace-a2fca76b1862", "navnerom": "https://data.geonorge.no/sosi/samferdsel/hovedled_og_biled", "versjonId": 20210101, "datauttaksdato": "2026-01-01T23:00:58", "farlednavn": "Ognasundet", "farlednummer": 2144, "farledtype": "Biled" }, "geometry": { "type": "LineString", "coordinates": [ [ 5.515910316342696, 59.241800692471671 ], [ 5.47662835394057, 59.250935021858879 ], [ 5.470906688299139, 59.251215021859302 ], [ 5.46323835436645, 59.255496692160115 ], [ 5.447560022021749, 59.261440021972668 ], [ 5.442638354670639, 59.261146692608918 ], [ 5.432340022914907, 59.253305023181937 ], [ 5.416255142191829, 59.248999047422835 ] ] } },
{ "type": "Feature", "properties": { "gml_id": "idd08b7c22-ac36-4590-b871-6c9ad8f0b7fd", "lokalid": "5820afaf-5211-4a2c-b5b1-407dd5f362ab", "navnerom": "https://data.geonorge.no/sosi/samferdsel/hovedled_og_biled", "versjonId": 20210101, "datauttaksdato": "2026-01-01T23:00:58", "farlednavn": "Austdjupet", "farlednummer": 2150, "farledtype": "Biled" }, "geometry": { "type": "LineString", "coordinates": [ [ 5.349083357019778, 59.188035024964591 ], [ 5.371357488472527, 59.246817729435342 ], [ 5.380103458535284, 59.26984971541205 ], [ 5.38473169115729, 59.282026693584612 ], [ 5.388444506488764, 59.310319742446744 ], [ 5.384945884201181, 59.325568124528999 ] ] } },
{ "type": "Feature", "properties": { "gml_id": "ide52e2a67-3377-49e9-ad7f-6c59e584f23e", "lokalid": "22448774-3a69-407f-b9b0-3ced3d4c884c", "navnerom": "https://data.geonorge.no/sosi/samferdsel/hovedled_og_biled", "versjonId": 20210101, "datauttaksdato": "2026-01-01T23:00:58", "farlednavn": "Vedavågen", "farlednummer": 2161, "farledtype": "Biled" }, "geometry": { "type": "LineString", "coordinates": [ [ 5.228703964270967, 59.298848299840785 ], [ 5.214285237619099, 59.306668443486082 ], [ 5.182450649435732, 59.327327525059928 ], [ 5.161350868604559, 59.327275733263498 ], [ 5.095932175764273, 59.32439099142065 ] ] } },
{ "type": "Feature", "properties": { "gml_id": "id102cf7d1-5866-4be5-943b-7e4a652c81db", "lokalid": "aa7740e9-b28c-48f2-a9a6-de2f83830855", "navnerom": "https://data.geonorge.no/sosi/samferdsel/hovedled_og_biled", "versjonId": 20210101, "datauttaksdato": "2026-01-01T23:00:58", "farlednavn": "Hauskevågen", "farlednummer": 2162, "farledtype": "Biled" }, "geometry": { "type": "LineString", "coordinates": [ [ 5.214733904444679, 59.420089984471403 ], [ 5.218551521368285, 59.41706673582668 ], [ 5.227024403627754, 59.411049640351806 ] ] } },
{ "type": "Feature", "properties": { "gml_id": "id2a3c7225-2c30-465e-b82a-7945669564a0", "lokalid": "f9e96bd0-701c-442a-a1db-efe402b2ef10", "navnerom": "https://data.geonorge.no/sosi/samferdsel/hovedled_og_biled", "versjonId": 20210101, "datauttaksdato": "2026-01-01T23:00:58", "farlednavn": "Sæbøsundet", "farlednummer": 2130, "farledtype": "Biled" }, "geometry": { "type": "LineString", "coordinates": [ [ 5.972225014350446, 59.133386684801224 ], [ 5.945380013836006, 59.151000014519191 ], [ 5.908558348517032, 59.175051684831772 ], [ 5.896170565107438, 59.184065638072617 ] ] } },
{ "type": "Feature", "properties": { "gml_id": "idf500a2e6-4a69-4b6b-84e9-aa7113543b3e", "lokalid": "7003dee2-974f-4aaa-96fc-0ceabe64b578", "navnerom": "https://data.geonorge.no/sosi/samferdsel/hovedled_og_biled", "versjonId": 20210101, "datauttaksdato": "2026-01-01T23:00:58", "farlednavn": "Rekefjord", "farlednummer": 2108, "farledtype": "Biled" }, "geometry": { "type": "LineString", "coordinates": [ [ 6.258689127712385, 58.313511625445877 ], [ 6.258603353663676, 58.324508315395356 ], [ 6.258431722986181, 58.327616632706217 ], [ 6.2587166623577, 58.334358339981961 ], [ 6.257028957406343, 58.33553220654688 ] ] } },
{ "type": "Feature", "properties": { "gml_id": "id25468c4b-1217-4bac-bc54-5001173abaa7", "lokalid": "c8c3fc81-349f-4bc5-8015-c1a147010578", "navnerom": "https://data.geonorge.no/sosi/samferdsel/hovedled_og_biled", "versjonId": 20210101, "datauttaksdato": "2026-01-01T23:00:58", "farlednavn": "Melkholmsundet", "farlednummer": 2106, "farledtype": "Biled" }, "geometry": { "type": "LineString", "coordinates": [ [ 6.331191957359379, 58.290729258033231 ], [ 6.331169758299676, 58.290737191777232 ], [ 6.319570452740863, 58.299528943972867 ], [ 6.316597536636631, 58.307014794829051 ], [ 6.309850158945008, 58.30928389970741 ], [ 6.258689127712385, 58.313511625445877 ] ] } },
{ "type": "Feature", "properties": { "gml_id": "id70800b1e-ccf5-48ee-b3c3-c242aa2fbfc7", "lokalid": "acc161eb-d168-4b56-9c87-a675d0018c22", "navnerom": "https://data.geonorge.no/sosi/samferdsel/hovedled_og_biled", "versjonId": 20210101, "datauttaksdato": "2026-01-01T23:00:58", "farlednavn": "Melkholmsundet", "farlednummer": 2106, "farledtype": "Biled" }, "geometry": { "type": "LineString", "coordinates": [ [ 6.51844025806772, 58.248740658103408 ], [ 6.480712603579504, 58.252226803974899 ], [ 6.393109714632283, 58.267640688835037 ], [ 6.356340279909849, 58.279787839287962 ], [ 6.346465324689473, 58.285254556403387 ], [ 6.33117727397996, 58.290719946322781 ] ] } },
{ "type": "Feature", "properties": { "gml_id": "id2d104e29-a155-4f89-8ad9-e70a19f2c215", "lokalid": "38082ab3-96e7-4d66-9d91-6ba32fc10a48", "navnerom": "https://data.geonorge.no/sosi/samferdsel/hovedled_og_biled", "versjonId": 20210101, "datauttaksdato": "2026-01-01T23:00:58", "farlednavn": "Boknafjorden", "farlednummer": 2127, "farledtype": "Biled" }, "geometry": { "type": "LineString", "coordinates": [ [ 5.455254991723471, 59.171406656599466 ], [ 5.458337139150347, 59.172200727632195 ], [ 5.467447984120398, 59.170836256933519 ], [ 5.519215558665474, 59.158155735778735 ], [ 5.519600766625452, 59.158061263142351 ], [ 5.55814474703183, 59.148599673287009 ], [ 5.580055133871414, 59.143239676669964 ], [ 5.590320760992393, 59.140790758663336 ], [ 5.590742311584099, 59.140628102113226 ], [ 5.590831156026942, 59.140307184562452 ], [ 5.590003040151807, 59.139532293889737 ] ] } },
{ "type": "Feature", "properties": { "gml_id": "id1ce86b72-0af7-4c49-a35b-3de0ae921e7b", "lokalid": "44d92f12-af10-4c54-ba14-55e516d48afe", "navnerom": "https://data.geonorge.no/sosi/samferdsel/hovedled_og_biled", "versjonId": 20210101, "datauttaksdato": "2026-01-01T23:00:58", "farlednavn": "Langøyosen", "farlednummer": 2116, "farledtype": "Biled" }, "geometry": { "type": "LineString", "coordinates": [ [ 5.713269253844682, 59.027305050013695 ], [ 5.742140094684087, 59.019952523581352 ], [ 5.75232877173914, 59.017355430082205 ], [ 5.757332824233882, 59.01254772913714 ], [ 5.761246800972718, 59.004515893070121 ], [ 5.765522758249539, 59.000779075766445 ], [ 5.775974268638357, 58.993720837694703 ], [ 5.775671151385872, 58.97436365805217 ] ] } },
{ "type": "Feature", "properties": { "gml_id": "idd08e2e96-7414-4fa9-a574-5a0047715025", "lokalid": "505350ef-c516-4d86-8531-f156e957ce61", "navnerom": "https://data.geonorge.no/sosi/samferdsel/hovedled_og_biled", "versjonId": 20210101, "datauttaksdato": "2026-01-01T23:00:58", "farlednavn": "Revingen - Tau", "farlednummer": 2121, "farledtype": "Biled" }, "geometry": { "type": "LineString", "coordinates": [ [ 5.865459965459525, 59.03195640457146 ], [ 5.888563963980438, 59.048752611713248 ], [ 5.907066700986769, 59.0621895230924 ] ] } },
{ "type": "Feature", "properties": { "gml_id": "id96269850-2f63-4c56-84fa-6c77a3a73a0b", "lokalid": "5cc79d21-425d-46d6-aff8-86676c1f449b", "navnerom": "https://data.geonorge.no/sosi/samferdsel/hovedled_og_biled", "versjonId": 20210101, "datauttaksdato": "2026-01-01T23:00:58", "farlednavn": "Revingen - Tau", "farlednummer": 2121, "farledtype": "Biled" }, "geometry": { "type": "LineString", "coordinates": [ [ 5.865459965459525, 59.03195640457146 ], [ 5.841557820198182, 59.012139151399225 ], [ 5.824125818725833, 59.00714470536974 ], [ 5.812778306767804, 58.999879135328584 ], [ 5.798362434455728, 58.994430045485537 ] ] } },
{ "type": "Feature", "properties": { "gml_id": "id1ea6d937-6796-4622-a58d-8f0832672a66", "lokalid": "e4d0561a-e0b9-4a3d-bbd6-62188c06f1ad", "navnerom": "https://data.geonorge.no/sosi/samferdsel/hovedled_og_biled", "versjonId": 20210101, "datauttaksdato": "2026-01-01T23:00:58", "farlednavn": "Sjernarøy", "farlednummer": 2118, "farledtype": "Biled" }, "geometry": { "type": "LineString", "coordinates": [ [ 5.894690715127245, 59.205245084116726 ], [ 5.848497218042374, 59.216472544850724 ], [ 5.841751682839722, 59.222336686042077 ], [ 5.84106501637563, 59.224446686455217 ], [ 5.83900501660801, 59.22579334629566 ], [ 5.839964939226962, 59.227551430627948 ] ] } },
{ "type": "Feature", "properties": { "gml_id": "id55c7bf63-c90e-4663-9786-745470671b57", "lokalid": "d3d578ac-dae7-47d1-852f-ddb7e0ff643d", "navnerom": "https://data.geonorge.no/sosi/samferdsel/hovedled_og_biled", "versjonId": 20210101, "datauttaksdato": "2026-01-01T23:00:58", "farlednavn": "Sjernarøy", "farlednummer": 2118, "farledtype": "Biled" }, "geometry": { "type": "LineString", "coordinates": [ [ 5.838106445633868, 59.250320976987311 ], [ 5.836044778912507, 59.244699306548817 ], [ 5.836405858499348, 59.235965735023001 ], [ 5.836618102783468, 59.230827636491718 ], [ 5.839964939226962, 59.227551430627948 ] ] } },
{ "type": "Feature", "properties": { "gml_id": "id82a8fdb7-5c77-4c93-9663-87553b92289e", "lokalid": "f5a05175-5cf9-46b6-b4b6-d2bf6aeb1f38", "navnerom": "https://data.geonorge.no/sosi/samferdsel/hovedled_og_biled", "versjonId": 20210101, "datauttaksdato": "2026-01-01T23:00:58", "farlednavn": "Sjernarøy", "farlednummer": 2118, "farledtype": "Biled" }, "geometry": { "type": "LineString", "coordinates": [ [ 5.838106445633868, 59.250320976987311 ], [ 5.843141442531363, 59.261085975809884 ], [ 5.839249790565138, 59.271787636660164 ], [ 5.877056115746309, 59.323251352915818 ] ] } },
{ "type": "Feature", "properties": { "gml_id": "idb8d0c82c-ec67-4743-a714-a2505e554937", "lokalid": "72b5a604-c78f-4e35-850c-421b722cc078", "navnerom": "https://data.geonorge.no/sosi/samferdsel/hovedled_og_biled", "versjonId": 20210101, "datauttaksdato": "2026-01-01T23:00:58", "farlednavn": "Brimsefjorden - Hjelmelandsfjorden", "farlednummer": 2126, "farledtype": "Biled" }, "geometry": { "type": "LineString", "coordinates": [ [ 5.848128609782229, 59.076323785959808 ], [ 5.883840014497291, 59.090800015499262 ], [ 5.901675628393866, 59.099406805032501 ], [ 5.972225014350446, 59.133386684801224 ] ] } },
{ "type": "Feature", "properties": { "gml_id": "id0c7d21d9-1051-4d4e-9191-21d866a9afcf", "lokalid": "0c439947-094c-477d-86a6-c67bc7594648", "navnerom": "https://data.geonorge.no/sosi/samferdsel/hovedled_og_biled", "versjonId": 20210101, "datauttaksdato": "2026-01-01T23:00:58", "farlednavn": "Falkeidflæet - Hervikfjorden", "farlednummer": 2132, "farledtype": "Biled" }, "geometry": { "type": "LineString", "coordinates": [ [ 5.601710746037994, 59.274804459475476 ], [ 5.515910316342696, 59.241800692471671 ] ] } },
{ "type": "Feature", "properties": { "gml_id": "idd23d57ac-a536-4d2b-bae5-1f27b229314a", "lokalid": "c4f27eec-fffd-479f-bc06-43b2a8354b89", "navnerom": "https://data.geonorge.no/sosi/samferdsel/hovedled_og_biled", "versjonId": 20210101, "datauttaksdato": "2026-01-01T23:00:58", "farlednavn": "Brimsefjorden - Hjelmelandsfjorden", "farlednummer": 2126, "farledtype": "Biled" }, "geometry": { "type": "LineString", "coordinates": [ [ 5.972225014350446, 59.133386684801224 ], [ 5.991708823858557, 59.146360724396907 ], [ 6.071606680033717, 59.199435013164319 ], [ 6.099815012142233, 59.220295012829162 ], [ 6.128561477969655, 59.244620033146774 ], [ 6.133014929358134, 59.248384984084282 ] ] } },
{ "type": "Feature", "properties": { "gml_id": "id8a34fb74-f4ac-4061-b6c4-dd0d7b7309e0", "lokalid": "b737a1cc-3537-4cec-b3fa-5750f88a1eb3", "navnerom": "https://data.geonorge.no/sosi/samferdsel/hovedled_og_biled", "versjonId": 20210101, "datauttaksdato": "2026-01-01T23:00:58", "farlednavn": "Vindafjorden - Yrkefjorden", "farlednummer": 2136, "farledtype": "Biled" }, "geometry": { "type": "LineString", "coordinates": [ [ 5.773100626441532, 59.429620895838646 ], [ 5.789166684251543, 59.435070016366325 ], [ 5.83874420666158, 59.444735409606515 ], [ 5.88400412255272, 59.432454252683556 ] ] } },
{ "type": "Feature", "properties": { "gml_id": "idc9761eda-e9fd-4640-9cae-7df2f65868c3", "lokalid": "af0e2713-bd75-47e0-af0c-0f3945fbd0a8", "navnerom": "https://data.geonorge.no/sosi/samferdsel/hovedled_og_biled", "versjonId": 20210101, "datauttaksdato": "2026-01-01T23:00:58", "farlednavn": "Vindafjorden - Yrkefjorden", "farlednummer": 2136, "farledtype": "Biled" }, "geometry": { "type": "LineString", "coordinates": [ [ 5.876843811472722, 59.446931610063373 ], [ 5.88400412255272, 59.432454252683556 ], [ 5.909328347440352, 59.38113834461182 ], [ 5.915401145589273, 59.333390962280973 ] ] } },
{ "type": "Feature", "properties": { "gml_id": "idf2673a7b-a24b-44c3-9674-2dc9f368a3ac", "lokalid": "213ed7b3-7466-492b-b66b-1f49a03a7a18", "navnerom": "https://data.geonorge.no/sosi/samferdsel/hovedled_og_biled", "versjonId": 20210101, "datauttaksdato": "2026-01-01T23:00:58", "farlednavn": "Persloen - Karmsundet", "farlednummer": 2146, "farledtype": "Biled" }, "geometry": { "type": "LineString", "coordinates": [ [ 5.380103458535284, 59.26984971541205 ], [ 5.397911526493127, 59.256201294308156 ], [ 5.400559742761938, 59.254379486402641 ], [ 5.405770696721423, 59.252912037955738 ], [ 5.408626903916177, 59.251105574584223 ], [ 5.416255142191829, 59.248999047422835 ] ] } },
{ "type": "Feature", "properties": { "gml_id": "idb389f4d7-9678-4e4a-819d-292b3cd780af", "lokalid": "3b724984-f499-415f-b407-49b64d09996e", "navnerom": "https://data.geonorge.no/sosi/samferdsel/hovedled_og_biled", "versjonId": 20210101, "datauttaksdato": "2026-01-01T23:00:58", "farlednavn": "Goddeskjær - Brandasund", "farlednummer": 2167, "farledtype": "Biled" }, "geometry": { "type": "LineString", "coordinates": [ [ 5.015378309924688, 59.855656498081913 ], [ 5.058949947527868, 59.874736322625253 ], [ 5.077080854137487, 59.880485279078101 ], [ 5.093491834332472, 59.889221058416396 ], [ 5.101904424712759, 59.892457978101554 ], [ 5.104715183198635, 59.893710632603579 ], [ 5.104637929488024, 59.895643280472292 ] ] } },
{ "type": "Feature", "properties": { "gml_id": "idc01d46e4-df5d-48de-af8a-d75877ec5556", "lokalid": "26df4b82-4e89-42fe-9c9b-c0895cf755da", "navnerom": "https://data.geonorge.no/sosi/samferdsel/hovedled_og_biled", "versjonId": 20210101, "datauttaksdato": "2026-01-01T23:00:58", "farlednavn": "Persloen - Karmsundet", "farlednummer": 2146, "farledtype": "Biled" }, "geometry": { "type": "LineString", "coordinates": [ [ 5.3353249148349, 59.270437197695543 ], [ 5.352854663032714, 59.266971983667304 ], [ 5.357324965140887, 59.267742847692212 ], [ 5.362021037562525, 59.270713211927216 ], [ 5.361979156205987, 59.272729169965906 ], [ 5.363227282387215, 59.273586401875967 ], [ 5.367685702955372, 59.274028547118178 ], [ 5.369673593810224, 59.273413003248201 ], [ 5.37439962594882, 59.27403859769727 ], [ 5.380103458535284, 59.26984971541205 ] ] } },
{ "type": "Feature", "properties": { "gml_id": "id40533064-a2ff-4294-b7d1-24b5c38b80e8", "lokalid": "69ffb253-46c1-4242-8eb7-c58a6e1c5c34", "navnerom": "https://data.geonorge.no/sosi/samferdsel/hovedled_og_biled", "versjonId": 20210101, "datauttaksdato": "2026-01-01T23:00:58", "farlednavn": "Føynfjorden - Kjørkjesund", "farlednummer": 2147, "farledtype": "Biled" }, "geometry": { "type": "LineString", "coordinates": [ [ 5.195628485736263, 59.379813702524309 ], [ 5.191023505322799, 59.367417443768595 ], [ 5.178850014262992, 59.359620262674859 ], [ 5.165182306068419, 59.338519457114252 ] ] } },
{ "type": "Feature", "properties": { "gml_id": "ida49c03bc-ad2c-422b-be4b-eaa4d320d2cd", "lokalid": "ba091e3c-4927-4752-994d-048d40cd653c", "navnerom": "https://data.geonorge.no/sosi/samferdsel/hovedled_og_biled", "versjonId": 20210101, "datauttaksdato": "2026-01-01T23:00:58", "farlednavn": "Garsundfjorden", "farlednummer": 2131, "farledtype": "Biled" }, "geometry": { "type": "LineString", "coordinates": [ [ 6.133014929358134, 59.248384984084282 ], [ 6.121744541765183, 59.246425856707567 ], [ 6.002483347302245, 59.225621683934463 ], [ 5.943708385142442, 59.218567528859673 ], [ 5.894690715127245, 59.205245084116726 ], [ 5.825558348329391, 59.204298346538444 ], [ 5.799923349579069, 59.203950016732492 ], [ 5.756409883075315, 59.198815079260825 ], [ 5.692823010406003, 59.19128246435708 ], [ 5.519583766642625, 59.158362712800873 ] ] } },
{ "type": "Feature", "properties": { "gml_id": "id94e9d66a-9a1e-4895-9bf8-321878aec412", "lokalid": "7f7e33b2-9f11-4ad5-ac32-2caabc51e5d7", "navnerom": "https://data.geonorge.no/sosi/samferdsel/hovedled_og_biled", "versjonId": 20210101, "datauttaksdato": "2026-01-01T23:00:58", "farlednavn": "Fjelbergsund", "farlednummer": 2181, "farledtype": "Biled" }, "geometry": { "type": "LineString", "coordinates": [ [ 5.74579202310879, 59.69627542864653 ], [ 5.740300017681639, 59.707566686257287 ], [ 5.718480801348139, 59.724758236500115 ], [ 5.712773313573412, 59.728156433669376 ], [ 5.70821996898566, 59.733070974502695 ], [ 5.692218100585843, 59.73645974001456 ], [ 5.68446040826704, 59.739114900894322 ], [ 5.656058656299393, 59.755962382987498 ], [ 5.539133116163457, 59.764768904350568 ] ] } },
{ "type": "Feature", "properties": { "gml_id": "id02858dc2-e7f3-4f0d-bc25-89c6ffad2cc7", "lokalid": "1a8b16c8-3245-4851-bcf5-b57c9f02847c", "navnerom": "https://data.geonorge.no/sosi/samferdsel/hovedled_og_biled", "versjonId": 20210101, "datauttaksdato": "2026-01-01T23:00:58", "farlednavn": "Haugsundet", "farlednummer": 2178, "farledtype": "Biled" }, "geometry": { "type": "LineString", "coordinates": [ [ 5.66005890551904, 59.690209940383319 ], [ 5.713271736860892, 59.66629337078372 ], [ 5.784816684182511, 59.645541685062149 ] ] } },
{ "type": "Feature", "properties": { "gml_id": "idb932f980-d5be-41be-96cc-ea95fa02f90d", "lokalid": "a8d30092-8b82-458d-80e5-80e9d84b66a6", "navnerom": "https://data.geonorge.no/sosi/samferdsel/hovedled_og_biled", "versjonId": 20210101, "datauttaksdato": "2026-01-01T23:00:58", "farlednavn": "Stokksundet - Rubbestadneset", "farlednummer": 2175, "farledtype": "Biled" }, "geometry": { "type": "LineString", "coordinates": [ [ 5.340156692756841, 59.775555022211051 ], [ 5.330715024975129, 59.784393352717665 ], [ 5.318585026300433, 59.802480022879365 ], [ 5.289860026478451, 59.813756693180636 ], [ 5.280904075112924, 59.81696430883639 ] ] } },
{ "type": "Feature", "properties": { "gml_id": "id903b160d-60cb-423d-aa23-88626ccb2c18", "lokalid": "7bfe8c30-df39-4a24-b236-076ff9e8b64e", "navnerom": "https://data.geonorge.no/sosi/samferdsel/hovedled_og_biled", "versjonId": 20210101, "datauttaksdato": "2026-01-01T23:00:58", "farlednavn": "Engesundsleia - Fitjarvik", "farlednummer": 2176, "farledtype": "Biled" }, "geometry": { "type": "LineString", "coordinates": [ [ 5.274755027468786, 59.841370023257632 ], [ 5.275783360154698, 59.843255022975846 ], [ 5.282078359013082, 59.857796693017832 ], [ 5.266775027035338, 59.881703353393419 ], [ 5.26284169482541, 59.898463353493455 ], [ 5.261891694401541, 59.908333353045769 ], [ 5.263723359887302, 59.916250023291759 ], [ 5.265130026389827, 59.919400022870548 ], [ 5.26812002751011, 59.923900023366329 ], [ 5.271435027218359, 59.927491693073556 ], [ 5.27498335944857, 59.929043352366115 ], [ 5.278073359962142, 59.929385023082936 ], [ 5.284725027046571, 59.925833352597905 ], [ 5.291118358949896, 59.922220022351389 ], [ 5.294725026902835, 59.921386692026118 ], [ 5.302563358992232, 59.921146692276849 ], [ 5.307140025935624, 59.924056692487703 ], [ 5.284253360088497, 59.956848352600723 ], [ 5.24686736875196, 59.975320640935841 ] ] } },
{ "type": "Feature", "properties": { "gml_id": "id06824a14-3ae4-47c6-9688-fd9eed231c2f", "lokalid": "cb394b76-4a3c-4b8d-9306-68f4512375af", "navnerom": "https://data.geonorge.no/sosi/samferdsel/hovedled_og_biled", "versjonId": 20210101, "datauttaksdato": "2026-01-01T23:00:58", "farlednavn": "Stokksundet - Rubbestadneset", "farlednummer": 2175, "farledtype": "Biled" }, "geometry": { "type": "LineString", "coordinates": [ [ 5.280904075112924, 59.81696430883639 ], [ 5.269390745669578, 59.823635825613543 ], [ 5.265377897221487, 59.824032328845512 ], [ 5.262923764013881, 59.821697438697484 ] ] } },
{ "type": "Feature", "properties": { "gml_id": "idac38fa7c-89e1-4dda-9b30-04424f7cbca6", "lokalid": "56d3d15e-b9fb-4cee-a602-b477f7a73e37", "navnerom": "https://data.geonorge.no/sosi/samferdsel/hovedled_og_biled", "versjonId": 20210101, "datauttaksdato": "2026-01-01T23:00:58", "farlednavn": "Stokksundet - Rubbestadneset", "farlednummer": 2175, "farledtype": "Biled" }, "geometry": { "type": "LineString", "coordinates": [ [ 5.280904075112924, 59.81696430883639 ], [ 5.274755027468786, 59.841370023257632 ] ] } },
{ "type": "Feature", "properties": { "gml_id": "idadeb2d64-c2c2-4ae6-82df-6f8e8bb3fdb2", "lokalid": "d5d99df3-67cb-468d-9654-110d791a1c52", "navnerom": "https://data.geonorge.no/sosi/samferdsel/hovedled_og_biled", "versjonId": 20210101, "datauttaksdato": "2026-01-01T23:00:58", "farlednavn": "Høylandssundet", "farlednummer": 2184, "farledtype": "Biled" }, "geometry": { "type": "LineString", "coordinates": [ [ 5.885810309161446, 59.754646511232075 ], [ 5.842492710006757, 59.776040953508677 ], [ 5.795803349841987, 59.794420014790745 ] ] } },
{ "type": "Feature", "properties": { "gml_id": "iddeb2a8f3-fdcb-40d0-9665-16d3cbe39971", "lokalid": "c66b6900-9e5f-412f-adff-20f2c619fb28", "navnerom": "https://data.geonorge.no/sosi/samferdsel/hovedled_og_biled", "versjonId": 20210101, "datauttaksdato": "2026-01-01T23:00:58", "farlednavn": "Hatvik - Vengjaneset", "farlednummer": 2217, "farledtype": "Biled" }, "geometry": { "type": "LineString", "coordinates": [ [ 5.567394841208368, 60.210079750146662 ], [ 5.587916091468957, 60.208493040566275 ], [ 5.593079132544583, 60.208093301780515 ], [ 5.59435481899013, 60.206631769763653 ] ] } },
{ "type": "Feature", "properties": { "gml_id": "idaaf95923-976b-40d0-b762-5252aaacc033", "lokalid": "b1896ab7-63cb-4400-9f83-3ea5a5d2042e", "navnerom": "https://data.geonorge.no/sosi/samferdsel/hovedled_og_biled", "versjonId": 20210101, "datauttaksdato": "2026-01-01T23:00:58", "farlednavn": "Hatvik - Vengjaneset", "farlednummer": 2217, "farledtype": "Biled" }, "geometry": { "type": "LineString", "coordinates": [ [ 5.538774404810368, 60.208916191024009 ], [ 5.545668501475821, 60.211688426325424 ], [ 5.55997777843726, 60.210629352596456 ], [ 5.567394841208368, 60.210079750146662 ] ] } },
{ "type": "Feature", "properties": { "gml_id": "id94e3ea57-d542-444e-9bbf-c0aee69d164f", "lokalid": "df7dbdbb-9eb7-4390-97d8-8c03f2ba83f1", "navnerom": "https://data.geonorge.no/sosi/samferdsel/hovedled_og_biled", "versjonId": 20210101, "datauttaksdato": "2026-01-01T23:00:58", "farlednavn": "Fusafjorden", "farlednummer": 2216, "farledtype": "Biled" }, "geometry": { "type": "LineString", "coordinates": [ [ 5.600837878263598, 60.204948773265173 ], [ 5.599883277561158, 60.208291585119987 ], [ 5.591985020550299, 60.209346686058858 ], [ 5.587916091468957, 60.208493040566275 ], [ 5.584574587765757, 60.207791881630854 ], [ 5.534744901955373, 60.16861041492912 ], [ 5.455262226876416, 60.107906250022452 ] ] } },
{ "type": "Feature", "properties": { "gml_id": "ida0b20eb6-3b08-45e6-93dc-f7992a6351e1", "lokalid": "be2c9539-a85e-4a89-921a-29b77b4f36d8", "navnerom": "https://data.geonorge.no/sosi/samferdsel/hovedled_og_biled", "versjonId": 20210101, "datauttaksdato": "2026-01-01T23:00:58", "farlednavn": "Halhjem", "farlednummer": 2208, "farledtype": "Biled" }, "geometry": { "type": "LineString", "coordinates": [ [ 5.426726721120093, 60.143511037549899 ], [ 5.426556482665331, 60.141092992450353 ], [ 5.425816691788537, 60.138798349449125 ], [ 5.428270033794372, 60.135326747635538 ], [ 5.427781093118066, 60.132476414199509 ], [ 5.42843900609356, 60.106431361264981 ] ] } },
{ "type": "Feature", "properties": { "gml_id": "ide7cfe2e2-4aba-41af-8cdb-db84b9ca3c96", "lokalid": "06aebdfb-1506-428f-b618-fc31fe2b2af8", "navnerom": "https://data.geonorge.no/sosi/samferdsel/hovedled_og_biled", "versjonId": 20210101, "datauttaksdato": "2026-01-01T23:00:58", "farlednavn": "Våge", "farlednummer": 2209, "farledtype": "Biled" }, "geometry": { "type": "LineString", "coordinates": [ [ 5.525398850648237, 60.048082308487409 ], [ 5.529156688447907, 60.051248347446126 ], [ 5.528126688961662, 60.057013347852674 ], [ 5.523444501885976, 60.060767334232324 ], [ 5.507103083825188, 60.074975875131663 ], [ 5.466323463443808, 60.106478681944338 ] ] } },
{ "type": "Feature", "properties": { "gml_id": "id99df8b43-7e83-4b5c-882d-f26a552c2981", "lokalid": "f04bb3f4-dadb-43b2-b56f-e296716e7be4", "navnerom": "https://data.geonorge.no/sosi/samferdsel/hovedled_og_biled", "versjonId": 20210101, "datauttaksdato": "2026-01-01T23:00:58", "farlednavn": "Klovningløpet", "farlednummer": 2116, "farledtype": "Biled" }, "geometry": { "type": "LineString", "coordinates": [ [ 5.742140094684087, 59.019952523581352 ], [ 5.76891475297563, 59.025812519911135 ], [ 5.771084044015775, 59.027917886044357 ], [ 5.783711781891566, 59.03000462525327 ] ] } },
{ "type": "Feature", "properties": { "gml_id": "id7b32ffef-6fe6-4ecf-adf6-0e517f6366b8", "lokalid": "13fed5f6-1a3a-4e86-a8fb-477324e4217a", "navnerom": "https://data.geonorge.no/sosi/samferdsel/hovedled_og_biled", "versjonId": 20210101, "datauttaksdato": "2026-01-01T23:00:58", "farlednavn": "Lukksund", "farlednummer": 2191, "farledtype": "Biled" }, "geometry": { "type": "LineString", "coordinates": [ [ 5.77017335912704, 59.930474786328332 ], [ 5.760783639208931, 59.944556299024413 ], [ 5.722561686229852, 60.001736685300571 ], [ 5.714206685087726, 60.024556685355932 ], [ 5.710773352527055, 60.032963345699045 ], [ 5.707111685695314, 60.03935668549105 ], [ 5.704365018433938, 60.048045015235743 ], [ 5.705166685080947, 60.051358345189158 ], [ 5.707455018796177, 60.053646684964363 ], [ 5.704165018246617, 60.074771685129228 ], [ 5.695095019518184, 60.085735015312395 ], [ 5.631731234438485, 60.094048150910773 ] ] } },
{ "type": "Feature", "properties": { "gml_id": "id38826a19-c46f-40d8-829e-1e32e8b759bc", "lokalid": "4ae9922c-f9b3-4906-923a-dfe6b48545d8", "navnerom": "https://data.geonorge.no/sosi/samferdsel/hovedled_og_biled", "versjonId": 20210101, "datauttaksdato": "2026-01-01T23:00:58", "farlednavn": "Stokksund - Nyleia", "farlednummer": 2170, "farledtype": "Biled" }, "geometry": { "type": "LineString", "coordinates": [ [ 5.419293355964813, 59.698243351344516 ], [ 5.395336792673377, 59.722634986946012 ], [ 5.381526690497583, 59.736676691681218 ], [ 5.350755742610248, 59.765593009265324 ], [ 5.330715024975129, 59.784393352717665 ], [ 5.318585026300433, 59.802480022879365 ], [ 5.274755027468786, 59.841370023257632 ], [ 5.270176694605638, 59.844928353382755 ], [ 5.252391694445874, 59.855501693844566 ], [ 5.223891694735719, 59.880555023769872 ], [ 5.21675669566908, 59.888361694468514 ], [ 5.206891695465314, 59.897951694355456 ], [ 5.195558361924967, 59.911386694625122 ], [ 5.186311962463167, 59.922410681150986 ], [ 5.173473362691952, 59.937703355131575 ], [ 5.24686736875196, 59.975320640935841 ] ] } },
{ "type": "Feature", "properties": { "gml_id": "ide0272356-d93a-4e6b-b36e-fb8b9176745f", "lokalid": "61aa331b-d133-49f6-91e7-dba776abec91", "navnerom": "https://data.geonorge.no/sosi/samferdsel/hovedled_og_biled", "versjonId": 20210101, "datauttaksdato": "2026-01-01T23:00:58", "farlednavn": "Hufthamar - Laugarøy", "farlednummer": 2232, "farledtype": "Biled" }, "geometry": { "type": "LineString", "coordinates": [ [ 5.266156048504544, 60.148604778273807 ], [ 5.254328233995489, 60.14457031337971 ], [ 5.227143903070405, 60.13498118266665 ], [ 5.210095028034658, 60.128961692995091 ], [ 5.207233361501369, 60.126401692873358 ], [ 5.200110763016938, 60.124381815806785 ] ] } },
{ "type": "Feature", "properties": { "gml_id": "idc4531f78-5f91-4544-84ea-4faf5bf1f6d5", "lokalid": "cf79b2f9-3753-4cc3-8bf1-2cda0a4c1ec6", "navnerom": "https://data.geonorge.no/sosi/samferdsel/hovedled_og_biled", "versjonId": 20210101, "datauttaksdato": "2026-01-01T23:00:58", "farlednavn": "Laugarøy - Krokeide", "farlednummer": 2233, "farledtype": "Biled" }, "geometry": { "type": "LineString", "coordinates": [ [ 5.291776714088821, 60.222975572328288 ], [ 5.292467428011379, 60.22128045279976 ], [ 5.294209348730411, 60.21915751532741 ], [ 5.298080732219502, 60.214848321434317 ], [ 5.296020567384589, 60.199823522856164 ], [ 5.281212781968959, 60.174700053680262 ], [ 5.261324602603108, 60.152282270098965 ] ] } },
{ "type": "Feature", "properties": { "gml_id": "id537785bc-b2fd-49f2-8fbf-c983e5109388", "lokalid": "1e80b1fb-1f82-4d6d-a160-32ba25ccd03d", "navnerom": "https://data.geonorge.no/sosi/samferdsel/hovedled_og_biled", "versjonId": 20210101, "datauttaksdato": "2026-01-01T23:00:58", "farlednavn": "Utbjoa", "farlednummer": 2173, "farledtype": "Biled" }, "geometry": { "type": "LineString", "coordinates": [ [ 5.66005890551904, 59.690209940383319 ], [ 5.623796854158535, 59.684179027642891 ], [ 5.614415020084552, 59.680506688212446 ], [ 5.614475757172007, 59.679427085786607 ] ] } },
{ "type": "Feature", "properties": { "gml_id": "idc7d8b88d-3945-4484-9aa4-88f29c238179", "lokalid": "b428fb8c-68f8-4983-a66e-72d9378f22d6", "navnerom": "https://data.geonorge.no/sosi/samferdsel/hovedled_og_biled", "versjonId": 20210101, "datauttaksdato": "2026-01-01T23:00:58", "farlednavn": "Porsvika", "farlednummer": 2233, "farledtype": "Biled" }, "geometry": { "type": "LineString", "coordinates": [ [ 5.053689529488103, 60.209870899449619 ], [ 5.053527397669085, 60.207072338959136 ], [ 5.047295689344976, 60.20020051533578 ], [ 5.039520109364177, 60.190603850888948 ], [ 5.031556324155966, 60.177135763115821 ], [ 5.029301855860813, 60.16715504409197 ], [ 5.026261030232838, 60.161192547532529 ], [ 5.028162138665031, 60.146860624619492 ] ] } },
{ "type": "Feature", "properties": { "gml_id": "id3fb1574e-2f00-47f5-babe-07f852dc4f9e", "lokalid": "24104384-fc5c-4603-a572-8961937f4fbb", "navnerom": "https://data.geonorge.no/sosi/samferdsel/hovedled_og_biled", "versjonId": 20210101, "datauttaksdato": "2026-01-01T23:00:58", "farlednavn": "Mofjorden", "farlednummer": 2266, "farledtype": "Biled" }, "geometry": { "type": "LineString", "coordinates": [ [ 5.656643352713401, 60.711153343893599 ], [ 5.678320269579859, 60.737839767680782 ], [ 5.690981616352587, 60.745353716626433 ], [ 5.698007208120864, 60.756351276489283 ], [ 5.706933313419323, 60.761985653754543 ], [ 5.722391631031446, 60.76367900057776 ], [ 5.724363414641271, 60.765018831785142 ], [ 5.726671019931384, 60.766522809066444 ], [ 5.729285531745003, 60.766973628069564 ], [ 5.732591662573347, 60.766935322773278 ], [ 5.739904736134926, 60.767462691274375 ], [ 5.74886528156391, 60.775186067621924 ], [ 5.758093025368159, 60.782847252752191 ], [ 5.762740834915528, 60.792669398563149 ], [ 5.767840755782618, 60.803498893109648 ], [ 5.789630863881642, 60.813589991447543 ], [ 5.797273338283127, 60.812922440584998 ] ] } },
{ "type": "Feature", "properties": { "gml_id": "idfdc39dfc-d956-4ce7-9246-9f890403617d", "lokalid": "8c93643a-56b8-4504-a915-092a5f58f33a", "navnerom": "https://data.geonorge.no/sosi/samferdsel/hovedled_og_biled", "versjonId": 20210101, "datauttaksdato": "2026-01-01T23:00:58", "farlednavn": "Osundet Vest", "farlednummer": 2255, "farledtype": "Biled" }, "geometry": { "type": "LineString", "coordinates": [ [ 4.81543030670292, 60.527291753003652 ], [ 4.839748642312457, 60.542367782733344 ], [ 4.847861594951424, 60.545313000201524 ], [ 4.852581784770545, 60.547306986616327 ], [ 4.856816211217595, 60.548824239762162 ], [ 4.860840002792362, 60.553023523799411 ], [ 4.865127788316677, 60.555987833127404 ], [ 4.866808838352704, 60.557120694642997 ] ] } },
{ "type": "Feature", "properties": { "gml_id": "idd38bd702-a26e-4865-906f-7e916812e2f3", "lokalid": "0f027933-418e-4c18-876f-6d7c8417dd92", "navnerom": "https://data.geonorge.no/sosi/samferdsel/hovedled_og_biled", "versjonId": 20210101, "datauttaksdato": "2026-01-01T23:00:58", "farlednavn": "Osundet Øst", "farlednummer": 2259, "farledtype": "Biled" }, "geometry": { "type": "LineString", "coordinates": [ [ 4.866808838352704, 60.557120694642997 ], [ 4.869455078120493, 60.558829487510259 ], [ 4.871199985808699, 60.560971190027772 ], [ 4.877047091939974, 60.565058436318594 ], [ 4.911397765539792, 60.576332998090933 ] ] } },
{ "type": "Feature", "properties": { "gml_id": "id518ac3a4-701c-4168-b853-10255504cec1", "lokalid": "8716b52a-05d7-4d48-a5ed-606db928b73a", "navnerom": "https://data.geonorge.no/sosi/samferdsel/hovedled_og_biled", "versjonId": 20210101, "datauttaksdato": "2026-01-01T23:00:58", "farlednavn": "Fedje - Sævarøy", "farlednummer": 2272, "farledtype": "Biled" }, "geometry": { "type": "LineString", "coordinates": [ [ 4.712403262027215, 60.785041752394363 ], [ 4.709530042681228, 60.78610170006511 ], [ 4.705525044277959, 60.786566700267848 ], [ 4.703235043332104, 60.787878360221242 ], [ 4.70895837566988, 60.789106700084233 ], [ 4.723491710385979, 60.788970029698909 ], [ 4.752368146480894, 60.788534266590773 ] ] } },
{ "type": "Feature", "properties": { "gml_id": "idcb9aa060-28f7-4657-a913-8375cd3befa1", "lokalid": "11d03233-565d-453e-8691-22018e8bbaa4", "navnerom": "https://data.geonorge.no/sosi/samferdsel/hovedled_og_biled", "versjonId": 20210101, "datauttaksdato": "2026-01-01T23:00:58", "farlednavn": "Fedje - Sævarøy", "farlednummer": 2272, "farledtype": "Biled" }, "geometry": { "type": "LineString", "coordinates": [ [ 4.752368146480894, 60.788534266590773 ], [ 4.791280403951987, 60.787339169260669 ], [ 4.799938373889514, 60.787071698346232 ], [ 4.809711706495002, 60.791368357279076 ], [ 4.81416170692748, 60.790555027791804 ], [ 4.822475039368515, 60.786873357048265 ], [ 4.826031706986167, 60.786983357010264 ], [ 4.829433461638609, 60.787704765384873 ] ] } },
{ "type": "Feature", "properties": { "gml_id": "id2cb6ec8c-e5c8-4fe2-aecb-37bae07c4328", "lokalid": "cda62033-d756-472c-9be2-cd064129788a", "navnerom": "https://data.geonorge.no/sosi/samferdsel/hovedled_og_biled", "versjonId": 20210101, "datauttaksdato": "2026-01-01T23:00:58", "farlednavn": "Djuposen", "farlednummer": 1510, "farledtype": "Hovedled" }, "geometry": { "type": "LineString", "coordinates": [ [ 4.724839544753423, 60.814696608648219 ], [ 4.774204647091385, 60.855979485576619 ], [ 4.775947018166293, 60.867490332844696 ], [ 4.775376501961859, 60.869690185244956 ], [ 4.772269532435919, 60.881663958660063 ], [ 4.756385043080923, 60.942711698101583 ], [ 4.755930043524299, 60.946550027956491 ], [ 4.76131504232142, 60.987871698017749 ] ] } },
{ "type": "Feature", "properties": { "gml_id": "ida6324e25-8eb7-4201-ac57-41f3155b8beb", "lokalid": "fa61d753-9535-4105-b6bf-87b46566deaf", "navnerom": "https://data.geonorge.no/sosi/samferdsel/hovedled_og_biled", "versjonId": 20210101, "datauttaksdato": "2026-01-01T23:00:58", "farlednavn": "Hjeltefjorden", "farlednummer": 1508, "farledtype": "Hovedled" }, "geometry": { "type": "LineString", "coordinates": [ [ 5.166086697475749, 60.376986692967968 ], [ 5.154870030827244, 60.392485023027866 ], [ 5.103442871766751, 60.407002824266584 ], [ 5.097775082320252, 60.408522819272228 ], [ 5.074533366491366, 60.41475169400897 ], [ 5.040610129315221, 60.432269294723994 ], [ 5.029671701617152, 60.437911694981899 ], [ 4.978522645808308, 60.494254213778838 ], [ 4.978522461088157, 60.494254417885415 ], [ 4.953911703069596, 60.521363356216533 ], [ 4.948263154890459, 60.528291170701962 ], [ 4.911397765539792, 60.576332998090933 ], [ 4.869889496753879, 60.630229517291959 ], [ 4.865056402659156, 60.636491628070139 ], [ 4.798043374731114, 60.722575028483043 ], [ 4.781845408805602, 60.748057925831354 ], [ 4.761753414701131, 60.779603089675106 ], [ 4.752368146480894, 60.788534266590773 ], [ 4.724839544753423, 60.814696608648219 ], [ 4.671944013043261, 60.856567220440624 ] ] } },
{ "type": "Feature", "properties": { "gml_id": "id1452357b-c291-4a6b-951b-de28ab63d89d", "lokalid": "770e06a8-6fed-429f-a19e-638b84f84804", "navnerom": "https://data.geonorge.no/sosi/samferdsel/hovedled_og_biled", "versjonId": 20210101, "datauttaksdato": "2026-01-01T23:00:58", "farlednavn": "Eivindvik", "farlednummer": 2288, "farledtype": "Biled" }, "geometry": { "type": "LineString", "coordinates": [ [ 5.035786877113785, 60.978182504808615 ], [ 5.046384510730452, 60.978632140697059 ], [ 5.059789790454968, 60.979246112617162 ], [ 5.065862182934162, 60.979249075132124 ], [ 5.073790716307531, 60.979646392595292 ] ] } },
{ "type": "Feature", "properties": { "gml_id": "id3ec23104-b705-4ee2-a239-fbf88ac3d211", "lokalid": "28c9c409-1b1d-48e9-9ee0-ebd4f5da5689", "navnerom": "https://data.geonorge.no/sosi/samferdsel/hovedled_og_biled", "versjonId": 20210101, "datauttaksdato": "2026-01-01T23:00:58", "farlednavn": "Vassøyosen", "farlednummer": 2281, "farledtype": "Biled" }, "geometry": { "type": "LineString", "coordinates": [ [ 4.925822350384252, 60.969504615631784 ], [ 4.9168900892353, 60.96653684128249 ], [ 4.877131322718582, 60.966349829494746 ] ] } },
{ "type": "Feature", "properties": { "gml_id": "id0bbe6889-0ffd-4c34-91c7-1635367cf7f2", "lokalid": "9d0a6ef5-6085-430a-b3fc-d2ba6fd47a21", "navnerom": "https://data.geonorge.no/sosi/samferdsel/hovedled_og_biled", "versjonId": 20210101, "datauttaksdato": "2026-01-01T23:00:58", "farlednavn": "Vassøyosen", "farlednummer": 2281, "farledtype": "Biled" }, "geometry": { "type": "LineString", "coordinates": [ [ 4.993637912994031, 60.970517835910918 ], [ 4.954659236324382, 60.969385767873312 ], [ 4.925822350384252, 60.969504615631784 ] ] } },
{ "type": "Feature", "properties": { "gml_id": "id7cfef782-0b4b-42cd-a737-3ac79e3f86c1", "lokalid": "80199a16-e2ca-4d94-ae9b-1fe483987398", "navnerom": "https://data.geonorge.no/sosi/samferdsel/hovedled_og_biled", "versjonId": 20210101, "datauttaksdato": "2026-01-01T23:00:58", "farlednavn": "Listraumen", "farlednummer": 2316, "farledtype": "Biled" }, "geometry": { "type": "LineString", "coordinates": [ [ 5.197802619077891, 61.13963030152086 ], [ 5.195836563978595, 61.132712928934964 ], [ 5.138379477790667, 61.104347617342015 ] ] } },
{ "type": "Feature", "properties": { "gml_id": "id5cfad490-448d-4776-a02e-6949bb462cda", "lokalid": "f0193291-1fc4-4c7f-86f6-a0874dc78f8e", "navnerom": "https://data.geonorge.no/sosi/samferdsel/hovedled_og_biled", "versjonId": 20210101, "datauttaksdato": "2026-01-01T23:00:58", "farlednavn": "Fuglsetfjorden", "farlednummer": 2296, "farledtype": "Biled" }, "geometry": { "type": "LineString", "coordinates": [ [ 5.831105150503713, 61.078224050237068 ], [ 5.832308397915727, 61.101072606226552 ], [ 5.835715522625398, 61.121350273643749 ], [ 5.817363785173479, 61.139658271294223 ] ] } },
{ "type": "Feature", "properties": { "gml_id": "idec6e6cfa-8999-41ad-a031-5457b5a65dba", "lokalid": "7ad80b29-5262-45f0-9440-afe03b45bdf2", "navnerom": "https://data.geonorge.no/sosi/samferdsel/hovedled_og_biled", "versjonId": 20210101, "datauttaksdato": "2026-01-01T23:00:58", "farlednavn": "Lærdalsfjorden", "farlednummer": 2312, "farledtype": "Biled" }, "geometry": { "type": "LineString", "coordinates": [ [ 7.243710004240085, 61.155491672575828 ], [ 7.3863720091686, 61.123601803677488 ], [ 7.427057273323217, 61.110507617589697 ], [ 7.452776766610565, 61.107295192889907 ], [ 7.460555409984947, 61.10495493531738 ], [ 7.461083627027429, 61.102748618927357 ] ] } },
{ "type": "Feature", "properties": { "gml_id": "idcf696b54-9d0e-41b8-ae73-f199d45638fe", "lokalid": "ec7f981d-a049-41b3-80fa-4a737bc7f5b2", "navnerom": "https://data.geonorge.no/sosi/samferdsel/hovedled_og_biled", "versjonId": 20210101, "datauttaksdato": "2026-01-01T23:00:58", "farlednavn": "Kaupanger", "farlednummer": 2311, "farledtype": "Biled" }, "geometry": { "type": "LineString", "coordinates": [ [ 7.254931970609023, 61.154947422891787 ], [ 7.25143500438566, 61.172383332763914 ], [ 7.245941672326768, 61.180551672380574 ] ] } },
{ "type": "Feature", "properties": { "gml_id": "id7f6bdd06-699a-4f98-8106-db7e27fba9c1", "lokalid": "8ecf06e0-542d-45c4-af11-d23765b8f31b", "navnerom": "https://data.geonorge.no/sosi/samferdsel/hovedled_og_biled", "versjonId": 20210101, "datauttaksdato": "2026-01-01T23:00:58", "farlednavn": "Gaupnefjorden", "farlednummer": 2306, "farledtype": "Biled" }, "geometry": { "type": "LineString", "coordinates": [ [ 7.369443938574939, 61.357579963887915 ], [ 7.295803781067802, 61.39438145502568 ] ] } },
{ "type": "Feature", "properties": { "gml_id": "id0780aa17-ad3a-4de3-be33-c27841a46954", "lokalid": "08a763f2-3d1a-4896-b124-f2edcb7ec17d", "navnerom": "https://data.geonorge.no/sosi/samferdsel/hovedled_og_biled", "versjonId": 20210101, "datauttaksdato": "2026-01-01T23:00:58", "farlednavn": "Buefjorden", "farlednummer": 2309, "farledtype": "Biled" }, "geometry": { "type": "LineString", "coordinates": [ [ 4.869581923808328, 61.25985977517351 ], [ 4.828216166152518, 61.258800471458002 ], [ 4.809658515975459, 61.258008744456831 ], [ 4.74513051247008, 61.255235645339894 ], [ 4.483373030450359, 61.234379870889974 ] ] } },
{ "type": "Feature", "properties": { "gml_id": "id1e97a6e9-f43b-40e9-8e9f-5dfea181f3ec", "lokalid": "fd48d6ed-ba11-4703-9657-91f3d2cde609", "navnerom": "https://data.geonorge.no/sosi/samferdsel/hovedled_og_biled", "versjonId": 20210101, "datauttaksdato": "2026-01-01T23:00:58", "farlednavn": "Smørhamn", "farlednummer": 2346, "farledtype": "Biled" }, "geometry": { "type": "LineString", "coordinates": [ [ 4.982049305059228, 61.755595811002337 ], [ 4.955520036338195, 61.774041689093316 ], [ 4.95397939797698, 61.777325092961185 ], [ 4.948772352934962, 61.779410771256678 ] ] } },
{ "type": "Feature", "properties": { "gml_id": "id351787ff-40d3-474a-88e8-48e9f0b5262a", "lokalid": "96fea7dd-c318-411a-831c-cda35c888488", "navnerom": "https://data.geonorge.no/sosi/samferdsel/hovedled_og_biled", "versjonId": 20210101, "datauttaksdato": "2026-01-01T23:00:58", "farlednavn": "Bremangerpollen", "farlednummer": 2341, "farledtype": "Biled" }, "geometry": { "type": "LineString", "coordinates": [ [ 4.689699876334344, 61.82305018620837 ], [ 4.803733065151423, 61.817336599377782 ], [ 4.985205267922657, 61.835325769923294 ], [ 4.992770789054036, 61.836269422383516 ] ] } },
{ "type": "Feature", "properties": { "gml_id": "idc74dcf69-5849-414a-abc7-7d6aff162dff", "lokalid": "60f0c826-66cb-4c2c-a889-84e3543bfe93", "navnerom": "https://data.geonorge.no/sosi/samferdsel/hovedled_og_biled", "versjonId": 20210101, "datauttaksdato": "2026-01-01T23:00:58", "farlednavn": "Veststeinsund", "farlednummer": 2341, "farledtype": "Biled" }, "geometry": { "type": "LineString", "coordinates": [ [ 4.689699876334344, 61.82305018620837 ], [ 4.856701707337399, 61.881930020863322 ], [ 4.907278880812103, 61.918495433469538 ], [ 4.974966035211231, 61.925444497926399 ], [ 5.019626407721065, 61.930009646565843 ] ] } },
{ "type": "Feature", "properties": { "gml_id": "id3fd7e716-10ef-459f-964b-df73a8f2d5e2", "lokalid": "c1366d9c-67a5-48ed-96c7-c63a7d07665f", "navnerom": "https://data.geonorge.no/sosi/samferdsel/hovedled_og_biled", "versjonId": 20210101, "datauttaksdato": "2026-01-01T23:00:58", "farlednavn": "Brandasund - Selbjørnsfjorden", "farlednummer": 2167, "farledtype": "Biled" }, "geometry": { "type": "LineString", "coordinates": [ [ 5.077444142529737, 59.92927336669166 ], [ 5.091751565888027, 59.89888244394151 ], [ 5.092696925750241, 59.893796996559736 ], [ 5.093491834332472, 59.889221058416396 ] ] } },
{ "type": "Feature", "properties": { "gml_id": "id9f0b345c-8a69-4803-9594-6752b0abdac5", "lokalid": "2652b21f-8a3c-485a-85b0-8e1b9a09a1d8", "navnerom": "https://data.geonorge.no/sosi/samferdsel/hovedled_og_biled", "versjonId": 20210101, "datauttaksdato": "2026-01-01T23:00:58", "farlednavn": "Ryvarden - Goddeskjær", "farlednummer": 2166, "farledtype": "Biled" }, "geometry": { "type": "LineString", "coordinates": [ [ 5.015378309924688, 59.855656498081913 ], [ 5.073176383663701, 59.834492791904374 ], [ 5.087214267477459, 59.819083455709986 ], [ 5.095448207922148, 59.812152496318518 ], [ 5.099205401758862, 59.81018418552852 ], [ 5.10634926393974, 59.805553726921225 ], [ 5.122423185255749, 59.802424527580961 ], [ 5.127050151031372, 59.800634694358465 ] ] } },
{ "type": "Feature", "properties": { "gml_id": "id98bb945b-1e9b-45b9-9a81-c6ad0da441d2", "lokalid": "64a1ee50-1476-4cb2-b508-314b91770d30", "navnerom": "https://data.geonorge.no/sosi/samferdsel/hovedled_og_biled", "versjonId": 20210101, "datauttaksdato": "2026-01-01T23:00:58", "farlednavn": "Ølsvågen", "farlednummer": 2178, "farledtype": "Biled" }, "geometry": { "type": "LineString", "coordinates": [ [ 5.794342923201856, 59.618750537050666 ], [ 5.776575541237996, 59.60601486413421 ], [ 5.763289103019655, 59.603496046351623 ] ] } },
{ "type": "Feature", "properties": { "gml_id": "id7de669df-44c8-4276-af8f-ba9b82760148", "lokalid": "742884f4-0823-4397-a9b7-1b55c2132d4d", "navnerom": "https://data.geonorge.no/sosi/samferdsel/hovedled_og_biled", "versjonId": 20210101, "datauttaksdato": "2026-01-01T23:00:58", "farlednavn": "Ryvarden - Goddeskjær", "farlednummer": 2166, "farledtype": "Biled" }, "geometry": { "type": "LineString", "coordinates": [ [ 5.081895042267909, 59.760253691632293 ], [ 5.095930214731657, 59.774999532440674 ], [ 5.100130504302891, 59.784301764830865 ], [ 5.107933672033038, 59.793531593807828 ], [ 5.111053944768375, 59.799512432772438 ], [ 5.114140127451651, 59.802828545221921 ], [ 5.121670702618103, 59.80214028345182 ], [ 5.127050151031372, 59.800634694358465 ] ] } },
{ "type": "Feature", "properties": { "gml_id": "id916c603e-49a1-4d28-864a-9a298a4b1542", "lokalid": "fb9b70a7-442d-48ca-be41-a52b493f252b", "navnerom": "https://data.geonorge.no/sosi/samferdsel/hovedled_og_biled", "versjonId": 20210101, "datauttaksdato": "2026-01-01T23:00:58", "farlednavn": "Skånevikfjorden", "farlednummer": 2180, "farledtype": "Biled" }, "geometry": { "type": "LineString", "coordinates": [ [ 5.74579202310879, 59.69627542864653 ], [ 5.824185016485454, 59.729061684878232 ], [ 5.885810309161446, 59.754646511232075 ] ] } },
{ "type": "Feature", "properties": { "gml_id": "id4b59da95-e487-4fba-922e-ed8158340ee3", "lokalid": "cf11db04-2ae7-461b-810f-eeb07a59197b", "navnerom": "https://data.geonorge.no/sosi/samferdsel/hovedled_og_biled", "versjonId": 20210101, "datauttaksdato": "2026-01-01T23:00:58", "farlednavn": "Krabbestraumen", "farlednummer": 2268, "farledtype": "Biled" }, "geometry": { "type": "LineString", "coordinates": [ [ 5.003667715271983, 60.638688885642928 ], [ 5.002079449850234, 60.637686537251248 ], [ 4.997953334795849, 60.637459830184433 ], [ 4.9973439468791, 60.636651429085653 ], [ 5.004293085139786, 60.631895640322853 ], [ 5.001201707907287, 60.624484046423433 ] ] } },
{ "type": "Feature", "properties": { "gml_id": "id9d0d13a6-cefb-47d7-aa71-faebddb1bd3b", "lokalid": "ccf7fe40-e79b-4c46-b2bf-8bb705c50516", "navnerom": "https://data.geonorge.no/sosi/samferdsel/hovedled_og_biled", "versjonId": 20210101, "datauttaksdato": "2026-01-01T23:00:58", "farlednavn": "Sildagapet - Selje", "farlednummer": 2361, "farledtype": "Biled" }, "geometry": { "type": "LineString", "coordinates": [ [ 5.121243402173794, 62.069015119345259 ], [ 5.273542676782847, 62.03916176956028 ], [ 5.3311383604342, 62.034080012888879 ] ] } },
{ "type": "Feature", "properties": { "gml_id": "idf1f35d55-3e1e-4a96-98ac-8fd5150ea6e0", "lokalid": "e04e0805-0a87-4e79-9ca7-e4a56b609bce", "navnerom": "https://data.geonorge.no/sosi/samferdsel/hovedled_og_biled", "versjonId": 20210101, "datauttaksdato": "2026-01-01T23:00:58", "farlednavn": "Ausesundet", "farlednummer": 2329, "farledtype": "Biled" }, "geometry": { "type": "LineString", "coordinates": [ [ 5.000768086754158, 61.581352807762663 ], [ 5.0027867553711, 61.579939455865443 ], [ 4.999461853078667, 61.570838221562902 ] ] } },
{ "type": "Feature", "properties": { "gml_id": "id24f11edb-aaad-4c4d-b6b2-e0e64e502cb1", "lokalid": "8b5baf4e-5de9-4dfe-b59f-b1518a7b5657", "navnerom": "https://data.geonorge.no/sosi/samferdsel/hovedled_og_biled", "versjonId": 20210101, "datauttaksdato": "2026-01-01T23:00:58", "farlednavn": "Tingsund", "farlednummer": 2116, "farledtype": "Biled" }, "geometry": { "type": "LineString", "coordinates": [ [ 5.775671151385872, 58.97436365805217 ], [ 5.786857065182537, 58.97423011608582 ], [ 5.795662898388112, 58.97196619694536 ], [ 5.816702810475603, 58.965969074107292 ], [ 5.839635918445194, 58.96777368191686 ], [ 5.865453896605222, 58.969980707864536 ], [ 5.883450397902257, 58.984251339752028 ] ] } },
{ "type": "Feature", "properties": { "gml_id": "id613587ed-dc4b-43f8-b509-9cc79e29aa6f", "lokalid": "a966ded9-4744-459f-821f-c423aecb0f5f", "navnerom": "https://data.geonorge.no/sosi/samferdsel/hovedled_og_biled", "versjonId": 20210101, "datauttaksdato": "2026-01-01T23:00:58", "farlednavn": "Ålfjorden", "farlednummer": 2171, "farledtype": "Biled" }, "geometry": { "type": "LineString", "coordinates": [ [ 5.539133116163457, 59.764768904350568 ], [ 5.560956604109249, 59.732409563537175 ], [ 5.541220933551003, 59.647853611910058 ], [ 5.539831820970519, 59.590344336393876 ], [ 5.559924868653066, 59.578879319321572 ] ] } },
{ "type": "Feature", "properties": { "gml_id": "id9f8e6a40-87c3-4dfb-8cb0-235ae8ca501e", "lokalid": "d460790e-d758-4166-b5b2-da27a656c1ed", "navnerom": "https://data.geonorge.no/sosi/samferdsel/hovedled_og_biled", "versjonId": 20210101, "datauttaksdato": "2026-01-01T23:00:58", "farlednavn": "Moldefjorden", "farlednummer": 2361, "farledtype": "Biled" }, "geometry": { "type": "LineString", "coordinates": [ [ 5.3311383604342, 62.034080012888879 ], [ 5.338709568268008, 62.034184489165504 ], [ 5.342503360526695, 62.034236683402469 ], [ 5.363920758534891, 62.033337495750651 ], [ 5.390160047833521, 62.031166537375221 ], [ 5.41379582291621, 62.01880600939149 ] ] } },
{ "type": "Feature", "properties": { "gml_id": "id0ea7be3a-8228-4848-9730-c2ba38977bcb", "lokalid": "70fc67af-af98-4cab-a997-e59cbb265d63", "navnerom": "https://data.geonorge.no/sosi/samferdsel/hovedled_og_biled", "versjonId": 20210101, "datauttaksdato": "2026-01-01T23:00:58", "farlednavn": "Værlandet - Askvoll", "farlednummer": 2315, "farledtype": "Biled" }, "geometry": { "type": "LineString", "coordinates": [ [ 4.883037985959928, 61.31337534819933 ], [ 4.951955138260701, 61.309953552945203 ], [ 4.971019489777779, 61.31091123510717 ], [ 4.985039996702613, 61.311490554930131 ], [ 5.025112179438149, 61.317418553795086 ], [ 5.047143674490337, 61.323241934352687 ], [ 5.048861252881398, 61.326547583589608 ], [ 5.049498608351552, 61.334606426884328 ], [ 5.067337774044355, 61.34524963263528 ] ] } },
{ "type": "Feature", "properties": { "gml_id": "ide5844400-2b10-4282-b864-e5cea50bffb6", "lokalid": "4cb9ac3a-b1d6-4ae5-a597-3317a523dde3", "navnerom": "https://data.geonorge.no/sosi/samferdsel/hovedled_og_biled", "versjonId": 20210101, "datauttaksdato": "2026-01-01T23:00:58", "farlednavn": "Vest av Grimeskjær", "farlednummer": 1509, "farledtype": "Hovedled" }, "geometry": { "type": "LineString", "coordinates": [ [ 4.775376501961859, 60.869690185244956 ], [ 4.75512484950027, 60.856810384073924 ], [ 4.739010754826308, 60.846552732248135 ], [ 4.724839544753423, 60.814696608648219 ] ] } },
{ "type": "Feature", "properties": { "gml_id": "id88033d19-12ff-4d09-bcdf-d5fa22cdad32", "lokalid": "79c614dd-d94c-4602-a31f-ad1ccd8e648d", "navnerom": "https://data.geonorge.no/sosi/samferdsel/hovedled_og_biled", "versjonId": 20210101, "datauttaksdato": "2026-01-01T23:00:58", "farlednavn": "Langevåg", "farlednummer": 2169, "farledtype": "Biled" }, "geometry": { "type": "LineString", "coordinates": [ [ 5.285818440066564, 59.609733330684122 ], [ 5.285801829026014, 59.60973762165753 ], [ 5.256640690591389, 59.617264937492564 ], [ 5.251179041239953, 59.616272060530811 ], [ 5.247646597059041, 59.614687635922081 ] ] } },
{ "type": "Feature", "properties": { "gml_id": "id57057508-155e-4e20-8b2d-2d89789a7b2a", "lokalid": "c1ada1e5-ad0a-4275-9a6f-609e763e9fb2", "navnerom": "https://data.geonorge.no/sosi/samferdsel/hovedled_og_biled", "versjonId": 20210101, "datauttaksdato": "2026-01-01T23:00:58", "farlednavn": "Buavåg", "farlednummer": 2172, "farledtype": "Biled" }, "geometry": { "type": "LineString", "coordinates": [ [ 5.316711013765559, 59.599329235891943 ], [ 5.314405655846376, 59.602154277346592 ], [ 5.285818440066564, 59.609733330684122 ] ] } },
{ "type": "Feature", "properties": { "gml_id": "id52907f69-02fa-4fa1-affc-7b75597f80b1", "lokalid": "79c5a6e5-7b40-42c1-883b-b82dcc299a8c", "navnerom": "https://data.geonorge.no/sosi/samferdsel/hovedled_og_biled", "versjonId": 20210101, "datauttaksdato": "2026-01-01T23:00:58", "farlednavn": "Ølsfjorden", "farlednummer": 2178, "farledtype": "Biled" }, "geometry": { "type": "LineString", "coordinates": [ [ 5.784816684182511, 59.645541685062149 ], [ 5.794342923201856, 59.618750537050666 ], [ 5.804837622883634, 59.606828634537955 ] ] } },
{ "type": "Feature", "properties": { "gml_id": "iddd0a4799-1a96-4d90-9a38-f52f21f0c791", "lokalid": "bb97a24d-b571-409a-94e2-46a78b1312d1", "navnerom": "https://data.geonorge.no/sosi/samferdsel/hovedled_og_biled", "versjonId": 20210101, "datauttaksdato": "2026-01-01T23:00:58", "farlednavn": "Bjoafjorden", "farlednummer": 2178, "farledtype": "Biled" }, "geometry": { "type": "LineString", "coordinates": [ [ 5.539133116163457, 59.764768904350568 ], [ 5.604230020308773, 59.734341687644488 ], [ 5.66005890551904, 59.690209940383319 ] ] } },
{ "type": "Feature", "properties": { "gml_id": "idd2408d32-42c3-43ce-80ad-fd1374c19f7e", "lokalid": "b08de45b-f23e-4f88-8a20-95cab47371bf", "navnerom": "https://data.geonorge.no/sosi/samferdsel/hovedled_og_biled", "versjonId": 20210101, "datauttaksdato": "2026-01-01T23:00:58", "farlednavn": "Ølve", "farlednummer": 2193, "farledtype": "Biled" }, "geometry": { "type": "LineString", "coordinates": [ [ 5.808561705179509, 59.952750412044367 ], [ 5.807635770915797, 60.002721659448731 ], [ 5.814269316426425, 60.007999793885894 ], [ 5.819190552159789, 60.011730862494986 ] ] } },
{ "type": "Feature", "properties": { "gml_id": "id5d3b19d2-233d-4787-ab2c-d843ccd21fd4", "lokalid": "c863ac34-7267-400b-98c8-0b1b838361ca", "navnerom": "https://data.geonorge.no/sosi/samferdsel/hovedled_og_biled", "versjonId": 20210101, "datauttaksdato": "2026-01-01T23:00:58", "farlednavn": "Urterfjorden", "farlednummer": 2148, "farledtype": "Biled" }, "geometry": { "type": "LineString", "coordinates": [ [ 4.887085035435423, 59.321046705272224 ], [ 4.960282040673576, 59.361019313723126 ], [ 5.021814641585156, 59.394520819976108 ], [ 5.15636502806129, 59.409218357421253 ], [ 5.181870279215137, 59.410558951125644 ] ] } },
{ "type": "Feature", "properties": { "gml_id": "id1e932ba0-daff-4847-bdee-89fb9b976a0f", "lokalid": "b7fbee06-0ede-4715-a69b-dc83304ff450", "navnerom": "https://data.geonorge.no/sosi/samferdsel/hovedled_og_biled", "versjonId": 20210101, "datauttaksdato": "2026-01-01T23:00:58", "farlednavn": "Mølstrevåg", "farlednummer": 2173, "farledtype": "Biled" }, "geometry": { "type": "LineString", "coordinates": [ [ 5.210110864251737, 59.522321678723884 ], [ 5.23599410898544, 59.521126233579466 ], [ 5.249367130323727, 59.522183711707953 ], [ 5.25583388004709, 59.52154982919496 ] ] } },
{ "type": "Feature", "properties": { "gml_id": "idb86ffae7-0c6b-4bc4-a005-9a81d080dec7", "lokalid": "937a1be7-8e50-43ce-b390-abd97c234c97", "navnerom": "https://data.geonorge.no/sosi/samferdsel/hovedled_og_biled", "versjonId": 20210101, "datauttaksdato": "2026-01-01T23:00:58", "farlednavn": "Ryvarden - Goddeskjær", "farlednummer": 2166, "farledtype": "Biled" }, "geometry": { "type": "LineString", "coordinates": [ [ 5.209640153427964, 59.535614756099854 ], [ 5.183769788152425, 59.566437100462316 ], [ 5.169625562385062, 59.58326096729828 ], [ 5.164349242460728, 59.601157389616247 ], [ 5.137726818691705, 59.625799844370967 ], [ 5.139641829178708, 59.6494268440822 ], [ 5.141221670073584, 59.668908786448569 ], [ 5.141528083636329, 59.694613127321801 ], [ 5.127121894114234, 59.716379016239465 ], [ 5.102175721605431, 59.726580565145191 ], [ 5.081895042267909, 59.760253691632293 ] ] } },
{ "type": "Feature", "properties": { "gml_id": "id7a0788f7-471c-4441-b457-5a1e0088b221", "lokalid": "2a901ff2-25b3-49fa-a243-a8932d38c3c5", "navnerom": "https://data.geonorge.no/sosi/samferdsel/hovedled_og_biled", "versjonId": 20210101, "datauttaksdato": "2026-01-01T23:00:58", "farlednavn": "Ryvarden - Goddeskjær", "farlednummer": 2166, "farledtype": "Biled" }, "geometry": { "type": "LineString", "coordinates": [ [ 5.081895042267909, 59.760253691632293 ], [ 5.076324776757899, 59.693591216070118 ], [ 5.122106875575784, 59.661346238810609 ], [ 5.139641829178708, 59.6494268440822 ] ] } },
{ "type": "Feature", "properties": { "gml_id": "id2182db5b-bd3d-467b-8d8a-69e1ad8157be", "lokalid": "02ca937c-32f1-408b-94be-fbcd2808448e", "navnerom": "https://data.geonorge.no/sosi/samferdsel/hovedled_og_biled", "versjonId": 20210101, "datauttaksdato": "2026-01-01T23:00:58", "farlednavn": "Hundvåkosen - Grøningen", "farlednummer": 2238, "farledtype": "Biled" }, "geometry": { "type": "LineString", "coordinates": [ [ 5.227143903070405, 60.13498118266665 ], [ 5.201869544231366, 60.131473771503721 ], [ 5.184603362847295, 60.123498353593376 ] ] } },
{ "type": "Feature", "properties": { "gml_id": "id3236231a-302c-4666-81a5-bcd83bf64de1", "lokalid": "ee420f97-a5bd-47d1-a5ae-4fbf89f2b416", "navnerom": "https://data.geonorge.no/sosi/samferdsel/hovedled_og_biled", "versjonId": 20210101, "datauttaksdato": "2026-01-01T23:00:58", "farlednavn": "Svartskjerosen - Eidsosen", "farlednummer": 2246, "farledtype": "Biled" }, "geometry": { "type": "LineString", "coordinates": [ [ 4.929405726542359, 60.396241559230511 ], [ 4.908989154500967, 60.394907554926057 ], [ 4.897107567348987, 60.394129726958418 ], [ 4.83309178331407, 60.416405550494325 ] ] } },
{ "type": "Feature", "properties": { "gml_id": "id1f8fdd34-53dd-45be-95a6-70c6d86e4c30", "lokalid": "a9f90caf-b6c1-42ba-894e-f4a253741294", "navnerom": "https://data.geonorge.no/sosi/samferdsel/hovedled_og_biled", "versjonId": 20210101, "datauttaksdato": "2026-01-01T23:00:58", "farlednavn": "Indre Steinsund", "farlednummer": 2299, "farledtype": "Biled" }, "geometry": { "type": "LineString", "coordinates": [ [ 4.838835619414342, 61.013240961192629 ], [ 4.821713189336373, 61.046958358182032 ], [ 4.818754867551245, 61.0562527848599 ], [ 4.819174987018843, 61.061331893319213 ], [ 4.822845577506158, 61.065179459156766 ], [ 4.824559270043965, 61.065642664546765 ], [ 4.8276029921635, 61.068964113214371 ], [ 4.82925090719162, 61.070539318878012 ], [ 4.830663504209217, 61.070524261541763 ], [ 4.83166386054016, 61.070859750469779 ], [ 4.832222652416569, 61.0724401299383 ], [ 4.83374632647824, 61.073167438814053 ] ] } },
{ "type": "Feature", "properties": { "gml_id": "id62d10f78-4ae7-4ef8-b5bb-ccdf61a59eca", "lokalid": "5bfdffb8-ff72-440e-b542-3e5fc34f17ec", "navnerom": "https://data.geonorge.no/sosi/samferdsel/hovedled_og_biled", "versjonId": 20210101, "datauttaksdato": "2026-01-01T23:00:58", "farlednavn": "Nikøy", "farlednummer": 2319, "farledtype": "Biled" }, "geometry": { "type": "LineString", "coordinates": [ [ 4.649186351607383, 61.280910926763895 ], [ 4.643120040958419, 61.281287371338188 ], [ 4.640521712472541, 61.283790028055662 ], [ 4.637093872663264, 61.285309449732651 ] ] } },
{ "type": "Feature", "properties": { "gml_id": "idac050779-f247-454d-95e3-6a2c3a9319ac", "lokalid": "0371efcd-f6df-4828-afd7-a5eaf8bbcc8c", "navnerom": "https://data.geonorge.no/sosi/samferdsel/hovedled_og_biled", "versjonId": 20210101, "datauttaksdato": "2026-01-01T23:00:58", "farlednavn": "Indre Steinsund", "farlednummer": 2299, "farledtype": "Biled" }, "geometry": { "type": "LineString", "coordinates": [ [ 4.82925090719162, 61.070539318878012 ], [ 4.828874148350212, 61.072741304006058 ], [ 4.817065626375611, 61.099799486934138 ], [ 4.804166267759094, 61.112200497152465 ], [ 4.802248778121911, 61.122676301290966 ], [ 4.79474731947179, 61.132216759666413 ], [ 4.790340787711989, 61.152997738202181 ], [ 4.845780510052111, 61.182930001639086 ], [ 4.857818928012294, 61.196191735820037 ], [ 4.851165859338001, 61.210097171886133 ], [ 4.85526378749224, 61.224472980780952 ], [ 4.866877571548214, 61.237865267871555 ], [ 4.881389589823002, 61.254583162376399 ] ] } },
{ "type": "Feature", "properties": { "gml_id": "id5e54df5f-fead-4ece-ad01-4bc256d29edd", "lokalid": "51737dca-06dc-476f-a9da-9979e3b1fecc", "navnerom": "https://data.geonorge.no/sosi/samferdsel/hovedled_og_biled", "versjonId": 20210101, "datauttaksdato": "2026-01-01T23:00:58", "farlednavn": "Værlandet - Askvoll", "farlednummer": 2315, "farledtype": "Biled" }, "geometry": { "type": "LineString", "coordinates": [ [ 4.740997759820526, 61.304051454079541 ], [ 4.79933063886555, 61.308533050061044 ] ] } },
{ "type": "Feature", "properties": { "gml_id": "id8187c2c1-dc50-460e-bec5-9dc82a4db265", "lokalid": "b8487b9b-27a1-4055-bd3a-6660b2271a60", "navnerom": "https://data.geonorge.no/sosi/samferdsel/hovedled_og_biled", "versjonId": 20210101, "datauttaksdato": "2026-01-01T23:00:58", "farlednavn": "Værlandet - Askvoll", "farlednummer": 2315, "farledtype": "Biled" }, "geometry": { "type": "LineString", "coordinates": [ [ 4.79933063886555, 61.308533050061044 ], [ 4.846559305253916, 61.311271667537682 ], [ 4.847736105935325, 61.311339689755229 ], [ 4.883037985959928, 61.31337534819933 ] ] } },
{ "type": "Feature", "properties": { "gml_id": "id72506638-7c23-432e-aec6-f99777acf52f", "lokalid": "2fc47342-7ca7-4de9-ad7e-59814454bd16", "navnerom": "https://data.geonorge.no/sosi/samferdsel/hovedled_og_biled", "versjonId": 20210101, "datauttaksdato": "2026-01-01T23:00:58", "farlednavn": "Nord om Dragefallet", "farlednummer": 2347, "farledtype": "Biled" }, "geometry": { "type": "LineString", "coordinates": [ [ 5.338709568268008, 62.034184489165504 ], [ 5.331275600611833, 62.036029780805265 ], [ 5.10334945885275, 62.092297415054858 ] ] } },
{ "type": "Feature", "properties": { "gml_id": "id1cd1c3af-3a82-4237-b6f0-7d59cbacb095", "lokalid": "597f257d-3afe-4ae8-881a-63514cf1b5ad", "navnerom": "https://data.geonorge.no/sosi/samferdsel/hovedled_og_biled", "versjonId": 20210101, "datauttaksdato": "2026-01-01T23:00:58", "farlednavn": "Eikelandsfjorden", "farlednummer": 2213, "farledtype": "Biled" }, "geometry": { "type": "LineString", "coordinates": [ [ 5.584909933848636, 60.208129407517752 ], [ 5.65882983373093, 60.232821601413747 ], [ 5.731835358543532, 60.238997122960392 ] ] } },
{ "type": "Feature", "properties": { "gml_id": "id824bb05d-461e-428f-8e90-199ccaef2246", "lokalid": "d8b3bc71-19e1-4a29-ab54-8b80bba5dfe6", "navnerom": "https://data.geonorge.no/sosi/samferdsel/hovedled_og_biled", "versjonId": 20210101, "datauttaksdato": "2026-01-01T23:00:58", "farlednavn": "Krakhella - Losna - Rutletangen", "farlednummer": 2282, "farledtype": "Biled" }, "geometry": { "type": "LineString", "coordinates": [ [ 5.029215034625054, 61.119913351623858 ], [ 5.058690033165806, 61.11261835101287 ], [ 5.080891699956432, 61.112838350917379 ], [ 5.138379477790667, 61.104347617342015 ] ] } },
{ "type": "Feature", "properties": { "gml_id": "idb2746287-2500-48e6-a6c2-dc8c0aea6d44", "lokalid": "f23a445a-524b-4fc7-99a0-df938583d907", "navnerom": "https://data.geonorge.no/sosi/samferdsel/hovedled_og_biled", "versjonId": 20210101, "datauttaksdato": "2026-01-01T23:00:58", "farlednavn": "Oppedal - Lavik", "farlednummer": 2290, "farledtype": "Biled" }, "geometry": { "type": "LineString", "coordinates": [ [ 5.504631499584317, 61.055712388827857 ], [ 5.505450674110232, 61.080928657840914 ], [ 5.506203950418943, 61.104130106900897 ] ] } },
{ "type": "Feature", "properties": { "gml_id": "id7ab533f2-dd2e-4530-990c-b790a9d80308", "lokalid": "e107052f-0bb4-4eb3-b846-dbad70c392bf", "navnerom": "https://data.geonorge.no/sosi/samferdsel/hovedled_og_biled", "versjonId": 20210101, "datauttaksdato": "2026-01-01T23:00:58", "farlednavn": "Brattholmen - Hauglandsosen", "farlednummer": 2250, "farledtype": "Biled" }, "geometry": { "type": "LineString", "coordinates": [ [ 5.097775082320252, 60.408522819272228 ], [ 5.107640091669492, 60.429513574711208 ], [ 5.105434997365166, 60.437049558867315 ] ] } },
{ "type": "Feature", "properties": { "gml_id": "id26f853ab-3d6a-412e-85e0-0d1d505fff20", "lokalid": "34a38af8-e2b0-4887-bb6a-bbf14b858c5c", "navnerom": "https://data.geonorge.no/sosi/samferdsel/hovedled_og_biled", "versjonId": 20210101, "datauttaksdato": "2026-01-01T23:00:58", "farlednavn": "Folafotsund", "farlednummer": 2281, "farledtype": "Biled" }, "geometry": { "type": "LineString", "coordinates": [ [ 5.038879625196839, 60.971464372275079 ], [ 5.035786877113785, 60.978182504808615 ], [ 5.025388368080073, 61.000746692283073 ], [ 5.013943367574144, 61.033846692462639 ], [ 5.012733366952399, 61.070018351787766 ] ] } },
{ "type": "Feature", "properties": { "gml_id": "id7d1e47f7-0f6d-4250-8d8c-225d6e838dbe", "lokalid": "ee97ed60-ae54-4e9a-87e3-7017c9b3aa46", "navnerom": "https://data.geonorge.no/sosi/samferdsel/hovedled_og_biled", "versjonId": 20210101, "datauttaksdato": "2026-01-01T23:00:58", "farlednavn": "Veafjorden - Romarheimsfjorden", "farlednummer": 2261, "farledtype": "Biled" }, "geometry": { "type": "LineString", "coordinates": [ [ 5.581341688270398, 60.638180015150532 ], [ 5.593358354620117, 60.644465015046777 ], [ 5.604573353831683, 60.65899168445921 ], [ 5.608606688829388, 60.667905014621752 ], [ 5.609493355065134, 60.674128344632784 ], [ 5.606290020784441, 60.692896684715251 ], [ 5.649805020562293, 60.711256684122965 ], [ 5.656643352713401, 60.711153343893599 ], [ 5.676326687323326, 60.698723343410663 ], [ 5.685481686553552, 60.697991683753187 ], [ 5.694180019308048, 60.70124334349854 ], [ 5.709515019551499, 60.699058343175963 ], [ 5.732175019350927, 60.685275013383055 ], [ 5.735836685965704, 60.673178343011962 ], [ 5.714093351928303, 60.536676683920483 ], [ 5.721416686104189, 60.469290014209008 ] ] } },
{ "type": "Feature", "properties": { "gml_id": "idd4b11494-1aef-475b-8115-31a165224c49", "lokalid": "327f5114-dcd5-452b-a9a6-2be5f80e9c71", "navnerom": "https://data.geonorge.no/sosi/samferdsel/hovedled_og_biled", "versjonId": 20210101, "datauttaksdato": "2026-01-01T23:00:58", "farlednavn": "Alversund - Fonnesstraumen", "farlednummer": 2262, "farledtype": "Biled" }, "geometry": { "type": "LineString", "coordinates": [ [ 5.229279907347617, 60.571514993052581 ], [ 5.229573895946457, 60.572833200096639 ], [ 5.229927509738632, 60.573862653067238 ], [ 5.229224868373354, 60.576945258218771 ], [ 5.227260028304054, 60.578313350351529 ], [ 5.227261695285678, 60.580698350367385 ], [ 5.22365669651624, 60.58317002078919 ], [ 5.224115029674079, 60.584686691009892 ], [ 5.225658362703918, 60.587521690363481 ], [ 5.212955029145808, 60.596291690999209 ], [ 5.187378362712776, 60.622518351334442 ], [ 5.155736697975801, 60.637450021273473 ], [ 5.135021698872428, 60.646035022107668 ], [ 5.125929653899308, 60.649424239503112 ], [ 5.122531703673889, 60.651116027917261 ], [ 5.113484144806807, 60.658267586947801 ], [ 5.112737937357511, 60.659220238648366 ], [ 5.112979340651733, 60.661777436713578 ], [ 5.112619653867601, 60.666599961179472 ], [ 5.113155523854026, 60.671818956276084 ], [ 5.112073518022535, 60.6748719293806 ], [ 5.113573443725849, 60.680139713065529 ], [ 5.112591698126469, 60.682365022226229 ], [ 5.105610031878661, 60.688668352180265 ], [ 5.085698365377172, 60.696681692810948 ], [ 5.065613365295283, 60.703791693134932 ], [ 5.049935033629005, 60.712663353195467 ], [ 5.038433366776432, 60.727163353369022 ], [ 5.03454336722435, 60.737683353516275 ], [ 5.023785034887904, 60.745230023642875 ], [ 5.021840033346557, 60.750045023785511 ], [ 5.039463367386408, 60.755243353455811 ], [ 5.040493366424065, 60.758706693470543 ], [ 5.026990033139987, 60.765583353313893 ], [ 5.022183367155432, 60.768376693820706 ], [ 5.017033366507324, 60.771895023280351 ], [ 5.013828366601791, 60.772898353478652 ], [ 5.011940034187856, 60.774580023195902 ], [ 5.008850034818795, 60.775140023754624 ], [ 5.005016701366486, 60.777851693667159 ], [ 5.002441702090226, 60.778965023749954 ], [ 4.996033367456252, 60.782153354061563 ], [ 4.993286702652473, 60.785528354236568 ], [ 4.983388368846331, 60.788068353770953 ], [ 4.973260034723951, 60.792658354326818 ], [ 4.970685034913953, 60.793800024655376 ], [ 4.9659350358032, 60.794100024819805 ], [ 4.956895036262521, 60.798403354882517 ], [ 4.942703369889668, 60.804768355018894 ], [ 4.940243370103086, 60.810096694820842 ], [ 4.94608003606235, 60.839165024202153 ] ] } },
{ "type": "Feature", "properties": { "gml_id": "id00fc8c58-6fd4-4de7-ac12-042372fa3884", "lokalid": "2f614952-35be-4973-af96-56a927560f91", "navnerom": "https://data.geonorge.no/sosi/samferdsel/hovedled_og_biled", "versjonId": 20210101, "datauttaksdato": "2026-01-01T23:00:58", "farlednavn": "Revingen - Nedstrandsfjorden", "farlednummer": 2122, "farledtype": "Biled" }, "geometry": { "type": "LineString", "coordinates": [ [ 5.824125818725833, 59.00714470536974 ], [ 5.825322248101351, 59.018057158228821 ], [ 5.838938424821304, 59.03132888853473 ], [ 5.845391681781122, 59.037615016350799 ], [ 5.848128609782229, 59.076323785959808 ], [ 5.866553517678947, 59.108138902332932 ], [ 5.862499875830767, 59.118896194785819 ], [ 5.89216334739536, 59.163495015216654 ], [ 5.898513781773897, 59.17399666268831 ], [ 5.896170565107438, 59.184065638072617 ], [ 5.89421009470738, 59.192484388957929 ], [ 5.894690715127245, 59.205245084116726 ], [ 5.89489438783547, 59.210653373576292 ], [ 5.90695403026283, 59.228253518853812 ], [ 5.910245015593474, 59.233053345054408 ], [ 5.911404412452887, 59.25562008787486 ], [ 5.912988092123502, 59.286440483850328 ], [ 5.915401145589273, 59.333390962280973 ] ] } },
{ "type": "Feature", "properties": { "gml_id": "idb2b8d804-c204-4ab3-9588-f41fa359a0cb", "lokalid": "21342752-e73e-4f7d-8080-816b3865f093", "navnerom": "https://data.geonorge.no/sosi/samferdsel/hovedled_og_biled", "versjonId": 20210101, "datauttaksdato": "2026-01-01T23:00:58", "farlednavn": "Nedstrand - Nedstrandsfjorden", "farlednummer": 2118, "farledtype": "Biled" }, "geometry": { "type": "LineString", "coordinates": [ [ 5.858301886921219, 59.34414604335845 ], [ 5.85941907699342, 59.341800465830886 ], [ 5.878619368338949, 59.335170788442113 ], [ 5.888401121939475, 59.326253101875103 ] ] } },
{ "type": "Feature", "properties": { "gml_id": "idccf10a1b-d300-4463-9a12-215290f94d56", "lokalid": "6ee82aa8-81ad-4313-90bd-7aa8eefdc536", "navnerom": "https://data.geonorge.no/sosi/samferdsel/hovedled_og_biled", "versjonId": 20210101, "datauttaksdato": "2026-01-01T23:00:58", "farlednavn": "Nord Hidle og Helgøy", "farlednummer": 2118, "farledtype": "Biled" }, "geometry": { "type": "LineString", "coordinates": [ [ 5.911404412452887, 59.25562008787486 ], [ 5.89115847665325, 59.248160563803765 ], [ 5.86294791388081, 59.239270621905085 ], [ 5.870518413467405, 59.222718376628187 ], [ 5.894690715127245, 59.205245084116726 ] ] } },
{ "type": "Feature", "properties": { "gml_id": "id414e4b91-120c-4e29-9ab0-205dcf733c75", "lokalid": "2e139fe2-4acf-4209-a916-7a486b64d570", "navnerom": "https://data.geonorge.no/sosi/samferdsel/hovedled_og_biled", "versjonId": 20210101, "datauttaksdato": "2026-01-01T23:00:58", "farlednavn": "Eidsund", "farlednummer": 2139, "farledtype": "Biled" }, "geometry": { "type": "LineString", "coordinates": [ [ 5.937766680898919, 59.234398344177357 ], [ 5.935593348355923, 59.232473344264385 ], [ 5.928383348001118, 59.229426684833577 ], [ 5.90695403026283, 59.228253518853812 ] ] } },
{ "type": "Feature", "properties": { "gml_id": "idd1761ffe-dcee-4f9b-b169-9d49dd13d0a3", "lokalid": "fccc2a7e-9e55-4057-94e0-7e38c24cda43", "navnerom": "https://data.geonorge.no/sosi/samferdsel/hovedled_og_biled", "versjonId": 20210101, "datauttaksdato": "2026-01-01T23:00:58", "farlednavn": "Klokkarvik - Hjellestad", "farlednummer": 2240, "farledtype": "Biled" }, "geometry": { "type": "LineString", "coordinates": [ [ 5.15733212382956, 60.224061252399913 ], [ 5.164918291211997, 60.226440437146238 ], [ 5.173940207989905, 60.229268907787734 ], [ 5.175450464267452, 60.229222367968568 ], [ 5.177162865024314, 60.22769492533228 ], [ 5.183086695776422, 60.226886693293352 ], [ 5.185319556391017, 60.225441901505711 ], [ 5.189746976365277, 60.22552447124194 ], [ 5.199508362706277, 60.227508352460049 ], [ 5.208409736687011, 60.230295916256587 ], [ 5.214843361357696, 60.232310022126491 ], [ 5.222911695422321, 60.235998352534601 ], [ 5.229103541337301, 60.250669199020464 ], [ 5.231769019200462, 60.253365749294055 ], [ 5.239283088688889, 60.255099776305947 ] ] } },
{ "type": "Feature", "properties": { "gml_id": "id0ded5ed3-5d37-4aa8-8469-2fad954b4549", "lokalid": "65d6d125-9b91-4b46-9af2-66eb6b47e587", "navnerom": "https://data.geonorge.no/sosi/samferdsel/hovedled_og_biled", "versjonId": 20210101, "datauttaksdato": "2026-01-01T23:00:58", "farlednavn": "Vassøysundet", "farlednummer": 2116, "farledtype": "Biled" }, "geometry": { "type": "LineString", "coordinates": [ [ 5.775974268638357, 58.993720837694703 ], [ 5.777694743901492, 59.00044314216521 ], [ 5.78616305623621, 59.006399809437852 ], [ 5.798338117040736, 59.009200963775598 ] ] } },
{ "type": "Feature", "properties": { "gml_id": "id1b0c3a1a-fc01-4248-8ed6-93a3e178695c", "lokalid": "cc378874-96bc-4d9c-ab68-86857870dc66", "navnerom": "https://data.geonorge.no/sosi/samferdsel/hovedled_og_biled", "versjonId": 20210101, "datauttaksdato": "2026-01-01T23:00:58", "farlednavn": "Marshoved - Idsefjorden", "farlednummer": 2128, "farledtype": "Biled" }, "geometry": { "type": "LineString", "coordinates": [ [ 5.848128609782229, 59.076323785959808 ], [ 5.888563963980438, 59.048752611713248 ], [ 5.955793347661953, 59.002780015310144 ] ] } },
{ "type": "Feature", "properties": { "gml_id": "id4e38fb62-7c26-4802-a8c9-aa4007d169d5", "lokalid": "cf2fa96e-2209-4e91-93f7-281e6b9d1fd4", "navnerom": "https://data.geonorge.no/sosi/samferdsel/hovedled_og_biled", "versjonId": 20210101, "datauttaksdato": "2026-01-01T23:00:58", "farlednavn": "Klovningane - Horgefjorden", "farlednummer": 2117, "farledtype": "Biled" }, "geometry": { "type": "LineString", "coordinates": [ [ 5.783711781891566, 59.03000462525327 ], [ 5.802467761798947, 59.030457031472878 ], [ 5.838938424821304, 59.03132888853473 ], [ 5.865459965459525, 59.03195640457146 ] ] } },
{ "type": "Feature", "properties": { "gml_id": "id2429f37b-6da2-4711-8736-ed86595dae99", "lokalid": "b8400be0-8301-4642-821d-edb2be5893c0", "navnerom": "https://data.geonorge.no/sosi/samferdsel/hovedled_og_biled", "versjonId": 20210101, "datauttaksdato": "2026-01-01T23:00:58", "farlednavn": "Tådeflua", "farlednummer": 2126, "farledtype": "Biled" }, "geometry": { "type": "LineString", "coordinates": [ [ 5.866553517678947, 59.108138902332932 ], [ 5.878015276871861, 59.099926486077592 ], [ 5.901675628393866, 59.099406805032501 ] ] } },
{ "type": "Feature", "properties": { "gml_id": "ida7e875a4-d5b4-4e32-be82-3199d85f82b6", "lokalid": "ba9a5522-046c-47ca-83f9-c3c5b2522c0b", "navnerom": "https://data.geonorge.no/sosi/samferdsel/hovedled_og_biled", "versjonId": 20210101, "datauttaksdato": "2026-01-01T23:00:58", "farlednavn": "Kjørkjesund - Sørhaugøy", "farlednummer": 2147, "farledtype": "Biled" }, "geometry": { "type": "LineString", "coordinates": [ [ 5.195628485736263, 59.379813702524309 ], [ 5.187180979637909, 59.39253815144027 ], [ 5.181942306149519, 59.410459970870576 ], [ 5.181870279215137, 59.410558951125644 ], [ 5.166928429779651, 59.431077783306968 ], [ 5.193951182901253, 59.446114309409836 ] ] } },
{ "type": "Feature", "properties": { "gml_id": "id99044a80-ac56-44bd-9ee6-b19df1149b02", "lokalid": "23af9957-eb2e-4f71-a673-a686d231c09f", "navnerom": "https://data.geonorge.no/sosi/samferdsel/hovedled_og_biled", "versjonId": 20210101, "datauttaksdato": "2026-01-01T23:00:58", "farlednavn": "Leirvik", "farlednummer": 2183, "farledtype": "Biled" }, "geometry": { "type": "LineString", "coordinates": [ [ 5.517068742328227, 59.78184742054399 ], [ 5.527555021186209, 59.775698348748399 ], [ 5.539133116163457, 59.764768904350568 ] ] } },
{ "type": "Feature", "properties": { "gml_id": "ide159686b-8c50-4a62-b306-eadb1c8afc16", "lokalid": "7234012b-f798-48d7-b549-58388ede429e", "navnerom": "https://data.geonorge.no/sosi/samferdsel/hovedled_og_biled", "versjonId": 20210101, "datauttaksdato": "2026-01-01T23:00:58", "farlednavn": "Hardangerfjorden - Ranavik", "farlednummer": 2183, "farledtype": "Biled" }, "geometry": { "type": "LineString", "coordinates": [ [ 5.620234456594677, 59.821785782899326 ], [ 5.653896687006929, 59.81859168667026 ], [ 5.658163320458558, 59.81609213473957 ], [ 5.658181573412534, 59.814343612389408 ], [ 5.657294814062984, 59.813598585374521 ] ] } },
{ "type": "Feature", "properties": { "gml_id": "idb4e15554-b727-48b4-a2a3-079e2f6732e7", "lokalid": "b050dd6d-24bf-4b54-8919-e154ca5b8858", "navnerom": "https://data.geonorge.no/sosi/samferdsel/hovedled_og_biled", "versjonId": 20210101, "datauttaksdato": "2026-01-01T23:00:58", "farlednavn": "Bømlafjorden - Digernessundet", "farlednummer": 2175, "farledtype": "Biled" }, "geometry": { "type": "LineString", "coordinates": [ [ 5.495223355246768, 59.740365019950886 ], [ 5.495173391183957, 59.740369581330569 ], [ 5.400008357368187, 59.749020021637506 ], [ 5.350755742610248, 59.765593009265324 ] ] } },
{ "type": "Feature", "properties": { "gml_id": "idfd73fe31-fc90-4f6c-862e-2e72131f62f2", "lokalid": "5c74ef75-0ccf-433e-8056-9c840963b740", "navnerom": "https://data.geonorge.no/sosi/samferdsel/hovedled_og_biled", "versjonId": 20210101, "datauttaksdato": "2026-01-01T23:00:58", "farlednavn": "Sandvikvåg - Langenuen", "farlednummer": 2218, "farledtype": "Biled" }, "geometry": { "type": "LineString", "coordinates": [ [ 5.3341608657702, 59.969438604004509 ], [ 5.334549495751308, 59.970948125881961 ], [ 5.337125025830386, 59.981813351789349 ], [ 5.333860268947853, 59.997131143989407 ] ] } },
{ "type": "Feature", "properties": { "gml_id": "id3c9fc025-88bd-4817-ba45-980fb0c17cee", "lokalid": "6c99ed5e-4433-4029-a51f-85a805136bd7", "navnerom": "https://data.geonorge.no/sosi/samferdsel/hovedled_og_biled", "versjonId": 20210101, "datauttaksdato": "2026-01-01T23:00:58", "farlednavn": "Gjermundshavn - Varaldsøy", "farlednummer": 2192, "farledtype": "Biled" }, "geometry": { "type": "LineString", "coordinates": [ [ 5.919870043676521, 60.062918906155168 ], [ 5.920736425063549, 60.064992722987647 ], [ 5.935205812576998, 60.071402017852108 ], [ 5.953434337402635, 60.07947078080327 ], [ 5.968547232226692, 60.086956049179854 ], [ 5.971184146305142, 60.086885681828996 ] ] } },
{ "type": "Feature", "properties": { "gml_id": "ida4712ae5-8716-47f6-99c6-bd4341b88080", "lokalid": "2777a1e9-2b92-4c45-9de1-bf91a57a09e0", "navnerom": "https://data.geonorge.no/sosi/samferdsel/hovedled_og_biled", "versjonId": 20210101, "datauttaksdato": "2026-01-01T23:00:58", "farlednavn": "Husnesfjorden - Høylandsbygd", "farlednummer": 2184, "farledtype": "Biled" }, "geometry": { "type": "LineString", "coordinates": [ [ 5.795803349841987, 59.794420014790745 ], [ 5.770168351488517, 59.8245750148456 ], [ 5.746823351468478, 59.826645015859512 ], [ 5.695325018769578, 59.819855016451577 ], [ 5.673149260230161, 59.827013165196398 ], [ 5.620234456594677, 59.821785782899326 ] ] } },
{ "type": "Feature", "properties": { "gml_id": "id6a791912-8648-4890-8e28-7040b455877e", "lokalid": "482f33d9-f457-4d4d-a0a6-c259c7b74564", "navnerom": "https://data.geonorge.no/sosi/samferdsel/hovedled_og_biled", "versjonId": 20210101, "datauttaksdato": "2026-01-01T23:00:58", "farlednavn": "Ranavik - Svinøy", "farlednummer": 2183, "farledtype": "Biled" }, "geometry": { "type": "LineString", "coordinates": [ [ 5.673149260230161, 59.827013165196398 ], [ 5.667714297493553, 59.820538972724698 ], [ 5.659141002195484, 59.814215153561655 ], [ 5.657294814062984, 59.813598585374521 ] ] } },
{ "type": "Feature", "properties": { "gml_id": "ideeeecce7-8f06-4a6e-b441-18103827935f", "lokalid": "09efb30d-c628-45e6-9392-e48dc2d32452", "navnerom": "https://data.geonorge.no/sosi/samferdsel/hovedled_og_biled", "versjonId": 20210101, "datauttaksdato": "2026-01-01T23:00:58", "farlednavn": "Hardangerfjorden - Tørvikbygd", "farlednummer": 2194, "farledtype": "Biled" }, "geometry": { "type": "LineString", "coordinates": [ [ 6.210172957127656, 60.287384502863766 ], [ 6.172909031846247, 60.300422086925316 ] ] } },
{ "type": "Feature", "properties": { "gml_id": "idf8d09c43-b0f7-47de-8813-911195a8e61c", "lokalid": "870c7ccd-3bf0-444a-9b0e-e5bce66e7fdd", "navnerom": "https://data.geonorge.no/sosi/samferdsel/hovedled_og_biled", "versjonId": 20210101, "datauttaksdato": "2026-01-01T23:00:58", "farlednavn": "Bjørnafjorden", "farlednummer": 2191, "farledtype": "Biled" }, "geometry": { "type": "LineString", "coordinates": [ [ 5.631731234438485, 60.094048150910773 ], [ 5.53281835470532, 60.106955017274871 ], [ 5.453269093041412, 60.106563440448987 ], [ 5.42843900609356, 60.106431361264981 ], [ 5.3224766931095, 60.105815021196669 ] ] } },
{ "type": "Feature", "properties": { "gml_id": "idbd3b50a4-e7fd-4c13-88a0-6f53ae4fbd7b", "lokalid": "c379b5a2-af96-412e-a438-2e84d85778b4", "navnerom": "https://data.geonorge.no/sosi/samferdsel/hovedled_og_biled", "versjonId": 20210101, "datauttaksdato": "2026-01-01T23:00:58", "farlednavn": "Bekkjarviksund", "farlednummer": 2226, "farledtype": "Biled" }, "geometry": { "type": "LineString", "coordinates": [ [ 5.24686736875196, 59.975320640935841 ], [ 5.23527169551716, 59.989831692924497 ], [ 5.217763361071063, 60.005848353297097 ], [ 5.200366696280812, 60.01557502418634 ] ] } },
{ "type": "Feature", "properties": { "gml_id": "idb822fd75-278b-4425-8f37-15b46a034c12", "lokalid": "cb5c1ef4-4d34-4cb1-95d6-1803b9859b4b", "navnerom": "https://data.geonorge.no/sosi/samferdsel/hovedled_og_biled", "versjonId": 20210101, "datauttaksdato": "2026-01-01T23:00:58", "farlednavn": "Rabben - Salthella", "farlednummer": 2229, "farledtype": "Biled" }, "geometry": { "type": "LineString", "coordinates": [ [ 5.105922683991653, 60.009073651529803 ], [ 5.121813769328845, 60.014286261983393 ], [ 5.153410948585442, 60.024117738038939 ], [ 5.176352934311751, 60.033672175162266 ] ] } },
{ "type": "Feature", "properties": { "gml_id": "id6f1f0f24-e3e3-4493-a86c-361c47bf6703", "lokalid": "3eea17a3-00bf-4d07-a334-19a75557d964", "navnerom": "https://data.geonorge.no/sosi/samferdsel/hovedled_og_biled", "versjonId": 20210101, "datauttaksdato": "2026-01-01T23:00:58", "farlednavn": "Storebø - Hundvåkosen", "farlednummer": 2227, "farledtype": "Biled" }, "geometry": { "type": "LineString", "coordinates": [ [ 5.217167658288773, 60.094061726300595 ], [ 5.213833260253297, 60.09469753313482 ], [ 5.210598776865897, 60.097479988690573 ], [ 5.199764968925856, 60.10224706311179 ], [ 5.184603362847295, 60.123498353593376 ] ] } },
{ "type": "Feature", "properties": { "gml_id": "id7eda2e56-1b5c-46f6-ad9d-99d6d59f5c48", "lokalid": "af195cf5-203b-417b-a85e-30af68442687", "navnerom": "https://data.geonorge.no/sosi/samferdsel/hovedled_og_biled", "versjonId": 20210101, "datauttaksdato": "2026-01-01T23:00:58", "farlednavn": "Tårnleden", "farlednummer": 2348, "farledtype": "Biled" }, "geometry": { "type": "LineString", "coordinates": [ [ 4.999553604830316, 62.068929834027763 ], [ 4.954057235302905, 62.038868122619093 ], [ 4.951174371263527, 62.004438120580744 ], [ 4.956092268148891, 61.953754130828273 ] ] } },
{ "type": "Feature", "properties": { "gml_id": "id93bb5a5e-aab7-4887-8316-84739b801923", "lokalid": "86810bcc-a3ff-40b0-bfe6-0e936e97540b", "navnerom": "https://data.geonorge.no/sosi/samferdsel/hovedled_og_biled", "versjonId": 20210101, "datauttaksdato": "2026-01-01T23:00:58", "farlednavn": "Kollsnes", "farlednummer": 2258, "farledtype": "Biled" }, "geometry": { "type": "LineString", "coordinates": [ [ 4.824229581196271, 60.556604932890536 ], [ 4.819979667103434, 60.549189156532336 ], [ 4.819848295765484, 60.545811865801738 ], [ 4.81543030670292, 60.527291753003652 ], [ 4.786641319841719, 60.503492634387499 ] ] } },
{ "type": "Feature", "properties": { "gml_id": "id79533526-fe70-4ab9-bf2f-64d253787e0f", "lokalid": "a61fabad-f890-4026-b56e-be74f2f734c5", "navnerom": "https://data.geonorge.no/sosi/samferdsel/hovedled_og_biled", "versjonId": 20210101, "datauttaksdato": "2026-01-01T23:00:58", "farlednavn": "Fonnesvågen", "farlednummer": 2277, "farledtype": "Biled" }, "geometry": { "type": "LineString", "coordinates": [ [ 4.972642530050402, 60.811172855410156 ], [ 4.972705582365612, 60.813547929295126 ], [ 4.970943140608473, 60.815533428911692 ], [ 4.957779942092714, 60.826470641096641 ] ] } },
{ "type": "Feature", "properties": { "gml_id": "idd4f718ed-39c4-42c7-bc14-f952793c78b9", "lokalid": "8c62a4cc-9427-4594-b6c0-86da22c71d9a", "navnerom": "https://data.geonorge.no/sosi/samferdsel/hovedled_og_biled", "versjonId": 20210101, "datauttaksdato": "2026-01-01T23:00:58", "farlednavn": "Fensfjorden - Leirvåg", "farlednummer": 2275, "farledtype": "Biled" }, "geometry": { "type": "LineString", "coordinates": [ [ 5.005184744364141, 60.815535629153473 ], [ 5.008525040828245, 60.817323487246746 ], [ 5.012800047258243, 60.819611237423331 ], [ 5.014142667501273, 60.823036010395292 ], [ 5.02964521184099, 60.828865169036135 ] ] } },
{ "type": "Feature", "properties": { "gml_id": "idd90574b0-0be9-4c31-bb0e-eec6ac82e6a8", "lokalid": "0fba0395-c815-41fe-a2f1-f322eec103ee", "navnerom": "https://data.geonorge.no/sosi/samferdsel/hovedled_og_biled", "versjonId": 20210101, "datauttaksdato": "2026-01-01T23:00:58", "farlednavn": "Fensfjorden - Sløvåg", "farlednummer": 2276, "farledtype": "Biled" }, "geometry": { "type": "LineString", "coordinates": [ [ 5.02964521184099, 60.828865169036135 ], [ 5.049412984892713, 60.842915679798303 ], [ 5.041278768746123, 60.86048335028341 ] ] } },
{ "type": "Feature", "properties": { "gml_id": "id79d251d0-5aee-4bad-83ed-ade0744ea25e", "lokalid": "6f6eb554-2b1c-42d6-a230-db754ae4f89e", "navnerom": "https://data.geonorge.no/sosi/samferdsel/hovedled_og_biled", "versjonId": 20210101, "datauttaksdato": "2026-01-01T23:00:58", "farlednavn": "Kvernhusneset", "farlednummer": 2278, "farledtype": "Biled" }, "geometry": { "type": "LineString", "coordinates": [ [ 5.068216082697214, 60.820146073089887 ], [ 5.078529903608886, 60.796876690445472 ], [ 5.075035644162894, 60.793899049061288 ] ] } },
{ "type": "Feature", "properties": { "gml_id": "id461b2149-ca20-4a39-be55-76b61c763da8", "lokalid": "d7e6666c-3914-432c-8950-8acdc3cb0b8f", "navnerom": "https://data.geonorge.no/sosi/samferdsel/hovedled_og_biled", "versjonId": 20210101, "datauttaksdato": "2026-01-01T23:00:58", "farlednavn": "Mjømnesund", "farlednummer": 2281, "farledtype": "Biled" }, "geometry": { "type": "LineString", "coordinates": [ [ 4.94608003606235, 60.839165024202153 ], [ 4.946047101372119, 60.839293190207535 ], [ 4.939556703436454, 60.864526694569129 ], [ 4.92078836925552, 60.886308354944305 ], [ 4.908428370884516, 60.899995025221195 ], [ 4.901791703964586, 60.907960025246481 ], [ 4.894466704282195, 60.919530025468774 ], [ 4.888773867123657, 60.937070476011669 ], [ 4.896869500538946, 60.941555028644601 ] ] } },
{ "type": "Feature", "properties": { "gml_id": "id00884628-e653-43a6-86a2-06cb9964fa7f", "lokalid": "e3b6ad72-c23a-434a-a9a9-232b09b20eb5", "navnerom": "https://data.geonorge.no/sosi/samferdsel/hovedled_og_biled", "versjonId": 20210101, "datauttaksdato": "2026-01-01T23:00:58", "farlednavn": "Ånnelandsund", "farlednummer": 2280, "farledtype": "Biled" }, "geometry": { "type": "LineString", "coordinates": [ [ 4.94608003606235, 60.839165024202153 ], [ 4.94612773910985, 60.839283160654155 ], [ 4.958266702972412, 60.869320024117322 ], [ 4.963590035097934, 60.887025023751029 ], [ 4.958440035390325, 60.905343354119672 ], [ 4.957810036639224, 60.90731002408274 ], [ 4.958896703424674, 60.909708353704303 ], [ 4.958896702739759, 60.912965023503084 ], [ 4.947110035975649, 60.933375024235474 ], [ 4.942956688399698, 60.940271830507157 ], [ 4.940179718305276, 60.945259693510437 ] ] } },
{ "type": "Feature", "properties": { "gml_id": "id85d72e7e-63f9-4208-8297-47d77195fff3", "lokalid": "02a3ea86-7790-4167-b22a-112dac4679bb", "navnerom": "https://data.geonorge.no/sosi/samferdsel/hovedled_og_biled", "versjonId": 20210101, "datauttaksdato": "2026-01-01T23:00:58", "farlednavn": "Bjorøyosen - Kiparsund", "farlednummer": 2281, "farledtype": "Biled" }, "geometry": { "type": "LineString", "coordinates": [ [ 4.940179718305276, 60.945259693510437 ], [ 4.946219356786639, 60.947832557444578 ], [ 4.955463368848244, 60.951993353577031 ], [ 4.985561702107649, 60.957048353062603 ], [ 4.989996702324813, 60.963605022739976 ], [ 4.991741702092562, 60.968378352741219 ], [ 4.993637912994031, 60.970517835910918 ] ] } },
{ "type": "Feature", "properties": { "gml_id": "id97dcc952-70bf-435d-a323-346a76b88d81", "lokalid": "99fa41d5-aec6-4cde-b79f-9a8b88dc7e68", "navnerom": "https://data.geonorge.no/sosi/samferdsel/hovedled_og_biled", "versjonId": 20210101, "datauttaksdato": "2026-01-01T23:00:58", "farlednavn": "Stemnebøosen", "farlednummer": 2281, "farledtype": "Biled" }, "geometry": { "type": "LineString", "coordinates": [ [ 4.993637912994031, 60.970517835910918 ], [ 5.016918367648895, 60.971268352667714 ], [ 5.038879625196839, 60.971464372275079 ] ] } },
{ "type": "Feature", "properties": { "gml_id": "ida32c2a72-40ff-49ad-a10e-d370d1c42210", "lokalid": "7a0d4289-2752-4602-ba72-1e9275e0170f", "navnerom": "https://data.geonorge.no/sosi/samferdsel/hovedled_og_biled", "versjonId": 20210101, "datauttaksdato": "2026-01-01T23:00:58", "farlednavn": "Rossosen", "farlednummer": 2281, "farledtype": "Biled" }, "geometry": { "type": "LineString", "coordinates": [ [ 4.940179718305276, 60.945259693510437 ], [ 4.93330770834573, 60.950024114101311 ], [ 4.931619382697985, 60.957462754797611 ], [ 4.927998369101251, 60.963325024490082 ], [ 4.925822350384252, 60.969504615631784 ], [ 4.911518370396594, 61.010056694148069 ], [ 4.914150037656186, 61.037808353657383 ] ] } },
{ "type": "Feature", "properties": { "gml_id": "id3bd181ec-1c96-45a0-b268-53165e7ea710", "lokalid": "aa0d3076-155c-46fb-a2c7-61122f2463fb", "navnerom": "https://data.geonorge.no/sosi/samferdsel/hovedled_og_biled", "versjonId": 20210101, "datauttaksdato": "2026-01-01T23:00:58", "farlednavn": "Aldefjorden - Vilnesfjorden", "farlednummer": 2319, "farledtype": "Biled" }, "geometry": { "type": "LineString", "coordinates": [ [ 4.807636374260754, 61.344755737936175 ], [ 4.828987524625821, 61.31978128180095 ], [ 4.846925410878949, 61.311704860136622 ], [ 4.847736105935325, 61.311339689755229 ], [ 4.879285804670258, 61.297117692109083 ], [ 4.903779614932856, 61.282815005734427 ] ] } },
{ "type": "Feature", "properties": { "gml_id": "idc1e1faa0-f3c0-4493-ad9a-4c9834bed11b", "lokalid": "78dc6395-e1e9-4cda-97eb-1ce7b3ec5745", "navnerom": "https://data.geonorge.no/sosi/samferdsel/hovedled_og_biled", "versjonId": 20210101, "datauttaksdato": "2026-01-01T23:00:58", "farlednavn": "Mjømnosen - Kvitaneset - Sognesjøen", "farlednummer": 2281, "farledtype": "Biled" }, "geometry": { "type": "LineString", "coordinates": [ [ 4.896869500538946, 60.941555028644601 ], [ 4.884066612816393, 60.954458293754065 ], [ 4.878787434793183, 60.963294437896728 ], [ 4.877131322718582, 60.966349829494746 ], [ 4.869304846876656, 60.980780024942334 ], [ 4.865687596188819, 60.984913031024767 ], [ 4.861947267309984, 60.995552391142624 ], [ 4.838835619414342, 61.013240961192629 ] ] } },
{ "type": "Feature", "properties": { "gml_id": "id5dae5b7b-1c8b-40b0-ba20-91fe9bd6e973", "lokalid": "619c2b5d-6447-4c8b-bbc3-fd710c10ea50", "navnerom": "https://data.geonorge.no/sosi/samferdsel/hovedled_og_biled", "versjonId": 20210101, "datauttaksdato": "2026-01-01T23:00:58", "farlednavn": "Sognefjorden - Rysjedalsvik", "farlednummer": 2289, "farledtype": "Biled" }, "geometry": { "type": "LineString", "coordinates": [ [ 5.222168362413109, 61.09082334887723 ], [ 5.260448361152571, 61.097516687556094 ], [ 5.280837531413403, 61.113736671107652 ] ] } },
{ "type": "Feature", "properties": { "gml_id": "idb12fc926-6f9c-4081-a71a-92898c76692d", "lokalid": "d20e14b7-6da7-442a-a8fd-caa9c3fea84c", "navnerom": "https://data.geonorge.no/sosi/samferdsel/hovedled_og_biled", "versjonId": 20210101, "datauttaksdato": "2026-01-01T23:00:58", "farlednavn": "Akkarfjorden", "farlednummer": 2978, "farledtype": "Biled" }, "geometry": { "type": "LineString", "coordinates": [ [ 23.622345118774774, 70.741628304208945 ], [ 23.405459616864306, 70.785189750684239 ], [ 23.407595394149947, 70.791506275772647 ] ] } },
{ "type": "Feature", "properties": { "gml_id": "idb60c35d2-f430-473b-80ef-5b679d326e12", "lokalid": "e111ac55-1c17-4652-9b64-8d9b8242b3f9", "navnerom": "https://data.geonorge.no/sosi/samferdsel/hovedled_og_biled", "versjonId": 20210101, "datauttaksdato": "2026-01-01T23:00:58", "farlednavn": "Fure - Askvoll", "farlednummer": 2321, "farledtype": "Biled" }, "geometry": { "type": "LineString", "coordinates": [ [ 5.089754909124156, 61.299257699506228 ], [ 5.092565571848965, 61.301438148554332 ], [ 5.080437114872861, 61.314786384666498 ], [ 5.0687558206443, 61.32763001855777 ], [ 5.067337774044355, 61.34524963263528 ] ] } },
{ "type": "Feature", "properties": { "gml_id": "id764e80a1-dd20-4af0-815a-3125d9371a66", "lokalid": "1e5ca3f5-c0df-460e-b8b6-3ac91af67430", "navnerom": "https://data.geonorge.no/sosi/samferdsel/hovedled_og_biled", "versjonId": 20210101, "datauttaksdato": "2026-01-01T23:00:58", "farlednavn": "Askvoll - Haugsneset", "farlednummer": 2321, "farledtype": "Biled" }, "geometry": { "type": "LineString", "coordinates": [ [ 5.067337774044355, 61.34524963263528 ], [ 5.061913566812104, 61.343381739765874 ], [ 5.04237520542173, 61.345291320994228 ], [ 5.020041920354282, 61.347470281623977 ], [ 5.017697805311673, 61.348484690330345 ] ] } },
{ "type": "Feature", "properties": { "gml_id": "id759bfb94-c31c-46e2-ab7d-5a57c1e29a32", "lokalid": "a0fed087-c77e-49cf-915a-5a4bc52af623", "navnerom": "https://data.geonorge.no/sosi/samferdsel/hovedled_og_biled", "versjonId": 20210101, "datauttaksdato": "2026-01-01T23:00:58", "farlednavn": "Årebrotsfjorden", "farlednummer": 2337, "farledtype": "Biled" }, "geometry": { "type": "LineString", "coordinates": [ [ 4.981221229704217, 61.62217982787088 ], [ 5.014559693362453, 61.615971395357434 ] ] } },
{ "type": "Feature", "properties": { "gml_id": "id2421a423-3b9e-455d-be64-0d60ab7e1a22", "lokalid": "2b1cce73-8aab-473b-b103-257bd68d322e", "navnerom": "https://data.geonorge.no/sosi/samferdsel/hovedled_og_biled", "versjonId": 20210101, "datauttaksdato": "2026-01-01T23:00:58", "farlednavn": "Furenes -  Vossaskallen - Sanden", "farlednummer": 2356, "farledtype": "Biled" }, "geometry": { "type": "LineString", "coordinates": [ [ 5.07869539340551, 62.212085758327312 ], [ 5.078807178273554, 62.203369300891005 ], [ 5.079167166440143, 62.17514365163678 ], [ 5.071745535986595, 62.169468511204698 ], [ 5.094890420216295, 62.103289598215973 ] ] } },
{ "type": "Feature", "properties": { "gml_id": "id6a4ce4a1-7622-42d9-9a9f-a97a813e2bde", "lokalid": "4ffde3cb-55ba-4936-be57-5de802d779a0", "navnerom": "https://data.geonorge.no/sosi/samferdsel/hovedled_og_biled", "versjonId": 20210101, "datauttaksdato": "2026-01-01T23:00:58", "farlednavn": "Lovika", "farlednummer": 2349, "farledtype": "Biled" }, "geometry": { "type": "LineString", "coordinates": [ [ 6.797733340541044, 61.860300003662864 ], [ 6.817480490703623, 61.871139983631004 ], [ 6.833731964780804, 61.871944829815469 ] ] } },
{ "type": "Feature", "properties": { "gml_id": "id3de49942-925b-4faa-bcc6-4ffe178e8f79", "lokalid": "2bb923b4-7f9f-4ee0-ba7a-2458038186c1", "navnerom": "https://data.geonorge.no/sosi/samferdsel/hovedled_og_biled", "versjonId": 20210101, "datauttaksdato": "2026-01-01T23:00:58", "farlednavn": "Frøysjøen", "farlednummer": 1519, "farledtype": "Hovedled" }, "geometry": { "type": "LineString", "coordinates": [ [ 4.982049305059228, 61.755595811002337 ], [ 4.920720440826327, 61.739993224634851 ], [ 4.765378374811945, 61.700281693177743 ], [ 4.564107416044769, 61.71297322177373 ] ] } },
{ "type": "Feature", "properties": { "gml_id": "ide48edc18-92fe-4c75-82ab-b9dbd8dc637d", "lokalid": "d2eff419-d5c9-4e4d-a799-4811f27a7875", "navnerom": "https://data.geonorge.no/sosi/samferdsel/hovedled_og_biled", "versjonId": 20210101, "datauttaksdato": "2026-01-01T23:00:58", "farlednavn": "Kvinnheradsfjorden - Rosendal", "farlednummer": 2190, "farledtype": "Biled" }, "geometry": { "type": "LineString", "coordinates": [ [ 6.00068607106086, 59.984480186985714 ], [ 5.981932450630131, 59.984799036009989 ], [ 5.957716453778366, 59.999589885195029 ], [ 5.928556182139406, 60.013387713104748 ] ] } },
{ "type": "Feature", "properties": { "gml_id": "idff08c3b9-b154-422a-a98a-a2bc634de93c", "lokalid": "9e5dfcc2-3cb5-4ae7-855c-efbc3ce17223", "navnerom": "https://data.geonorge.no/sosi/samferdsel/hovedled_og_biled", "versjonId": 20210101, "datauttaksdato": "2026-01-01T23:00:58", "farlednavn": "Brandasund - Nyleia", "farlednummer": 2167, "farledtype": "Biled" }, "geometry": { "type": "LineString", "coordinates": [ [ 5.186311962463167, 59.922410681150986 ], [ 5.169817961426066, 59.916416001254909 ], [ 5.150590052244578, 59.908366735048517 ], [ 5.139812775009279, 59.904492600537708 ], [ 5.123000030770357, 59.899322332729803 ], [ 5.121263887597064, 59.897597720691508 ], [ 5.119053981832752, 59.896340331458475 ], [ 5.116250483262159, 59.896147103412247 ], [ 5.112505653465709, 59.89607103665238 ], [ 5.104637929488024, 59.895643280472292 ] ] } },
{ "type": "Feature", "properties": { "gml_id": "id1c9629fb-6a94-41e2-852f-8f18f52fd3c3", "lokalid": "9a4a2c37-e840-422b-b0b8-48d6acc5951a", "navnerom": "https://data.geonorge.no/sosi/samferdsel/hovedled_og_biled", "versjonId": 20210101, "datauttaksdato": "2026-01-01T23:00:58", "farlednavn": "Skånevikfjorden - Åkrafjorden", "farlednummer": 2186, "farledtype": "Biled" }, "geometry": { "type": "LineString", "coordinates": [ [ 5.885810309161446, 59.754646511232075 ], [ 5.921995480307284, 59.771723564010323 ], [ 5.936448371884406, 59.774293694632902 ], [ 6.022913525826506, 59.747866693431789 ], [ 6.077794563722846, 59.753358030745936 ], [ 6.135915533456298, 59.783864463225676 ], [ 6.246348737980554, 59.833022646468535 ], [ 6.342237797076601, 59.852507690537067 ], [ 6.350726386734768, 59.861347250164151 ], [ 6.369802682841661, 59.873422818744189 ], [ 6.376899103607908, 59.87408797237898 ] ] } },
{ "type": "Feature", "properties": { "gml_id": "id82e703c3-d758-4fb7-b9ef-78cc4433b04c", "lokalid": "7160f6a2-e186-4ebd-96f9-cceecc15b05f", "navnerom": "https://data.geonorge.no/sosi/samferdsel/hovedled_og_biled", "versjonId": 20210101, "datauttaksdato": "2026-01-01T23:00:58", "farlednavn": "Hillesøyosen", "farlednummer": 2280, "farledtype": "Biled" }, "geometry": { "type": "LineString", "coordinates": [ [ 4.772269532435919, 60.881663958660063 ], [ 4.823236990932488, 60.870541587512847 ], [ 4.860725629831927, 60.861003621928084 ], [ 4.898899942358315, 60.844697510949395 ] ] } },
{ "type": "Feature", "properties": { "gml_id": "id55499a09-3130-41fb-932e-630242ae0e94", "lokalid": "425195b8-c91b-4ba8-8256-3a9b08bd668f", "navnerom": "https://data.geonorge.no/sosi/samferdsel/hovedled_og_biled", "versjonId": 20210101, "datauttaksdato": "2026-01-01T23:00:58", "farlednavn": "Fensfjorden - Mongstadvågen", "farlednummer": 2274, "farledtype": "Biled" }, "geometry": { "type": "LineString", "coordinates": [ [ 4.94608003606235, 60.839165024202153 ], [ 4.95773945452134, 60.826509424263691 ], [ 4.996870613611994, 60.817434995386613 ], [ 5.006366066017016, 60.81793907568769 ], [ 5.008525040828245, 60.817323487246746 ], [ 5.015989439163686, 60.815194700626812 ] ] } },
{ "type": "Feature", "properties": { "gml_id": "ideff76729-a87d-44dd-b8c5-9d60bf33c7db", "lokalid": "98fd1559-c773-4fba-85e5-9120f42bb145", "navnerom": "https://data.geonorge.no/sosi/samferdsel/hovedled_og_biled", "versjonId": 20210101, "datauttaksdato": "2026-01-01T23:00:58", "farlednavn": "Bjoafjorden - Melen", "farlednummer": 2178, "farledtype": "Biled" }, "geometry": { "type": "LineString", "coordinates": [ [ 5.66005890551904, 59.690209940383319 ], [ 5.74579202310879, 59.69627542864653 ] ] } },
{ "type": "Feature", "properties": { "gml_id": "id90fc5a03-03cd-4ff0-af78-5be1a56aedf1", "lokalid": "aedaf9ff-944f-4b89-9fe0-03aa36f06c2f", "navnerom": "https://data.geonorge.no/sosi/samferdsel/hovedled_og_biled", "versjonId": 20210101, "datauttaksdato": "2026-01-01T23:00:58", "farlednavn": "Nøreskallen - Sildagapet", "farlednummer": 2361, "farledtype": "Biled" }, "geometry": { "type": "LineString", "coordinates": [ [ 4.842876751605864, 62.068661243737409 ], [ 4.999553604830316, 62.068929834027763 ], [ 5.121243402173794, 62.069015119345259 ] ] } },
{ "type": "Feature", "properties": { "gml_id": "id6ff0088a-2c42-48eb-a2ec-c5a4886f570b", "lokalid": "830672b1-e702-478b-8083-5dc693becc40", "navnerom": "https://data.geonorge.no/sosi/samferdsel/hovedled_og_biled", "versjonId": 20210101, "datauttaksdato": "2026-01-01T23:00:58", "farlednavn": "Fuglaneset -  Hanasandsundet", "farlednummer": 2123, "farledtype": "Biled" }, "geometry": { "type": "LineString", "coordinates": [ [ 5.783711781891566, 59.03000462525327 ], [ 5.781040016277107, 59.041848347429735 ], [ 5.786495484922957, 59.064738005108296 ], [ 5.789639934433553, 59.086890152316784 ], [ 5.792846109471252, 59.109336179428674 ] ] } },
{ "type": "Feature", "properties": { "gml_id": "id70c1ca4c-e4c1-4767-b1d8-76bcf2380dea", "lokalid": "64e770b7-8724-4a80-b78d-6aa40192d416", "navnerom": "https://data.geonorge.no/sosi/samferdsel/hovedled_og_biled", "versjonId": 20210101, "datauttaksdato": "2026-01-01T23:00:58", "farlednavn": "Sveinane - Boknafjorden", "farlednummer": 2143, "farledtype": "Biled" }, "geometry": { "type": "LineString", "coordinates": [ [ 5.519583766642625, 59.158362712800873 ], [ 5.519600766625452, 59.158061263142351 ], [ 5.522228945624765, 59.111336154095511 ], [ 5.522911835178268, 59.099156192163335 ] ] } },
{ "type": "Feature", "properties": { "gml_id": "id5c822b00-9e95-4e30-ba77-f98bea638d37", "lokalid": "2784ae47-b348-4f38-9715-aee5f0cfce03", "navnerom": "https://data.geonorge.no/sosi/samferdsel/hovedled_og_biled", "versjonId": 20210101, "datauttaksdato": "2026-01-01T23:00:58", "farlednavn": "Sildasundet", "farlednummer": 2196, "farledtype": "Biled" }, "geometry": { "type": "LineString", "coordinates": [ [ 6.082055650503297, 60.13482920433831 ], [ 6.052318280362519, 60.116145916826689 ], [ 6.044095914629394, 60.083893464240127 ] ] } },
{ "type": "Feature", "properties": { "gml_id": "idd55daad0-1f07-4a19-b7c7-9817e8c9261e", "lokalid": "b1df5c80-5a99-4e54-ba55-25b320f999de", "navnerom": "https://data.geonorge.no/sosi/samferdsel/hovedled_og_biled", "versjonId": 20210101, "datauttaksdato": "2026-01-01T23:00:58", "farlednavn": "Skongenes - Statthavet", "farlednummer": 2361, "farledtype": "Biled" }, "geometry": { "type": "LineString", "coordinates": [ [ 4.997725493674057, 62.170798027719883 ], [ 4.999553604830316, 62.068929834027763 ], [ 5.147418364329628, 62.034885015716341 ] ] } },
{ "type": "Feature", "properties": { "gml_id": "id82441769-e641-48d0-a8ac-29a00dcdc983", "lokalid": "6d54d306-c47f-45fe-8aa0-e8a974c343cb", "navnerom": "https://data.geonorge.no/sosi/samferdsel/hovedled_og_biled", "versjonId": 20210101, "datauttaksdato": "2026-01-01T23:00:58", "farlednavn": "Skånevik - Straumneset", "farlednummer": 2186, "farledtype": "Biled" }, "geometry": { "type": "LineString", "coordinates": [ [ 5.932652858054524, 59.734579887931595 ], [ 5.931212579426997, 59.742899468849089 ], [ 5.921995480307284, 59.771723564010323 ] ] } },
{ "type": "Feature", "properties": { "gml_id": "id74072021-8b68-427c-ba1f-76b95114d494", "lokalid": "3deafd7a-8af6-4873-82f8-3181e439e990", "navnerom": "https://data.geonorge.no/sosi/samferdsel/hovedled_og_biled", "versjonId": 20210101, "datauttaksdato": "2026-01-01T23:00:58", "farlednavn": "Kvannhovden - Fåfjorden", "farlednummer": 2341, "farledtype": "Biled" }, "geometry": { "type": "LineString", "coordinates": [ [ 4.564107416044769, 61.71297322177373 ], [ 4.625124568519767, 61.780097467144316 ], [ 4.689699876334344, 61.82305018620837 ], [ 4.814003269765116, 61.898751944988788 ], [ 4.873242809750301, 61.916918474789099 ], [ 4.973522795663248, 61.926488908045343 ], [ 5.016550806068508, 61.930571215661146 ] ] } },
{ "type": "Feature", "properties": { "gml_id": "idf33ed63d-5c7b-48b6-b995-cfa75bf3ab83", "lokalid": "2b99b282-da4a-48d7-b359-82e233cb24a6", "navnerom": "https://data.geonorge.no/sosi/samferdsel/hovedled_og_biled", "versjonId": 20210101, "datauttaksdato": "2026-01-01T23:00:58", "farlednavn": "Stavfjorden - Brufjorden", "farlednummer": 2326, "farledtype": "Biled" }, "geometry": { "type": "LineString", "coordinates": [ [ 5.228276744978647, 61.493834091744091 ], [ 5.197097133753218, 61.487613782462134 ], [ 5.18213501625327, 61.476082500921621 ], [ 4.976853248571503, 61.449446975537967 ] ] } },
{ "type": "Feature", "properties": { "gml_id": "id420a7502-6f2f-4052-afb7-d0501135c569", "lokalid": "5052cf4b-4f1f-4cfd-a265-6598d622e86b", "navnerom": "https://data.geonorge.no/sosi/samferdsel/hovedled_og_biled", "versjonId": 20210101, "datauttaksdato": "2026-01-01T23:00:58", "farlednavn": "Ramsøygrunna - Hauglandsosen", "farlednummer": 2249, "farledtype": "Biled" }, "geometry": { "type": "LineString", "coordinates": [ [ 5.040610129315221, 60.432269294723994 ], [ 5.084906639364046, 60.428449317327626 ], [ 5.107640091669492, 60.429513574711208 ] ] } },
{ "type": "Feature", "properties": { "gml_id": "ida313bc7a-05bb-49a1-9848-983cfffe3ff8", "lokalid": "e902b172-ab52-40e4-833c-ac26065daf90", "navnerom": "https://data.geonorge.no/sosi/samferdsel/hovedled_og_biled", "versjonId": 20210101, "datauttaksdato": "2026-01-01T23:00:58", "farlednavn": "Grimstadfjorden", "farlednummer": 2242, "farledtype": "Biled" }, "geometry": { "type": "LineString", "coordinates": [ [ 5.196927760889394, 60.322607775832161 ], [ 5.227103517319557, 60.325332397575764 ], [ 5.23490822688362, 60.325808547287309 ], [ 5.240115451499002, 60.326125965584069 ], [ 5.249592370340941, 60.322693274173709 ] ] } },
{ "type": "Feature", "properties": { "gml_id": "id184af485-8d50-4b34-be29-58b9a8f5f069", "lokalid": "c9e7f902-5c4c-48d9-be6f-76d8cc43805b", "navnerom": "https://data.geonorge.no/sosi/samferdsel/hovedled_og_biled", "versjonId": 20210101, "datauttaksdato": "2026-01-01T23:00:58", "farlednavn": "Melen - Dreganeset", "farlednummer": 2178, "farledtype": "Biled" }, "geometry": { "type": "LineString", "coordinates": [ [ 5.74579202310879, 59.69627542864653 ], [ 5.771379019579258, 59.679861894967438 ], [ 5.784816684182511, 59.645541685062149 ] ] } },
{ "type": "Feature", "properties": { "gml_id": "id1f2e09e4-d774-4cf7-af76-a5cc0b097824", "lokalid": "fb18fba6-e588-4417-9d68-a5bbd5b42d26", "navnerom": "https://data.geonorge.no/sosi/samferdsel/hovedled_og_biled", "versjonId": 20210101, "datauttaksdato": "2026-01-01T23:00:58", "farlednavn": "Føynfjorden - Åkrahamn", "farlednummer": 2156, "farledtype": "Biled" }, "geometry": { "type": "LineString", "coordinates": [ [ 5.174725027259457, 59.251550027950145 ], [ 5.172086515729407, 59.254498361362906 ], [ 5.172129928788893, 59.268829445863567 ], [ 5.172152114725682, 59.276227073537513 ], [ 5.170345098075257, 59.284487997854029 ], [ 5.155839471758929, 59.311090678487972 ], [ 5.161350868604559, 59.327275733263498 ], [ 5.165182306068419, 59.338519457114252 ] ] } },
{ "type": "Feature", "properties": { "gml_id": "idef109129-18e2-4da8-96ee-bd9a61551e70", "lokalid": "974b5db7-f5db-4255-a981-fe8ab15958a5", "navnerom": "https://data.geonorge.no/sosi/samferdsel/hovedled_og_biled", "versjonId": 20210101, "datauttaksdato": "2026-01-01T23:00:58", "farlednavn": "Sevlandsvik", "farlednummer": 2157, "farledtype": "Biled" }, "geometry": { "type": "LineString", "coordinates": [ [ 5.188056714171946, 59.272434990005181 ], [ 5.184479815525886, 59.272580271948009 ], [ 5.18045049958008, 59.275219967941787 ], [ 5.172152114725682, 59.276227073537513 ] ] } },
{ "type": "Feature", "properties": { "gml_id": "id6c76c96b-9d69-4b5f-bf5f-5863946e68f9", "lokalid": "4b5752cc-262c-42fb-9b77-a3c1b1776f57", "navnerom": "https://data.geonorge.no/sosi/samferdsel/hovedled_og_biled", "versjonId": 20210101, "datauttaksdato": "2026-01-01T23:00:58", "farlednavn": "Sletta - Bleivika", "farlednummer": 2158, "farledtype": "Biled" }, "geometry": { "type": "LineString", "coordinates": [ [ 5.221530466571717, 59.471021674270986 ], [ 5.191932795417751, 59.479415348350727 ], [ 5.173774183729836, 59.479218114792694 ], [ 4.964670061748628, 59.476763770507411 ] ] } },
{ "type": "Feature", "properties": { "gml_id": "id56409b07-6f30-4b2e-9120-454fe59d051d", "lokalid": "b34ebd30-7f97-4237-a16a-25efeb9d3bbe", "navnerom": "https://data.geonorge.no/sosi/samferdsel/hovedled_og_biled", "versjonId": 20210101, "datauttaksdato": "2026-01-01T23:00:58", "farlednavn": "Vest av Urter", "farlednummer": 2155, "farledtype": "Biled" }, "geometry": { "type": "LineString", "coordinates": [ [ 5.134695248482981, 59.060751932057592 ], [ 5.133848819878326, 59.0618601128091 ], [ 5.133159795804652, 59.062762152862888 ], [ 5.010946633313446, 59.221893010603253 ], [ 4.975618605618079, 59.319044754230326 ], [ 4.968880709484805, 59.337500578225409 ], [ 4.960282040673576, 59.361019313723126 ], [ 4.951436029811566, 59.38517492990686 ], [ 4.964670061748628, 59.476763770507411 ] ] } },
{ "type": "Feature", "properties": { "gml_id": "idc8409bb0-066f-433f-929b-75d6eaefa381", "lokalid": "8593b7a5-c5c8-4a09-9f08-46fc7bd7e356", "navnerom": "https://data.geonorge.no/sosi/samferdsel/hovedled_og_biled", "versjonId": 20210101, "datauttaksdato": "2026-01-01T23:00:58", "farlednavn": "Ferge Hjelmeland - Nesvik", "farlednummer": 2138, "farledtype": "Biled" }, "geometry": { "type": "LineString", "coordinates": [ [ 6.1642899221925, 59.235146279200585 ], [ 6.163408930865621, 59.240386992787272 ], [ 6.160905946949254, 59.255265139397217 ], [ 6.159945924749997, 59.260967266625769 ] ] } },
{ "type": "Feature", "properties": { "gml_id": "id382aa4ee-78bd-419d-ab48-d6a12bf25ebc", "lokalid": "489d9ad7-3e87-4360-bfe5-71a58e162f4a", "navnerom": "https://data.geonorge.no/sosi/samferdsel/hovedled_og_biled", "versjonId": 20210101, "datauttaksdato": "2026-01-01T23:00:58", "farlednavn": "Ferge Skipavik - Nesvik", "farlednummer": 2138, "farledtype": "Biled" }, "geometry": { "type": "LineString", "coordinates": [ [ 6.159945924749997, 59.260967266625769 ], [ 6.156727904921216, 59.258577572763308 ], [ 6.127629554226679, 59.255854389527642 ], [ 6.096987718498148, 59.252979272132535 ] ] } },
{ "type": "Feature", "properties": { "gml_id": "id3e2b64cf-3b94-4704-9e95-89546ff2ae05", "lokalid": "cb8a9bb6-fb22-4332-9926-8f92cdfb3fdb", "navnerom": "https://data.geonorge.no/sosi/samferdsel/hovedled_og_biled", "versjonId": 20210101, "datauttaksdato": "2026-01-01T23:00:58", "farlednavn": "Ferge Skipavik - Hjelmeland", "farlednummer": 2138, "farledtype": "Biled" }, "geometry": { "type": "LineString", "coordinates": [ [ 6.096987718498148, 59.252979272132535 ], [ 6.121744541765183, 59.246425856707567 ], [ 6.128561477969655, 59.244620033146774 ], [ 6.1642899221925, 59.235146279200585 ] ] } },
{ "type": "Feature", "properties": { "gml_id": "id78d8e4e3-5a1d-4176-80d1-d228a5dce839", "lokalid": "7baaa305-25a6-4010-a522-3678051a0471", "navnerom": "https://data.geonorge.no/sosi/samferdsel/hovedled_og_biled", "versjonId": 20210101, "datauttaksdato": "2026-01-01T23:00:58", "farlednavn": "Jøsenfjorden", "farlednummer": 2138, "farledtype": "Biled" }, "geometry": { "type": "LineString", "coordinates": [ [ 6.133014929358134, 59.248384984084282 ], [ 6.160905946949254, 59.255265139397217 ], [ 6.348876054621833, 59.301408756848438 ], [ 6.445710604659052, 59.320478266991643 ] ] } },
{ "type": "Feature", "properties": { "gml_id": "ided92ae73-51ac-43e2-b7e1-6a3ea79728ce", "lokalid": "e85251a4-cf69-4509-8a4b-cb7de541fbe2", "navnerom": "https://data.geonorge.no/sosi/samferdsel/hovedled_og_biled", "versjonId": 20210101, "datauttaksdato": "2026-01-01T23:00:58", "farlednavn": "Talgjefjorden - Nedstrandsfjorden", "farlednummer": 2133, "farledtype": "Biled" }, "geometry": { "type": "LineString", "coordinates": [ [ 5.760776641174717, 59.133232681931169 ], [ 5.766238788379822, 59.163646687815735 ], [ 5.756409883075315, 59.198815079260825 ] ] } },
{ "type": "Feature", "properties": { "gml_id": "id8ec7289b-332e-43fd-8095-0d2e7cb6e182", "lokalid": "df288cde-4e03-4e90-a1da-01e7f44a3454", "navnerom": "https://data.geonorge.no/sosi/samferdsel/hovedled_og_biled", "versjonId": 20210101, "datauttaksdato": "2026-01-01T23:00:58", "farlednavn": "Svortingen - Sevlandsvik", "farlednummer": 2157, "farledtype": "Biled" }, "geometry": { "type": "LineString", "coordinates": [ [ 5.184479815525886, 59.272580271948009 ], [ 5.173190993350236, 59.269709021008083 ], [ 5.172129928788893, 59.268829445863567 ], [ 5.165491924180769, 59.263325665267537 ], [ 5.144035628797975, 59.25142347373508 ], [ 5.109944866059916, 59.249116204247862 ] ] } },
{ "type": "Feature", "properties": { "gml_id": "idb0c26a64-3307-4e6c-9f49-81104c3c6195", "lokalid": "ac73454c-31c9-419c-8759-cd5c89a8f5d7", "navnerom": "https://data.geonorge.no/sosi/samferdsel/hovedled_og_biled", "versjonId": 20210101, "datauttaksdato": "2026-01-01T23:00:58", "farlednavn": "Gunnarskjershullet", "farlednummer": 2159, "farledtype": "Biled" }, "geometry": { "type": "LineString", "coordinates": [ [ 5.240794335499903, 59.569471630538111 ], [ 5.183769788152425, 59.566437100462316 ], [ 5.139287672988056, 59.564052348792245 ], [ 4.982385524136064, 59.557363371798935 ] ] } },
{ "type": "Feature", "properties": { "gml_id": "id1cc4784f-ec3a-4cda-bda8-d84b9c161035", "lokalid": "d2b4653a-ed3a-4b64-956f-ad96a24d8a58", "navnerom": "https://data.geonorge.no/sosi/samferdsel/hovedled_og_biled", "versjonId": 20210101, "datauttaksdato": "2026-01-01T23:00:58", "farlednavn": "Spyssøysundet - Serklau", "farlednummer": 2174, "farledtype": "Biled" }, "geometry": { "type": "LineString", "coordinates": [ [ 5.374246956012904, 59.712669908822477 ], [ 5.376198992247053, 59.716620021806499 ], [ 5.395336792673377, 59.722634986946012 ] ] } },
{ "type": "Feature", "properties": { "gml_id": "id57023dfb-f21b-48ac-8ecd-bf695e9cdfec", "lokalid": "168eec96-dcce-4370-8e6b-34c7bb7c8b00", "navnerom": "https://data.geonorge.no/sosi/samferdsel/hovedled_og_biled", "versjonId": 20210101, "datauttaksdato": "2026-01-01T23:00:58", "farlednavn": "Lauvvik - Oanes", "farlednummer": 2115, "farledtype": "Biled" }, "geometry": { "type": "LineString", "coordinates": [ [ 6.07650724109012, 58.905389331433099 ], [ 6.077517310185035, 58.90491914718482 ], [ 6.077945741295303, 58.902868234486476 ], [ 6.075808958852867, 58.899233709413338 ], [ 6.070063726455474, 58.897619321201816 ], [ 6.057659022394289, 58.894132284088862 ] ] } },
{ "type": "Feature", "properties": { "gml_id": "id9820c702-223d-449c-8bfe-413a9b949728", "lokalid": "e337c52d-af4b-4d7f-b093-203aa0f9b8e1", "navnerom": "https://data.geonorge.no/sosi/samferdsel/hovedled_og_biled", "versjonId": 20210101, "datauttaksdato": "2026-01-01T23:00:58", "farlednavn": "Jelsa", "farlednummer": 2119, "farledtype": "Biled" }, "geometry": { "type": "LineString", "coordinates": [ [ 5.994032838818049, 59.330377295832783 ], [ 5.994278243840597, 59.330375333339937 ], [ 6.032594057181031, 59.330063170460093 ], [ 6.035414530451533, 59.332349133185971 ], [ 6.035344074164851, 59.335112587811373 ] ] } },
{ "type": "Feature", "properties": { "gml_id": "ida309ba70-34c9-4b9f-bff0-4a400f248034", "lokalid": "43ec5e19-1532-4b19-8695-47967bf8a723", "navnerom": "https://data.geonorge.no/sosi/samferdsel/hovedled_og_biled", "versjonId": 20210101, "datauttaksdato": "2026-01-01T23:00:58", "farlednavn": "Straumneset - Utåker", "farlednummer": 2186, "farledtype": "Biled" }, "geometry": { "type": "LineString", "coordinates": [ [ 5.905599876194959, 59.783503923654472 ], [ 5.906546712539522, 59.783247090666606 ], [ 5.921995480307284, 59.771723564010323 ] ] } },
{ "type": "Feature", "properties": { "gml_id": "id7cc7c7fd-fa07-4172-ab22-a596b01fcbb5", "lokalid": "568aa91e-9fdb-4de8-b5c9-39a451bd29c8", "navnerom": "https://data.geonorge.no/sosi/samferdsel/hovedled_og_biled", "versjonId": 20210101, "datauttaksdato": "2026-01-01T23:00:58", "farlednavn": "Utåker - Matre", "farlednummer": 2186, "farledtype": "Biled" }, "geometry": { "type": "LineString", "coordinates": [ [ 5.959908518348787, 59.793973973057568 ], [ 5.957095097419663, 59.79415279052715 ], [ 5.905599876194959, 59.783503923654472 ] ] } },
{ "type": "Feature", "properties": { "gml_id": "id1be62919-0ed0-46fe-9835-8ce78a5b8cd7", "lokalid": "bd4474db-31f0-47bd-8738-ae3be0b04d68", "navnerom": "https://data.geonorge.no/sosi/samferdsel/hovedled_og_biled", "versjonId": 20210101, "datauttaksdato": "2026-01-01T23:00:58", "farlednavn": "Straumneset - Matre", "farlednummer": 2186, "farledtype": "Biled" }, "geometry": { "type": "LineString", "coordinates": [ [ 5.959908518348787, 59.793973973057568 ], [ 5.957226496989187, 59.793785454430846 ], [ 5.921995480307284, 59.771723564010323 ] ] } },
{ "type": "Feature", "properties": { "gml_id": "id550cb52b-c896-4e2b-a60e-1d8635cfd564", "lokalid": "cba9338c-3bb4-420b-ab44-ec4242b2608f", "navnerom": "https://data.geonorge.no/sosi/samferdsel/hovedled_og_biled", "versjonId": 20210101, "datauttaksdato": "2026-01-01T23:00:58", "farlednavn": "Kvaløyfjorden - Sørhaugøy", "farlednummer": 2147, "farledtype": "Biled" }, "geometry": { "type": "LineString", "coordinates": [ [ 5.181870279215137, 59.410558951125644 ], [ 5.214733904444679, 59.420089984471403 ], [ 5.230542476144374, 59.422743406135361 ] ] } },
{ "type": "Feature", "properties": { "gml_id": "idebfa73ab-33c6-4da7-b74e-a433c51c0f48", "lokalid": "092e6972-676b-4482-8cc4-3253fff6dc4b", "navnerom": "https://data.geonorge.no/sosi/samferdsel/hovedled_og_biled", "versjonId": 20210101, "datauttaksdato": "2026-01-01T23:00:58", "farlednavn": "Simadalsfjorden", "farlednummer": 2204, "farledtype": "Biled" }, "geometry": { "type": "LineString", "coordinates": [ [ 7.027026433345815, 60.48584605852777 ], [ 7.0797207703089, 60.484433247381382 ], [ 7.120032668324566, 60.493550882045668 ], [ 7.135582545244202, 60.495158068535893 ] ] } },
{ "type": "Feature", "properties": { "gml_id": "idc6c4c0b9-3b34-4def-82a6-a8d46440d2f9", "lokalid": "46300877-8286-440c-9904-15239f66335b", "navnerom": "https://data.geonorge.no/sosi/samferdsel/hovedled_og_biled", "versjonId": 20210101, "datauttaksdato": "2026-01-01T23:00:58", "farlednavn": "Bremnes - Bruravik", "farlednummer": 2206, "farledtype": "Biled" }, "geometry": { "type": "LineString", "coordinates": [ [ 6.894367430128119, 60.492162815600807 ], [ 6.898882626976463, 60.485183551244631 ], [ 6.901529769204846, 60.48109022215472 ], [ 6.907558199951971, 60.471764014712335 ] ] } },
{ "type": "Feature", "properties": { "gml_id": "id6a9f2393-05c4-416b-a32b-de3357198627", "lokalid": "6f5f1cdd-b799-4d01-a66e-f2b323745ee2", "navnerom": "https://data.geonorge.no/sosi/samferdsel/hovedled_og_biled", "versjonId": 20210101, "datauttaksdato": "2026-01-01T23:00:58", "farlednavn": "Instefjord", "farlednummer": 2297, "farledtype": "Biled" }, "geometry": { "type": "LineString", "coordinates": [ [ 5.399608357820867, 61.057396685815988 ], [ 5.47204949686104, 61.033541321892706 ], [ 5.483618214684175, 60.989053872828379 ] ] } },
{ "type": "Feature", "properties": { "gml_id": "ide08bd1dc-ce79-441b-95aa-b689e077c1cb", "lokalid": "c7437a26-dfab-4175-abbe-91e5f001921e", "navnerom": "https://data.geonorge.no/sosi/samferdsel/hovedled_og_biled", "versjonId": 20210101, "datauttaksdato": "2026-01-01T23:00:58", "farlednavn": "Hopsosen", "farlednummer": 2298, "farledtype": "Biled" }, "geometry": { "type": "LineString", "coordinates": [ [ 4.877036025977128, 61.083499818470315 ], [ 4.864475718836801, 61.072016462190867 ], [ 4.861792017630763, 61.059382408976262 ], [ 4.865687445543349, 61.050096629697947 ], [ 4.86095041736756, 61.020462913646433 ] ] } },
{ "type": "Feature", "properties": { "gml_id": "iddfa5ded0-a8d5-40a6-9235-6edf1dc08bf7", "lokalid": "46461800-868b-4749-a104-13961203ead2", "navnerom": "https://data.geonorge.no/sosi/samferdsel/hovedled_og_biled", "versjonId": 20210101, "datauttaksdato": "2026-01-01T23:00:58", "farlednavn": "Fure - Vilnes", "farlednummer": 2317, "farledtype": "Biled" }, "geometry": { "type": "LineString", "coordinates": [ [ 5.089754909124156, 61.299257699506228 ], [ 5.091298041682755, 61.301473749239094 ], [ 5.069986883123036, 61.312894423689954 ], [ 5.002171152680745, 61.309481367020119 ], [ 4.951955138260701, 61.309953552945203 ] ] } },
{ "type": "Feature", "properties": { "gml_id": "id352cc197-e18d-43d8-85c1-86d03a09d148", "lokalid": "af1b6801-3ae0-4272-a83d-ea30819569b9", "navnerom": "https://data.geonorge.no/sosi/samferdsel/hovedled_og_biled", "versjonId": 20210101, "datauttaksdato": "2026-01-01T23:00:58", "farlednavn": "Medfjordsskallen", "farlednummer": 2307, "farledtype": "Biled" }, "geometry": { "type": "LineString", "coordinates": [ [ 4.980035948647729, 61.212517138228776 ], [ 4.866877571548214, 61.237865267871555 ], [ 4.850760015228605, 61.241464425386106 ], [ 4.799226235764991, 61.242895952027219 ], [ 4.777181741272493, 61.243502233869783 ], [ 4.760497337250102, 61.243075639254371 ], [ 4.727840817151756, 61.242234658545286 ], [ 4.483378208345949, 61.234424961497425 ] ] } },
{ "type": "Feature", "properties": { "gml_id": "id5956a20a-8e0c-40e5-b099-d9bc81f646ba", "lokalid": "ae5f0b83-7c38-4afb-a177-37daf00176dc", "navnerom": "https://data.geonorge.no/sosi/samferdsel/hovedled_og_biled", "versjonId": 20210101, "datauttaksdato": "2026-01-01T23:00:58", "farlednavn": "Rotasundet", "farlednummer": 2336, "farledtype": "Biled" }, "geometry": { "type": "LineString", "coordinates": [ [ 5.017956047187113, 61.603148266440527 ], [ 5.01098594148174, 61.608190734672235 ], [ 5.00553535452452, 61.612339463236474 ], [ 4.981221229704217, 61.62217982787088 ] ] } },
{ "type": "Feature", "properties": { "gml_id": "id20eaf38c-5724-4c19-8c48-d8271eebe8f4", "lokalid": "586173fc-1d37-415e-af6d-e0cda6477e12", "navnerom": "https://data.geonorge.no/sosi/samferdsel/hovedled_og_biled", "versjonId": 20210101, "datauttaksdato": "2026-01-01T23:00:58", "farlednavn": "Lundøy", "farlednummer": 2287, "farledtype": "Biled" }, "geometry": { "type": "LineString", "coordinates": [ [ 4.730848196515999, 61.091989569789064 ], [ 4.707438292877534, 61.098368091231499 ], [ 4.702391021308485, 61.097140021564407 ], [ 4.701225363189218, 61.096540537872535 ], [ 4.694863293809168, 61.087445018109804 ], [ 4.689644829360828, 61.083354646204654 ] ] } },
{ "type": "Feature", "properties": { "gml_id": "id98aca4ac-e0d2-49af-9295-26bc9757a0e9", "lokalid": "8fc79b98-52a3-4157-9b31-c44e5439cf17", "navnerom": "https://data.geonorge.no/sosi/samferdsel/hovedled_og_biled", "versjonId": 20210101, "datauttaksdato": "2026-01-01T23:00:58", "farlednavn": "Ståløya - Rostøya", "farlednummer": 2228, "farledtype": "Biled" }, "geometry": { "type": "LineString", "coordinates": [ [ 5.200638779925345, 60.093614479192844 ], [ 5.179984103144494, 60.093215653539602 ] ] } },
{ "type": "Feature", "properties": { "gml_id": "id1a57709a-56e3-4743-88f4-6fd86d5cb9c9", "lokalid": "ba5fa1d5-fc22-415a-a745-116ec0d3f61d", "navnerom": "https://data.geonorge.no/sosi/samferdsel/hovedled_og_biled", "versjonId": 20210101, "datauttaksdato": "2026-01-01T23:00:58", "farlednavn": "Anda - Lote", "farlednummer": 2353, "farledtype": "Biled" }, "geometry": { "type": "LineString", "coordinates": [ [ 6.083026839680722, 61.847478916853113 ], [ 6.081560578250736, 61.853936767273829 ], [ 6.07958839035096, 61.862617761080145 ] ] } },
{ "type": "Feature", "properties": { "gml_id": "id6fea506f-8a72-4ddd-8605-ba9a06176fb4", "lokalid": "bdf6fa2c-9fad-4eb6-a6db-250ed97554c3", "navnerom": "https://data.geonorge.no/sosi/samferdsel/hovedled_og_biled", "versjonId": 20210101, "datauttaksdato": "2026-01-01T23:00:58", "farlednavn": "Isane - Stårheim", "farlednummer": 2350, "farledtype": "Biled" }, "geometry": { "type": "LineString", "coordinates": [ [ 5.716758199120336, 61.881740917278208 ], [ 5.719151923342613, 61.89012312365454 ], [ 5.722461639843194, 61.901706391619022 ], [ 5.725534725136838, 61.912454745189983 ] ] } },
{ "type": "Feature", "properties": { "gml_id": "id33d7d798-df87-4005-83f5-c66e9a8c6cd0", "lokalid": "3d950563-7b02-4562-9929-38bb7d2a5d4c", "navnerom": "https://data.geonorge.no/sosi/samferdsel/hovedled_og_biled", "versjonId": 20210101, "datauttaksdato": "2026-01-01T23:00:58", "farlednavn": "Skomakeren - Tvibyrgesundet", "farlednummer": 2318, "farledtype": "Biled" }, "geometry": { "type": "LineString", "coordinates": [ [ 4.784095149508012, 61.212038539061837 ], [ 4.799226235764991, 61.242895952027219 ], [ 4.804456894632305, 61.253549969058248 ], [ 4.809658515975459, 61.258008744456831 ], [ 4.821213371631297, 61.267908426193799 ], [ 4.822512928522174, 61.28086521769022 ], [ 4.822732335561315, 61.28305219059007 ], [ 4.846559305253916, 61.311271667537682 ], [ 4.846925410878949, 61.311704860136622 ], [ 4.867573371400784, 61.336116693341559 ] ] } },
{ "type": "Feature", "properties": { "gml_id": "ide88cce73-0866-497f-8b54-d2ce794d1863", "lokalid": "572906a5-b4a9-4e1f-9032-509953d57457", "navnerom": "https://data.geonorge.no/sosi/samferdsel/hovedled_og_biled", "versjonId": 20210101, "datauttaksdato": "2026-01-01T23:00:58", "farlednavn": "Sandsundholmen - Storebø", "farlednummer": 2231, "farledtype": "Biled" }, "geometry": { "type": "LineString", "coordinates": [ [ 5.217167658288773, 60.094061726300595 ], [ 5.202652107434849, 60.093240968139916 ], [ 5.197372560997592, 60.087612475898318 ], [ 5.173991223675295, 60.070415262736134 ] ] } },
{ "type": "Feature", "properties": { "gml_id": "id0d7b51a3-29ff-4419-988b-f97b65be5490", "lokalid": "8d67b3eb-8cd5-4675-8f3f-1ffd02b18e06", "navnerom": "https://data.geonorge.no/sosi/samferdsel/hovedled_og_biled", "versjonId": 20210101, "datauttaksdato": "2026-01-01T23:00:58", "farlednavn": "Marsteinsålen", "farlednummer": 2230, "farledtype": "Biled" }, "geometry": { "type": "LineString", "coordinates": [ [ 5.046501043064732, 60.149167214006802 ], [ 5.012578386786596, 60.111723023251059 ] ] } },
{ "type": "Feature", "properties": { "gml_id": "idf3e33eac-026b-4a25-84b6-32680469c137", "lokalid": "5971e33f-37f3-41f4-9f73-fefe6b3779dd", "navnerom": "https://data.geonorge.no/sosi/samferdsel/hovedled_og_biled", "versjonId": 20210101, "datauttaksdato": "2026-01-01T23:00:58", "farlednavn": "Nordalsfjorden", "farlednummer": 2410, "farledtype": "Biled" }, "geometry": { "type": "LineString", "coordinates": [ [ 7.016883748130945, 62.288330544274196 ], [ 7.132513191590438, 62.283448784657054 ], [ 7.182323807922305, 62.279040447373873 ], [ 7.182357954084019, 62.279037418306004 ], [ 7.209969774022324, 62.279835617093447 ], [ 7.252902483405943, 62.286252708524046 ], [ 7.323679122760817, 62.290209306021701 ], [ 7.336098444806022, 62.287978700394142 ], [ 7.406020629181755, 62.25231040825517 ], [ 7.414485356345152, 62.235992372553589 ] ] } },
{ "type": "Feature", "properties": { "gml_id": "id44a9ada9-422a-49db-ac34-eca0d7949370", "lokalid": "d7f4cf47-7d1f-4f75-9736-4baf2759727b", "navnerom": "https://data.geonorge.no/sosi/samferdsel/hovedled_og_biled", "versjonId": 20210101, "datauttaksdato": "2026-01-01T23:00:58", "farlednavn": "Lundegaardsleia", "farlednummer": 2100, "farledtype": "Biled" }, "geometry": { "type": "LineString", "coordinates": [ [ 7.070001391311872, 57.96635178562552 ], [ 7.040566662047437, 57.97786226800828 ], [ 7.026198582334388, 57.992462974181414 ], [ 7.031116629567449, 58.014809356430504 ], [ 7.02707632268686, 58.035574080411081 ], [ 7.025787386823744, 58.035885167988695 ], [ 7.025709650123444, 58.035859766519174 ], [ 7.02188309743393, 58.035870511683534 ], [ 7.019931925992858, 58.03491823749647 ], [ 7.019739323511559, 58.033908584032929 ], [ 6.997504630471703, 58.027495829540428 ], [ 6.994156162173226, 58.027491681118363 ], [ 6.978719206137036, 58.030604810767798 ], [ 6.969815215421649, 58.0327045680163 ], [ 6.963237485451947, 58.036085188605782 ], [ 6.957774633753426, 58.037639450697952 ], [ 6.950767983164848, 58.039632392071589 ], [ 6.92205298738439, 58.05000158527848 ], [ 6.906718055522399, 58.053579567353204 ], [ 6.871573661145158, 58.057201802390665 ], [ 6.860670902858755, 58.06810363657609 ], [ 6.855203325744196, 58.070999964763573 ] ] } },
{ "type": "Feature", "properties": { "gml_id": "id05893816-7c81-4116-9bac-3ae24d0af3f5", "lokalid": "5d5fc362-8960-428e-86c8-801d10e76be9", "navnerom": "https://data.geonorge.no/sosi/samferdsel/hovedled_og_biled", "versjonId": 20210101, "datauttaksdato": "2026-01-01T23:00:58", "farlednavn": "Oksøy - Kvitsøy", "farlednummer": 1036, "farledtype": "Hovedled" }, "geometry": { "type": "LineString", "coordinates": [ [ 7.492176251819139, 57.932182377089056 ], [ 7.536943154365005, 57.937455618500124 ], [ 7.695137283005416, 57.955951850648574 ], [ 7.927498403532608, 58.013510174207852 ], [ 8.113558566069019, 58.049422295221284 ], [ 8.170701231030893, 58.06038324786401 ], [ 8.214254521831322, 58.068715996334234 ] ] } },
{ "type": "Feature", "properties": { "gml_id": "idb6cec4bd-6a2f-4ede-85a5-3efc151017f9", "lokalid": "08b4e3e9-8d56-4017-8a22-6141e9af887b", "navnerom": "https://data.geonorge.no/sosi/samferdsel/hovedled_og_biled", "versjonId": 20210101, "datauttaksdato": "2026-01-01T23:00:58", "farlednavn": "Kjeholmgapet", "farlednummer": 2077, "farledtype": "Biled" }, "geometry": { "type": "LineString", "coordinates": [ [ 9.140109503616001, 58.643662983058114 ], [ 9.141989166627329, 58.640575160314384 ], [ 9.143002984648831, 58.639228400547523 ], [ 9.144703031050522, 58.636969786608276 ], [ 9.147255621671299, 58.634770217979607 ], [ 9.198585130977975, 58.613727131523135 ], [ 9.226712435524695, 58.606531312604915 ] ] } },
{ "type": "Feature", "properties": { "gml_id": "idc26c8025-4e54-4a80-a0a5-d2e776894bdb", "lokalid": "83e779fe-59ac-4bd8-be20-f8a14646c5b5", "navnerom": "https://data.geonorge.no/sosi/samferdsel/hovedled_og_biled", "versjonId": 20210101, "datauttaksdato": "2026-01-01T23:00:58", "farlednavn": "Hestvika - Fillan", "farlednummer": 2529, "farledtype": "Biled" }, "geometry": { "type": "LineString", "coordinates": [ [ 9.228634233128318, 63.569022912606059 ], [ 9.229470395635817, 63.573820119198402 ], [ 9.181753690165344, 63.594983990232009 ], [ 9.144225842422964, 63.597825640565063 ], [ 9.095870330741567, 63.603903482764551 ], [ 8.993752672844403, 63.608418849882739 ] ] } },
{ "type": "Feature", "properties": { "gml_id": "ide4c0ed8c-e461-45ae-aa6e-7b9494019c1a", "lokalid": "ad4650e0-02f3-4275-a85b-5e4984a98483", "navnerom": "https://data.geonorge.no/sosi/samferdsel/hovedled_og_biled", "versjonId": 20210101, "datauttaksdato": "2026-01-01T23:00:58", "farlednavn": "Frohavet", "farlednummer": 1548, "farledtype": "Hovedled" }, "geometry": { "type": "LineString", "coordinates": [ [ 9.259083392345779, 63.548453004051815 ], [ 9.259135256436204, 63.627360383891926 ], [ 9.259142359429527, 63.639603695976461 ], [ 9.259167608910815, 63.678634010294452 ], [ 9.276691835961799, 63.709308179629872 ], [ 9.338223139666121, 63.817011724716188 ], [ 9.42955358858428, 63.896203367827532 ], [ 9.579603844440346, 64.027063133352542 ], [ 9.820606095823026, 64.234442909900466 ], [ 10.206421710852066, 64.407736389167965 ], [ 10.438926487810264, 64.510653293167167 ] ] } },
{ "type": "Feature", "properties": { "gml_id": "idf2fbaabb-5333-4e94-a7df-f4c8e337fc71", "lokalid": "3e9c07dc-910e-45c6-8626-effedfc75f78", "navnerom": "https://data.geonorge.no/sosi/samferdsel/hovedled_og_biled", "versjonId": 20210101, "datauttaksdato": "2026-01-01T23:00:58", "farlednavn": "Flatanger - Kvernøyråsa", "farlednummer": 2552, "farledtype": "Biled" }, "geometry": { "type": "LineString", "coordinates": [ [ 10.587038240654493, 64.578004820252659 ], [ 10.766025605884451, 64.574433745928232 ], [ 10.793999982713622, 64.549056318531015 ], [ 10.81860523949215, 64.531383317845282 ], [ 10.873599344843745, 64.504979281854872 ], [ 10.884627271521229, 64.50178148591614 ] ] } },
{ "type": "Feature", "properties": { "gml_id": "id26cdc94e-2e85-46c4-8a54-53660ff5baf1", "lokalid": "b3cf3bc6-9f3a-420e-b2a0-1d52339cf4d8", "navnerom": "https://data.geonorge.no/sosi/samferdsel/hovedled_og_biled", "versjonId": 20210101, "datauttaksdato": "2026-01-01T23:00:58", "farlednavn": "Lauvøyfjorden - Kornstadfjord", "farlednummer": 2467, "farledtype": "Biled" }, "geometry": { "type": "LineString", "coordinates": [ [ 7.410681170114685, 62.963603488843354 ], [ 7.427695693946773, 62.960150772134476 ], [ 7.491795683615972, 62.931117505506933 ], [ 7.531637334128892, 62.935170212957679 ], [ 7.699540166374408, 62.982131356705636 ], [ 7.738942869369057, 63.001517433916987 ], [ 7.738190053056185, 63.00820633385031 ], [ 7.689245553451682, 63.03376191846899 ], [ 7.685070629977935, 63.059639676993548 ], [ 7.70627148761181, 63.101984490271121 ] ] } },
{ "type": "Feature", "properties": { "gml_id": "id6d93d92f-bb3b-442d-b8dc-a57e93a995c1", "lokalid": "3cd9387d-1649-419e-87cc-7eb9a9ddace9", "navnerom": "https://data.geonorge.no/sosi/samferdsel/hovedled_og_biled", "versjonId": 20210101, "datauttaksdato": "2026-01-01T23:00:58", "farlednavn": "Holmengrå - Årdalstangen", "farlednummer": 1110, "farledtype": "Hovedled" }, "geometry": { "type": "LineString", "coordinates": [ [ 4.671944013043261, 60.856567220440624 ], [ 4.672121793654314, 60.909929108863139 ], [ 4.709743598500298, 60.952396598514333 ], [ 4.76131504232142, 60.987871698017749 ], [ 4.838835619414342, 61.013240961192629 ], [ 4.86095041736756, 61.020462913646433 ], [ 4.914150037656186, 61.037808353657383 ], [ 5.010536442246157, 61.071268961657381 ], [ 5.138379477790667, 61.104347617342015 ], [ 5.222168362413109, 61.09082334887723 ], [ 5.304838360176123, 61.075305017561298 ], [ 5.399608357820867, 61.057396685815988 ], [ 5.505450674110232, 61.080928657840914 ], [ 5.70785470680406, 61.12563644373428 ], [ 5.737208424114034, 61.132092777403827 ], [ 5.755890779095465, 61.136180487287056 ], [ 5.78279105599286, 61.137744489993928 ], [ 5.795213377230549, 61.138406056012755 ], [ 5.817363785173479, 61.139658271294223 ], [ 5.934048349527258, 61.14013833945765 ], [ 5.985645357392838, 61.140048835525441 ], [ 5.996075015859369, 61.140028339401709 ], [ 6.14008650779682, 61.132419832696897 ], [ 6.169338345524861, 61.13085500754832 ], [ 6.36320167828945, 61.09503833694734 ], [ 6.529063423009626, 61.11432403064925 ], [ 6.572180210066188, 61.146772171189603 ], [ 6.578965766036363, 61.151871649975234 ], [ 6.621482262556074, 61.183779865394698 ], [ 6.870097254160107, 61.15251643012207 ] ] } },
{ "type": "Feature", "properties": { "gml_id": "id20082c42-783a-4c0f-a285-c1640f584411", "lokalid": "6cc98b6e-b621-4f84-b3ee-565ee1a98b54", "navnerom": "https://data.geonorge.no/sosi/samferdsel/hovedled_og_biled", "versjonId": 20210101, "datauttaksdato": "2026-01-01T23:00:58", "farlednavn": "Langøysundet", "farlednummer": 2471, "farledtype": "Biled" }, "geometry": { "type": "LineString", "coordinates": [ [ 7.32494017146822, 63.054634096679024 ], [ 7.348915170567802, 63.050031329373809 ], [ 7.376073548914854, 63.052803508150681 ], [ 7.388092855083555, 63.052103526737618 ], [ 7.401517980799499, 63.052450793963089 ], [ 7.407665056991697, 63.051909061248594 ], [ 7.426348355869925, 63.052761865585133 ], [ 7.428451563199861, 63.053116649615028 ], [ 7.433385251121989, 63.053067567988187 ], [ 7.436659209774724, 63.052813389766101 ], [ 7.441901301209112, 63.05297906722766 ], [ 7.44903603234062, 63.055115149819933 ], [ 7.450565982091185, 63.056239241432344 ], [ 7.454801285754155, 63.057361882344779 ], [ 7.473426224778888, 63.059228583474571 ], [ 7.481407531789464, 63.059993595569189 ], [ 7.491054038395895, 63.060834069962723 ], [ 7.496609456576453, 63.06135079678063 ], [ 7.508106680904697, 63.063634118393693 ], [ 7.514027110686067, 63.065782339450166 ], [ 7.547692973515709, 63.077997960100696 ], [ 7.552331681256192, 63.080650785297088 ], [ 7.550340187466333, 63.086867468596147 ], [ 7.530599814250985, 63.10191084179344 ] ] } },
{ "type": "Feature", "properties": { "gml_id": "idf487bcbb-54d9-40d4-b14b-25294431d900", "lokalid": "68e7b5b5-6a0d-4be2-9ff3-b476a7fa1392", "navnerom": "https://data.geonorge.no/sosi/samferdsel/hovedled_og_biled", "versjonId": 20210101, "datauttaksdato": "2026-01-01T23:00:58", "farlednavn": "Herdlefjorden", "farlednummer": 2254, "farledtype": "Biled" }, "geometry": { "type": "LineString", "coordinates": [ [ 5.281441674287378, 60.402649213436554 ], [ 5.25855767237575, 60.45231082456695 ], [ 5.232983361573955, 60.493536690571311 ], [ 5.103665031014498, 60.528801693303052 ], [ 5.043698366824112, 60.538371693926067 ], [ 4.988536702089831, 60.556491695503979 ], [ 4.984303368733285, 60.564865025352951 ], [ 4.98705003540184, 60.566948354936194 ], [ 4.989453368287391, 60.577466694799909 ], [ 4.966336702490766, 60.596345025240609 ], [ 4.9460800352899, 60.604835025645528 ], [ 4.939671703418546, 60.610613355861652 ], [ 4.865055037687537, 60.636500027790461 ] ] } },
{ "type": "Feature", "properties": { "gml_id": "id9cdf777f-3886-4e58-8a85-2b94735ad4f1", "lokalid": "4a37c68e-ca6f-4463-b139-47dd518eb621", "navnerom": "https://data.geonorge.no/sosi/samferdsel/hovedled_og_biled", "versjonId": 20210101, "datauttaksdato": "2026-01-01T23:00:58", "farlednavn": "Namsenfjorden", "farlednummer": 2553, "farledtype": "Biled" }, "geometry": { "type": "LineString", "coordinates": [ [ 10.753638694147623, 64.653763797649745 ], [ 11.000865601791018, 64.61247465030516 ], [ 11.023487540683693, 64.594853193417933 ], [ 11.096602003500807, 64.570387709391284 ], [ 11.159619503165041, 64.514051891015299 ], [ 11.18229117243842, 64.505114168323146 ], [ 11.269174418623058, 64.492903469655133 ], [ 11.306465823046452, 64.479042088078984 ], [ 11.365715646843794, 64.474403232126917 ], [ 11.426856707482086, 64.456080053682427 ] ] } },
{ "type": "Feature", "properties": { "gml_id": "idd1043d3b-937d-4039-ae3d-7ece0f94b194", "lokalid": "3e0a677c-d02c-4d0d-bb48-0f5935d37063", "navnerom": "https://data.geonorge.no/sosi/samferdsel/hovedled_og_biled", "versjonId": 20210101, "datauttaksdato": "2026-01-01T23:00:58", "farlednavn": "Storfjorden", "farlednummer": 2392, "farledtype": "Biled" }, "geometry": { "type": "LineString", "coordinates": [ [ 6.125314035555906, 62.356225331105165 ], [ 6.136940421671497, 62.357725888179054 ], [ 6.166129231016104, 62.362709198940209 ], [ 6.19888202152876, 62.368300923972988 ], [ 6.328344476458861, 62.390688935529049 ], [ 6.34697116085253, 62.393897507722158 ], [ 6.353740322857584, 62.395067528747177 ], [ 6.390583800822095, 62.401306590162946 ], [ 6.495762525909374, 62.419117516679229 ], [ 6.508434197094414, 62.421600819803352 ], [ 6.515991788607408, 62.42308751093703 ], [ 6.66963534210255, 62.453191867311915 ], [ 6.706123685927737, 62.460342592167855 ], [ 6.832249865798224, 62.446631884632616 ], [ 6.865301324108749, 62.440009269147424 ], [ 6.927134615234597, 62.413206498188806 ], [ 6.924687427737677, 62.382276123444406 ], [ 6.923979076256667, 62.37332317500568 ], [ 6.947620834714312, 62.329342551480444 ], [ 6.982872425802635, 62.308488190072929 ], [ 7.016883748130945, 62.288330544274196 ], [ 7.019959639252725, 62.286509245423893 ], [ 7.02799018195179, 62.176634313115237 ], [ 6.979040246876679, 62.144612114691085 ], [ 6.948409607620075, 62.115842612291459 ], [ 6.978387490954113, 62.103500968784438 ], [ 7.027698524931223, 62.091039864640614 ], [ 7.072100595002357, 62.091661589896809 ], [ 7.080735067258213, 62.095831026312879 ], [ 7.12190967194185, 62.116659299576114 ], [ 7.154942890511999, 62.117870402201547 ], [ 7.182581753576006, 62.11167600247893 ], [ 7.196128985575768, 62.103495448185406 ] ] } },
{ "type": "Feature", "properties": { "gml_id": "id63ca05c3-43a8-4b91-9e55-3818618bb734", "lokalid": "c51a6fe2-aff2-4255-b25d-8530688b88cf", "navnerom": "https://data.geonorge.no/sosi/samferdsel/hovedled_og_biled", "versjonId": 20210101, "datauttaksdato": "2026-01-01T23:00:58", "farlednavn": "Sandsfjorden", "farlednummer": 2364, "farledtype": "Biled" }, "geometry": { "type": "LineString", "coordinates": [ [ 5.502079580278581, 62.201358478419031 ], [ 5.505909902951384, 62.211503673465074 ], [ 5.509398811209076, 62.229795359894212 ], [ 5.513740453364076, 62.24660651513706 ], [ 5.515979320202469, 62.265714821386204 ], [ 5.532204479842527, 62.280514791013701 ], [ 5.538529442400409, 62.286264835145424 ], [ 5.573796714531186, 62.301899234661533 ], [ 5.591243596589459, 62.305603404532434 ], [ 5.603843617043966, 62.308430572731432 ] ] } },
{ "type": "Feature", "properties": { "gml_id": "id578e2b44-7a2e-4e4d-b386-aa2eb3ee9eee", "lokalid": "f88fbe41-026d-4aeb-883e-31e61fcec778", "navnerom": "https://data.geonorge.no/sosi/samferdsel/hovedled_og_biled", "versjonId": 20210101, "datauttaksdato": "2026-01-01T23:00:58", "farlednavn": "Malangen - Sommerøy", "farlednummer": 2873, "farledtype": "Biled" }, "geometry": { "type": "LineString", "coordinates": [ [ 17.938633185509651, 69.574998158378349 ], [ 17.981174473796145, 69.599267480917248 ], [ 17.977709453592709, 69.626061803601559 ], [ 18.0100998723508, 69.631503002291865 ], [ 18.010312622569739, 69.631538712857463 ] ] } },
{ "type": "Feature", "properties": { "gml_id": "id7ce85893-c6d9-4855-a0fa-850ef2135090", "lokalid": "6a276791-64ce-4fa7-91c3-89e5e950eb7c", "navnerom": "https://data.geonorge.no/sosi/samferdsel/hovedled_og_biled", "versjonId": 20210101, "datauttaksdato": "2026-01-01T23:00:58", "farlednavn": "Melsteinfjorden", "farlednummer": 1558, "farledtype": "Hovedled" }, "geometry": { "type": "LineString", "coordinates": [ [ 11.841586690907448, 65.16408350651875 ], [ 11.841901501246809, 65.16452212343367 ], [ 11.85819012169285, 65.187196367650145 ], [ 11.903977238440616, 65.225044668242603 ], [ 11.95170357389237, 65.274840071002245 ], [ 11.973238109193543, 65.294637795404782 ], [ 11.996611638689057, 65.316492881517121 ], [ 12.061518120860748, 65.361253097631078 ] ] } },
{ "type": "Feature", "properties": { "gml_id": "id928ef5f1-c92a-4bf0-86e7-97ae4d08ada7", "lokalid": "ed3bd64a-7da6-4dc3-a225-01ef999dac39", "navnerom": "https://data.geonorge.no/sosi/samferdsel/hovedled_og_biled", "versjonId": 20210101, "datauttaksdato": "2026-01-01T23:00:58", "farlednavn": "Flåvær - Breisundet", "farlednummer": 1532, "farledtype": "Hovedled" }, "geometry": { "type": "LineString", "coordinates": [ [ 5.641223744440435, 62.315287054045314 ], [ 5.658215389748589, 62.315978735770628 ], [ 5.662368239772026, 62.315387018725154 ], [ 5.666912819388894, 62.3174564479841 ], [ 5.676818258887807, 62.31722035926559 ], [ 5.705212625945641, 62.319270374976242 ], [ 5.714721022179965, 62.32001755993754 ], [ 5.723340389010446, 62.319337043475898 ], [ 5.735764317689905, 62.320837575840422 ], [ 5.745709149300348, 62.323124347347836 ], [ 5.745398746767458, 62.328089757224568 ], [ 5.745073818657536, 62.33180366357989 ], [ 5.740668337759502, 62.336895377821932 ], [ 5.751973827597714, 62.348142602503053 ], [ 5.778504006368768, 62.362752885394329 ], [ 5.780615380923955, 62.36391482127803 ], [ 5.795347689247883, 62.37064104118506 ], [ 5.807140418098144, 62.391017525271494 ], [ 5.81255431438422, 62.397178691887021 ], [ 5.839532012823205, 62.423125871338641 ], [ 5.843515459031031, 62.42594252137345 ], [ 5.879177832859204, 62.43081507900326 ], [ 6.036896979906143, 62.452236706055793 ], [ 6.039052495207113, 62.45252803123654 ] ] } },
{ "type": "Feature", "properties": { "gml_id": "id02696b40-3841-4d49-a8a7-0231b9cfa0be", "lokalid": "659246d0-f59f-4392-becd-37839044524e", "navnerom": "https://data.geonorge.no/sosi/samferdsel/hovedled_og_biled", "versjonId": 20210101, "datauttaksdato": "2026-01-01T23:00:58", "farlednavn": "Vanylvsgapet - Vartdalsfjorden", "farlednummer": 1533, "farledtype": "Hovedled" }, "geometry": { "type": "LineString", "coordinates": [ [ 6.039052495207113, 62.45252803123654 ], [ 6.032647172919869, 62.433803976568335 ], [ 6.032603697728431, 62.433676816946949 ], [ 6.03881680696073, 62.428487624527335 ], [ 6.094557465394775, 62.381836042967393 ], [ 6.116797849906308, 62.363173363427101 ], [ 6.117005098962563, 62.362999322715176 ], [ 6.125379111580162, 62.356006725775615 ], [ 6.133017253893111, 62.349530267832868 ], [ 6.133204898712027, 62.349371120539331 ], [ 5.97749513341712, 62.273604656688612 ], [ 5.947514867675672, 62.252929685813683 ], [ 5.908676973845108, 62.22598871789144 ], [ 5.908287449912935, 62.225718224099538 ], [ 5.901347146279785, 62.220801500261253 ], [ 5.901234233484098, 62.220721493730913 ], [ 5.8376367872952, 62.210221799499259 ], [ 5.771274386714886, 62.199227003247699 ], [ 5.641623989300627, 62.183423038195635 ], [ 5.64128569122139, 62.183384926478297 ], [ 5.606542283400858, 62.179465978848725 ], [ 5.59307011185117, 62.182291016375331 ], [ 5.51226203131478, 62.199047820767831 ], [ 5.502148730957838, 62.20114025253546 ], [ 5.50191681994471, 62.201188351895858 ], [ 5.483815279678842, 62.204941026435847 ], [ 5.44908002729915, 62.195537444126799 ] ] } },
{ "type": "Feature", "properties": { "gml_id": "idd7d824d4-0dcc-4386-b847-c3405a74154f", "lokalid": "db328aa4-2ca7-4fb1-975c-c641cb776e63", "navnerom": "https://data.geonorge.no/sosi/samferdsel/hovedled_og_biled", "versjonId": 20210101, "datauttaksdato": "2026-01-01T23:00:58", "farlednavn": "Ferge Stranda - Grovaneset", "farlednummer": 2404, "farledtype": "Biled" }, "geometry": { "type": "LineString", "coordinates": [ [ 6.950234752346548, 62.308600912084451 ], [ 6.967359544891642, 62.308548200198466 ], [ 6.982872425802635, 62.308488190072929 ], [ 7.00330970726483, 62.308406474932966 ] ] } },
{ "type": "Feature", "properties": { "gml_id": "id9abc1cea-b319-421f-8120-2886c74b11d4", "lokalid": "cbc488e6-babd-4384-b423-db2482aa3e7b", "navnerom": "https://data.geonorge.no/sosi/samferdsel/hovedled_og_biled", "versjonId": 20210101, "datauttaksdato": "2026-01-01T23:00:58", "farlednavn": "Øksfjorden - tverrfjord", "farlednummer": 2981, "farledtype": "Biled" }, "geometry": { "type": "LineString", "coordinates": [ [ 22.323029501049099, 70.241041709470394 ], [ 22.27731716938494, 70.228091010257273 ], [ 22.235105508555922, 70.220006247550103 ] ] } },
{ "type": "Feature", "properties": { "gml_id": "id17dc8074-c5d9-4ddf-819e-0fee05198c99", "lokalid": "1b2affcc-91f3-40fa-9714-92868ee725b3", "navnerom": "https://data.geonorge.no/sosi/samferdsel/hovedled_og_biled", "versjonId": 20210101, "datauttaksdato": "2026-01-01T23:00:58", "farlednavn": "Giskesundet", "farlednummer": 2409, "farledtype": "Biled" }, "geometry": { "type": "LineString", "coordinates": [ [ 5.882009513866853, 62.501758273672266 ], [ 5.960858385621974, 62.498835013879614 ], [ 6.05087440530257, 62.489613774848124 ], [ 6.059243195666825, 62.472209256131848 ] ] } },
{ "type": "Feature", "properties": { "gml_id": "ideb621ebe-3473-475d-8d45-59b537116f76", "lokalid": "6d714d1e-c3c7-4dc0-99cf-aca03b1d5e79", "navnerom": "https://data.geonorge.no/sosi/samferdsel/hovedled_og_biled", "versjonId": 20210101, "datauttaksdato": "2026-01-01T23:00:58", "farlednavn": "Rundeleia", "farlednummer": 1528, "farledtype": "Hovedled" }, "geometry": { "type": "LineString", "coordinates": [ [ 4.997725493674057, 62.170798027719883 ], [ 5.190400405794085, 62.355624556808131 ], [ 5.513867588649119, 62.427278410888505 ], [ 5.601685037535439, 62.446545296387249 ], [ 5.64789676498166, 62.447245735385074 ], [ 5.873773194608202, 62.452241485625066 ], [ 5.962629402681933, 62.454245580262558 ], [ 6.039052495207113, 62.45252803123654 ] ] } },
{ "type": "Feature", "properties": { "gml_id": "idfe049dab-75db-447f-936a-c2657de46093", "lokalid": "56198180-be5e-45f1-8ed9-43c742a9cde6", "navnerom": "https://data.geonorge.no/sosi/samferdsel/hovedled_og_biled", "versjonId": 20210101, "datauttaksdato": "2026-01-01T23:00:58", "farlednavn": "Longvafjorden", "farlednummer": 2431, "farledtype": "Biled" }, "geometry": { "type": "LineString", "coordinates": [ [ 6.322417453848152, 62.625026620819519 ], [ 6.236586041690874, 62.672791814615458 ], [ 6.235679224083387, 62.673295323790448 ], [ 6.236787145345443, 62.677514788065189 ] ] } },
{ "type": "Feature", "properties": { "gml_id": "id3dbfa560-2693-441f-b063-7700f8206dee", "lokalid": "1fbfe22a-eced-4142-a7a7-13bf6c099843", "navnerom": "https://data.geonorge.no/sosi/samferdsel/hovedled_og_biled", "versjonId": 20210101, "datauttaksdato": "2026-01-01T23:00:58", "farlednavn": "Vigrafjord - Haramsfjord", "farlednummer": 1537, "farledtype": "Hovedled" }, "geometry": { "type": "LineString", "coordinates": [ [ 6.322417453848152, 62.625026620819519 ], [ 6.28276473694301, 62.623754248702106 ], [ 6.271376210527085, 62.623386715037128 ], [ 6.262838189389227, 62.62379347986608 ], [ 6.243883940840164, 62.624694576149068 ], [ 6.176146775906299, 62.643302328070057 ], [ 6.144924537064112, 62.647676342861494 ], [ 6.128907482191691, 62.645417886497 ], [ 6.10694895628685, 62.62821028483814 ], [ 6.123502527144045, 62.610105213735089 ], [ 6.149953793871965, 62.587021950946806 ], [ 6.163599499317667, 62.570338453099772 ], [ 6.160212916568765, 62.534698995881989 ] ] } },
{ "type": "Feature", "properties": { "gml_id": "idc3930777-1384-4126-bae4-2716f2f2862d", "lokalid": "dcc3c1d7-7f8d-4c23-a5e8-b8c7b69ad03b", "navnerom": "https://data.geonorge.no/sosi/samferdsel/hovedled_og_biled", "versjonId": 20210101, "datauttaksdato": "2026-01-01T23:00:58", "farlednavn": "Harøyfjorden - Saltsteinsleden", "farlednummer": 1538, "farledtype": "Hovedled" }, "geometry": { "type": "LineString", "coordinates": [ [ 6.322417453848152, 62.625026620819519 ], [ 6.394929156823367, 62.640778618407133 ], [ 6.430364675338073, 62.666858914711653 ], [ 6.451412880251755, 62.682325062961475 ], [ 6.456894294091774, 62.686349710048312 ], [ 6.514304173449097, 62.728425825290188 ], [ 6.534076855941906, 62.742793893759114 ], [ 6.55009884695346, 62.754436476922848 ], [ 6.583518999420828, 62.778721652133164 ], [ 6.603578296829761, 62.793305128865747 ], [ 6.620623564271086, 62.805684152877248 ], [ 6.648554987343195, 62.82514402029387 ], [ 6.673384763273744, 62.842417439481167 ], [ 6.731290281019645, 62.883611958322767 ], [ 6.795561577586217, 62.92437354016333 ], [ 6.86900253946269, 62.970780695100792 ] ] } },
{ "type": "Feature", "properties": { "gml_id": "id1e4f713c-28fd-4d6c-8253-0ea2c06ee16e", "lokalid": "a344e389-968e-4980-9191-f3ee6a3da3d7", "navnerom": "https://data.geonorge.no/sosi/samferdsel/hovedled_og_biled", "versjonId": 20210101, "datauttaksdato": "2026-01-01T23:00:58", "farlednavn": "Julsundet", "farlednummer": 1131, "farledtype": "Hovedled" }, "geometry": { "type": "LineString", "coordinates": [ [ 6.966314180981224, 62.700038618402935 ], [ 6.954312594096097, 62.722449861781605 ], [ 6.948225997656797, 62.733801380014718 ], [ 6.958863915677704, 62.775753073906564 ], [ 6.959292075473981, 62.777439403998677 ], [ 6.965289041925255, 62.8026523261439 ], [ 6.970830739642994, 62.825951174529912 ], [ 6.976977659810144, 62.851794554311439 ], [ 6.963051824343984, 62.860259809437032 ], [ 6.951953881805949, 62.867001434025333 ], [ 6.926106992835692, 62.877589666381908 ], [ 6.858631939936024, 62.904373012746959 ], [ 6.851862568337614, 62.946373050564027 ], [ 6.86900253946269, 62.970780695100792 ] ] } },
{ "type": "Feature", "properties": { "gml_id": "ida685dba2-f911-49a1-8d98-faabefe28af5", "lokalid": "fe25d6b0-2f79-4bbd-9803-feafee257870", "navnerom": "https://data.geonorge.no/sosi/samferdsel/hovedled_og_biled", "versjonId": 20210101, "datauttaksdato": "2026-01-01T23:00:58", "farlednavn": "Ferge Hollingsholm - Aukra", "farlednummer": 2461, "farledtype": "Biled" }, "geometry": { "type": "LineString", "coordinates": [ [ 6.972492133673227, 62.776275394709614 ], [ 6.969006245639578, 62.774886520852235 ], [ 6.958863915677704, 62.775753073906564 ], [ 6.958186576539495, 62.775810916831219 ], [ 6.95253769895579, 62.776279970747559 ], [ 6.920270035693245, 62.778954634638325 ], [ 6.918632964212212, 62.779797369771018 ] ] } },
{ "type": "Feature", "properties": { "gml_id": "id2ee5ca87-bbcf-4168-bab5-0267e11e2f35", "lokalid": "0463c28b-f46e-4a0e-809c-31b9d090c895", "navnerom": "https://data.geonorge.no/sosi/samferdsel/hovedled_og_biled", "versjonId": 20210101, "datauttaksdato": "2026-01-01T23:00:58", "farlednavn": "Ferge Støtt", "farlednummer": 2652, "farledtype": "Biled" }, "geometry": { "type": "LineString", "coordinates": [ [ 13.493632309285791, 66.917911586144143 ], [ 13.486031476305824, 66.924775638864105 ], [ 13.45878355510437, 66.935841034783493 ], [ 13.455528630804952, 66.936205475693825 ] ] } },
{ "type": "Feature", "properties": { "gml_id": "idd228ad03-fc47-46a0-8aa7-123ee04e1b3c", "lokalid": "02dab965-6c20-4c57-b52e-64b61604d885", "navnerom": "https://data.geonorge.no/sosi/samferdsel/hovedled_og_biled", "versjonId": 20210101, "datauttaksdato": "2026-01-01T23:00:58", "farlednavn": "Rongevær", "farlednummer": 2267, "farledtype": "Biled" }, "geometry": { "type": "LineString", "coordinates": [ [ 4.774204647091385, 60.855979485576619 ], [ 4.791025257834814, 60.827292937643335 ], [ 4.794934244055081, 60.823736157866826 ], [ 4.792701048317975, 60.811972961932753 ], [ 4.796549301475613, 60.805793668048466 ], [ 4.791280403951987, 60.787339169260669 ], [ 4.791266163648866, 60.78728926874107 ], [ 4.787811206559604, 60.772910573994174 ], [ 4.781845408805602, 60.748057925831354 ] ] } },
{ "type": "Feature", "properties": { "gml_id": "idec83fc3c-0a55-4355-a175-b38dc119352d", "lokalid": "09f149ee-3207-42a2-8732-057faf68c99f", "navnerom": "https://data.geonorge.no/sosi/samferdsel/hovedled_og_biled", "versjonId": 20210101, "datauttaksdato": "2026-01-01T23:00:58", "farlednavn": "Glomfjorden", "farlednummer": 1169, "farledtype": "Hovedled" }, "geometry": { "type": "LineString", "coordinates": [ [ 13.537408433374379, 66.821624952268664 ], [ 13.56947746043237, 66.821345536306438 ], [ 13.569629360024306, 66.82134419689045 ], [ 13.62594098655315, 66.820837752415343 ], [ 13.719697320782013, 66.819950013536726 ], [ 13.757356421259001, 66.817287321516275 ], [ 13.828247755859525, 66.802699785973175 ], [ 13.934282966066382, 66.802435995126601 ], [ 13.941499993640758, 66.807900506398099 ] ] } },
{ "type": "Feature", "properties": { "gml_id": "id556b8e82-6fe0-48fd-adeb-cabe009d1512", "lokalid": "6a87c2bb-b0c4-4b1d-9533-fe165ad29f15", "navnerom": "https://data.geonorge.no/sosi/samferdsel/hovedled_og_biled", "versjonId": 20210101, "datauttaksdato": "2026-01-01T23:00:58", "farlednavn": "Gimsøystraumen", "farlednummer": 2746, "farledtype": "Biled" }, "geometry": { "type": "LineString", "coordinates": [ [ 14.393318010597673, 67.798572582337357 ], [ 14.349647610720048, 67.845586610063236 ], [ 14.286243283644882, 67.913488150325179 ], [ 14.099751183810692, 68.110786549993321 ], [ 14.099780638424479, 68.110825772824796 ], [ 14.169091675676253, 68.20273871409411 ], [ 14.170589068350552, 68.215469302215993 ], [ 14.178561110397101, 68.230205439240081 ], [ 14.246772859105537, 68.262317923929686 ], [ 14.290732117678036, 68.29370048607278 ], [ 14.274696531828532, 68.319633566257082 ], [ 14.273105428598146, 68.324003739561576 ], [ 14.27378706761535, 68.330654943658516 ], [ 14.283379501657059, 68.370173253242811 ], [ 14.22396114597751, 68.411155628084828 ] ] } },
{ "type": "Feature", "properties": { "gml_id": "id8cb866ee-11dc-423c-993d-37d869b2dffd", "lokalid": "3a96bf44-5633-42c2-be93-6822701a63c1", "navnerom": "https://data.geonorge.no/sosi/samferdsel/hovedled_og_biled", "versjonId": 20210101, "datauttaksdato": "2026-01-01T23:00:58", "farlednavn": "Innseilingen Hadselfjorden", "farlednummer": 1185, "farledtype": "Hovedled" }, "geometry": { "type": "LineString", "coordinates": [ [ 13.831478303852808, 68.424912205492674 ], [ 14.188883967686655, 68.443848383000841 ], [ 14.521657086724526, 68.460595754050715 ], [ 14.632956031152295, 68.465073796666303 ], [ 14.761256234635338, 68.470016076048566 ], [ 14.819536566364548, 68.478083432444222 ], [ 14.969169917229332, 68.498677241292683 ], [ 15.086482084935604, 68.535979734099797 ], [ 15.186732170312073, 68.578232974994478 ] ] } },
{ "type": "Feature", "properties": { "gml_id": "idb128a56e-f023-4a3a-9af8-25693d8815e7", "lokalid": "b7834318-df5e-40b9-a086-5ae214f6aee3", "navnerom": "https://data.geonorge.no/sosi/samferdsel/hovedled_og_biled", "versjonId": 20210101, "datauttaksdato": "2026-01-01T23:00:58", "farlednavn": "Halsafjord - Surnadalsfjord", "farlednummer": 2480, "farledtype": "Biled" }, "geometry": { "type": "LineString", "coordinates": [ [ 8.100185900722069, 63.136204552835572 ], [ 8.178999033534076, 63.060949529097009 ], [ 8.214365060221693, 63.02703411139084 ], [ 8.359898257869165, 62.963506332780341 ], [ 8.506381472829787, 62.96326584599467 ], [ 8.633850008899996, 62.981817505467987 ] ] } },
{ "type": "Feature", "properties": { "gml_id": "id4711e441-f58b-432d-9d46-ba95cfd25d01", "lokalid": "b8c00269-74e6-4d5b-8f38-7037ab640697", "navnerom": "https://data.geonorge.no/sosi/samferdsel/hovedled_og_biled", "versjonId": 20210101, "datauttaksdato": "2026-01-01T23:00:58", "farlednavn": "Lauvøyfjorden - Kornstadfjord", "farlednummer": 2465, "farledtype": "Biled" }, "geometry": { "type": "LineString", "coordinates": [ [ 7.24030129190906, 63.055130097564344 ], [ 7.265980950507374, 63.04043782595442 ], [ 7.299590145923814, 63.021178526888896 ], [ 7.333237324270812, 63.019967454014136 ], [ 7.351448529546031, 63.021753585960504 ], [ 7.355848142611856, 63.01521340550196 ], [ 7.343995714429066, 62.992578618367247 ], [ 7.341848412057277, 62.980550788256856 ], [ 7.363023551450767, 62.973259067839095 ], [ 7.410681170114685, 62.963603488843354 ] ] } },
{ "type": "Feature", "properties": { "gml_id": "id549afe57-3710-4afa-90dc-acf1357d2aa2", "lokalid": "ecb428ad-a01e-4956-8cc7-4c84e6386f31", "navnerom": "https://data.geonorge.no/sosi/samferdsel/hovedled_og_biled", "versjonId": 20210101, "datauttaksdato": "2026-01-01T23:00:58", "farlednavn": "Sundalsfjorden", "farlednummer": 2474, "farledtype": "Biled" }, "geometry": { "type": "LineString", "coordinates": [ [ 7.782743770076088, 63.161199832339733 ], [ 7.782756238410548, 63.161196496117 ], [ 7.833130251476661, 63.147703258106013 ], [ 7.833501219296688, 63.147603775371742 ], [ 7.870542743703343, 63.137661882077772 ], [ 7.89321563715845, 63.120230413820074 ], [ 7.900442090336338, 63.114669224536861 ], [ 7.922912176977913, 63.097389684088355 ], [ 7.906231585722658, 63.06080077778487 ], [ 7.825356709688852, 63.016156341727552 ], [ 7.77366496710807, 63.00272302208149 ], [ 7.76950667895425, 62.977003573192114 ], [ 7.779082735492921, 62.970954121072666 ], [ 7.80116501021404, 62.96451467940993 ], [ 7.812542782027573, 62.961986844930053 ], [ 7.862330887340542, 62.966208355927321 ], [ 7.998281762036432, 62.979648015249445 ], [ 8.048109514315989, 62.966109076015151 ], [ 8.109384365789587, 62.934386904341416 ], [ 8.129709338324483, 62.922700798200239 ], [ 8.124915034406422, 62.904753520652726 ], [ 8.147173371618875, 62.85224248573396 ], [ 8.186714964849298, 62.82377579180708 ], [ 8.188678860832853, 62.823201178907688 ], [ 8.240484499731208, 62.802313105246064 ], [ 8.292062205293556, 62.798425870918791 ], [ 8.382041318587822, 62.764722683782985 ], [ 8.419259419376875, 62.746891001617641 ], [ 8.472815129515711, 62.736983212227315 ], [ 8.506645832607798, 62.730718260343686 ], [ 8.552306627112392, 62.685645201119883 ] ] } },
{ "type": "Feature", "properties": { "gml_id": "idb406aa66-c7ac-46b3-b030-1160be399f37", "lokalid": "d6588d15-8787-4732-951b-c855bb716ac9", "navnerom": "https://data.geonorge.no/sosi/samferdsel/hovedled_og_biled", "versjonId": 20210101, "datauttaksdato": "2026-01-01T23:00:58", "farlednavn": "Ferge: Hennset - Arasvik", "farlednummer": 2478, "farledtype": "Biled" }, "geometry": { "type": "LineString", "coordinates": [ [ 8.436966826951521, 63.136972303735504 ], [ 8.435840662713392, 63.149655286736646 ], [ 8.435386478155817, 63.154098970025707 ], [ 8.43480439189076, 63.159791450847102 ], [ 8.434800399675719, 63.162594805278133 ], [ 8.434911265772687, 63.16423095503999 ] ] } },
{ "type": "Feature", "properties": { "gml_id": "idbc66e7e5-1056-449f-836f-82d447dc1b7c", "lokalid": "d96a0f6c-84ee-4b0c-88c5-86587d9ff752", "navnerom": "https://data.geonorge.no/sosi/samferdsel/hovedled_og_biled", "versjonId": 20210101, "datauttaksdato": "2026-01-01T23:00:58", "farlednavn": "Trondheimsleden", "farlednummer": 1543, "farledtype": "Hovedled" }, "geometry": { "type": "LineString", "coordinates": [ [ 7.837625494000078, 63.195974966498305 ], [ 8.07166903840972, 63.253248050577994 ], [ 8.073151535242276, 63.253608905271498 ], [ 8.14600872514508, 63.271313227757609 ], [ 8.158416577875451, 63.274322518453452 ], [ 8.158609423140438, 63.27436927606194 ], [ 8.232850952078682, 63.29233966794169 ], [ 8.246808740829222, 63.295711438332539 ], [ 8.325620464851422, 63.33623408297872 ], [ 8.355217895382733, 63.34852250039625 ], [ 8.394023168974655, 63.364609049861613 ], [ 8.571914874733514, 63.406386828272517 ], [ 8.670110532854894, 63.428950097665684 ], [ 8.700316765402356, 63.435870327798376 ], [ 8.706820452108451, 63.437359057311525 ], [ 8.879823085524235, 63.463606263136775 ] ] } },
{ "type": "Feature", "properties": { "gml_id": "id0c761b3f-2159-478b-9e74-f0ec92fa3920", "lokalid": "ea1f358e-fc9d-4868-8548-db8e2cc30b3a", "navnerom": "https://data.geonorge.no/sosi/samferdsel/hovedled_og_biled", "versjonId": 20210101, "datauttaksdato": "2026-01-01T23:00:58", "farlednavn": "Hurtigbåt Namsos - Rørvik", "farlednummer": 2553, "farledtype": "Biled" }, "geometry": { "type": "LineString", "coordinates": [ [ 11.174897890895505, 64.731154126090843 ], [ 11.176351943108793, 64.733032191383231 ], [ 11.177693821080169, 64.73556804066628 ], [ 11.179433786870263, 64.738347018476802 ] ] } },
{ "type": "Feature", "properties": { "gml_id": "idc01948bc-c7d7-4b98-a63c-a8b9642aea01", "lokalid": "e9167ef2-63d6-4f4b-a51a-0885a2e962d9", "navnerom": "https://data.geonorge.no/sosi/samferdsel/hovedled_og_biled", "versjonId": 20210101, "datauttaksdato": "2026-01-01T23:00:58", "farlednavn": "Folla - Nærøysund", "farlednummer": 1551, "farledtype": "Hovedled" }, "geometry": { "type": "LineString", "coordinates": [ [ 10.438926487810264, 64.510653293167167 ], [ 10.587038240654493, 64.578004820252659 ], [ 10.753638694147623, 64.653763797649745 ], [ 10.895853364575075, 64.718433717508844 ], [ 10.97670041292135, 64.742717104131827 ], [ 10.99501722052581, 64.747855950352601 ], [ 11.105525265322079, 64.799173439832771 ], [ 11.130269145292644, 64.810626327565203 ], [ 11.215404067688961, 64.849926917773814 ], [ 11.233564409860582, 64.857619867309467 ], [ 11.253135279231211, 64.859619077286268 ], [ 11.267617798108924, 64.861096656608552 ], [ 11.287889275023669, 64.875980960899383 ], [ 11.316226076399357, 64.889044782405989 ], [ 11.352027481157997, 64.905524283707962 ] ] } },
{ "type": "Feature", "properties": { "gml_id": "id19b5657f-94a2-4b58-b4ea-9c890ebec4da", "lokalid": "92d69a9b-5a7c-41cb-b8b5-46af60ad65a9", "navnerom": "https://data.geonorge.no/sosi/samferdsel/hovedled_og_biled", "versjonId": 20210101, "datauttaksdato": "2026-01-01T23:00:58", "farlednavn": "Dalsfjorden", "farlednummer": 2321, "farledtype": "Biled" }, "geometry": { "type": "LineString", "coordinates": [ [ 5.974704592212047, 62.163999056228036 ], [ 5.970223411770954, 62.159774222546908 ], [ 5.953989270526831, 62.144458094563547 ], [ 5.951354608449825, 62.131128871718523 ], [ 5.956237614013538, 62.119132252267747 ], [ 5.951878970675066, 62.10389547217104 ], [ 5.923507069442126, 62.075600439927427 ], [ 5.856582162553256, 62.015631188231978 ] ] } },
{ "type": "Feature", "properties": { "gml_id": "idf8bb1fca-bc93-4970-88a4-fe4c27a82fc2", "lokalid": "084b5be4-e53a-48d3-9f7f-a69cb2146e61", "navnerom": "https://data.geonorge.no/sosi/samferdsel/hovedled_og_biled", "versjonId": 20210101, "datauttaksdato": "2026-01-01T23:00:58", "farlednavn": "Taraldskjær - Risør", "farlednummer": 2072, "farledtype": "Biled" }, "geometry": { "type": "LineString", "coordinates": [ [ 9.254296457609152, 58.695773901690565 ], [ 9.232265013917718, 58.697430070879705 ], [ 9.230563703511194, 58.70601059459667 ], [ 9.233374564963889, 58.71067070587241 ], [ 9.244034370973992, 58.716518770941988 ] ] } },
{ "type": "Feature", "properties": { "gml_id": "idcc316341-fecb-442b-a9ae-b9fff5caa6a5", "lokalid": "ae83b587-6cd8-4420-964a-ea80c863e200", "navnerom": "https://data.geonorge.no/sosi/samferdsel/hovedled_og_biled", "versjonId": 20210101, "datauttaksdato": "2026-01-01T23:00:58", "farlednavn": "Brønnøysundet", "farlednummer": 1157, "farledtype": "Hovedled" }, "geometry": { "type": "LineString", "coordinates": [ [ 12.061518120860748, 65.361253097631078 ], [ 12.117227182866012, 65.392524536420652 ], [ 12.133972550045138, 65.401905872964576 ], [ 12.155705605222479, 65.433107823656457 ], [ 12.158608663357718, 65.442951631659454 ], [ 12.186206023983084, 65.463363433877092 ], [ 12.190992019758179, 65.466722519526115 ], [ 12.197075459177952, 65.469037400184149 ], [ 12.205342774747296, 65.473850541618788 ], [ 12.208871791829866, 65.476197336131222 ], [ 12.211744891929209, 65.478296258987797 ], [ 12.211806063097095, 65.479929897675817 ], [ 12.201796376946081, 65.490851590014742 ], [ 12.194119255625697, 65.496537468784666 ], [ 12.198355525331268, 65.509539414054956 ], [ 12.199883975074044, 65.514227424779421 ], [ 12.202384030043483, 65.521891979061991 ], [ 12.20318191040464, 65.528839569300061 ], [ 12.206011849679888, 65.553454457568108 ], [ 12.205648929245205, 65.606258474780674 ] ] } },
{ "type": "Feature", "properties": { "gml_id": "id2b937d2a-4b48-482c-b461-78802d52b6df", "lokalid": "581c7c93-3781-45ec-ad1f-8ffa4973ec4b", "navnerom": "https://data.geonorge.no/sosi/samferdsel/hovedled_og_biled", "versjonId": 20210101, "datauttaksdato": "2026-01-01T23:00:58", "farlednavn": "Meløysundet", "farlednummer": 1571, "farledtype": "Hovedled" }, "geometry": { "type": "LineString", "coordinates": [ [ 13.223032598890081, 66.761775557719048 ], [ 13.340694578240532, 66.792958370930464 ], [ 13.389344240042986, 66.800076940612286 ], [ 13.49821396608125, 66.815938067851363 ], [ 13.537408433374379, 66.821624952268664 ], [ 13.560233386290347, 66.828516646025889 ], [ 13.560247011442881, 66.828528357243599 ], [ 13.567073569281742, 66.834394230319518 ], [ 13.583291793888334, 66.839244437871272 ], [ 13.563642082745693, 66.858266620588296 ], [ 13.517837633212666, 66.897326410141659 ], [ 13.493632309285791, 66.917911586144143 ] ] } },
{ "type": "Feature", "properties": { "gml_id": "id63c8a2bd-2d5f-48b2-8218-98227a94f7b7", "lokalid": "baaabe83-45cb-46d3-a007-fbbc24fb50c3", "navnerom": "https://data.geonorge.no/sosi/samferdsel/hovedled_og_biled", "versjonId": 20210101, "datauttaksdato": "2026-01-01T23:00:58", "farlednavn": "Smørfjord", "farlednummer": 2995, "farledtype": "Biled" }, "geometry": { "type": "LineString", "coordinates": [ [ 25.218161844562076, 70.552390721006361 ], [ 25.54159383786919, 70.484922438260512 ], [ 25.541780643451254, 70.484883176017632 ] ] } },
{ "type": "Feature", "properties": { "gml_id": "id428ee6cd-5882-41a3-b46a-cbd81d113a60", "lokalid": "6419c70b-fe52-41c7-81dc-a4133cc6477b", "navnerom": "https://data.geonorge.no/sosi/samferdsel/hovedled_og_biled", "versjonId": 20210101, "datauttaksdato": "2026-01-01T23:00:58", "farlednavn": "Alternativ ferge Vestfjorden", "farlednummer": 2705, "farledtype": "Biled" }, "geometry": { "type": "LineString", "coordinates": [ [ 14.550091627186035, 68.213150103092332 ], [ 14.55738187650025, 68.210000491889701 ], [ 14.641114003804502, 68.173740331831013 ], [ 14.643687273785236, 68.16985261815924 ], [ 14.644008389188718, 68.1621522932478 ], [ 14.649049184331785, 68.160015411931823 ], [ 14.64633245619668, 68.158509287263399 ], [ 14.645397929049349, 68.156406799781067 ], [ 14.646952723402611, 68.154849754141907 ], [ 14.651725983604923, 68.153311201859069 ], [ 14.655678147469246, 68.150823216442689 ], [ 14.664779526947367, 68.149283212848545 ], [ 14.745468646945831, 68.13559924059544 ], [ 14.787525951940996, 68.128444722298269 ], [ 15.033361807783981, 68.086321014428805 ], [ 15.120911220751482, 68.071193790784093 ], [ 15.238294155975941, 68.050807683511422 ] ] } },
{ "type": "Feature", "properties": { "gml_id": "id8a8661b5-345a-443a-b963-65d8a56c3be3", "lokalid": "bc5c675f-6389-4d3c-bad5-f6f0995dee6e", "navnerom": "https://data.geonorge.no/sosi/samferdsel/hovedled_og_biled", "versjonId": 20210101, "datauttaksdato": "2026-01-01T23:00:58", "farlednavn": "Alsfjorden - Rødøyfjorden", "farlednummer": 1566, "farledtype": "Hovedled" }, "geometry": { "type": "LineString", "coordinates": [ [ 12.205648929245205, 65.606258474780674 ], [ 12.222865644799791, 65.630785436116398 ], [ 12.30521739471282, 65.747449390942478 ], [ 12.312340773384737, 65.757490142942487 ], [ 12.356522868431966, 65.819588149113244 ], [ 12.365564553705997, 65.845058766116338 ], [ 12.381250169981939, 65.864687550781937 ], [ 12.366556490974734, 65.889140467325177 ], [ 12.3688742424336, 65.909015181845589 ], [ 12.405064987491427, 65.934411929585778 ], [ 12.408211288804683, 65.936617076144657 ], [ 12.491274453963758, 65.994674303850005 ], [ 12.578326451547323, 66.029914626954479 ], [ 12.615791574784311, 66.052482161157954 ], [ 12.626904650804558, 66.059166866301695 ], [ 12.649421448643391, 66.072697970149534 ], [ 12.657009610383986, 66.075862514532574 ], [ 12.793709566642354, 66.132674018092132 ], [ 12.793904918618965, 66.132770540488664 ], [ 12.826857278103116, 66.149038074523858 ], [ 12.829625212495865, 66.155861963868503 ], [ 12.836551769820558, 66.172922275106913 ], [ 12.857095892778032, 66.192937437013171 ], [ 12.896206383803996, 66.230946769789497 ], [ 12.898174001063653, 66.2328557330991 ], [ 12.92012302155088, 66.25412938293104 ], [ 12.952210291896252, 66.33073008107273 ], [ 12.952503106967068, 66.331426972708414 ], [ 12.95994764376031, 66.349131818784784 ], [ 12.988149697318976, 66.415977911548651 ], [ 12.992378505424659, 66.477430770952623 ], [ 12.993190158175683, 66.489194922166092 ], [ 12.982783922287316, 66.498485960012715 ], [ 12.946986426401123, 66.530388596773363 ], [ 12.956707124704408, 66.538945582647543 ], [ 13.061907726656312, 66.553698334706084 ], [ 13.082066508709651, 66.562850604922403 ], [ 13.085739769195071, 66.573756051929422 ], [ 13.068201134305641, 66.606964494562249 ], [ 13.080767642310432, 66.625995592132313 ], [ 13.10665489026181, 66.647020404285257 ], [ 13.116528500645874, 66.655028977948348 ], [ 13.117494944289321, 66.656002077470831 ], [ 13.185335918207652, 66.724106078806244 ], [ 13.223032598890081, 66.761775557719048 ] ] } },
{ "type": "Feature", "properties": { "gml_id": "id7f9ea13c-7900-4b32-8f9d-d23f6b93848d", "lokalid": "57bbd55d-a3fa-40b0-ae5a-3fb3cd41bd1a", "navnerom": "https://data.geonorge.no/sosi/samferdsel/hovedled_og_biled", "versjonId": 20210101, "datauttaksdato": "2026-01-01T23:00:58", "farlednavn": "Vefsnfjorden", "farlednummer": 1160, "farledtype": "Hovedled" }, "geometry": { "type": "LineString", "coordinates": [ [ 12.30521739471282, 65.747449390942478 ], [ 12.469233688651661, 65.810738325215382 ], [ 12.48300953985491, 65.816031996519257 ], [ 12.607622493920969, 65.899466846322682 ], [ 12.673925142751859, 65.933714063749207 ], [ 12.843950517490619, 65.979767720611406 ], [ 12.87745038648675, 65.977212724196335 ], [ 12.895154766607815, 65.967709701851632 ], [ 13.133705682124662, 65.900291836933135 ], [ 13.146576662158539, 65.883635710108237 ], [ 13.172277979907351, 65.86165282694526 ] ] } },
{ "type": "Feature", "properties": { "gml_id": "id48f80c3f-f1f2-4e79-b022-90d644cd14ac", "lokalid": "c6cec9b2-4bd4-40b7-9342-d33aa6b725d6", "navnerom": "https://data.geonorge.no/sosi/samferdsel/hovedled_og_biled", "versjonId": 20210101, "datauttaksdato": "2026-01-01T23:00:58", "farlednavn": "Leirfjorden - Vefsnsundet", "farlednummer": 1161, "farledtype": "Hovedled" }, "geometry": { "type": "LineString", "coordinates": [ [ 12.578326451547323, 66.029914626954479 ], [ 12.637457703193437, 66.028731370211759 ], [ 12.638565074031584, 66.02870899308796 ], [ 12.65422403077833, 66.028391714958858 ], [ 12.773688847080262, 66.045590179902987 ], [ 12.923579561848502, 66.044771118010445 ], [ 12.931228513180445, 66.041335776854282 ], [ 12.935099002903083, 66.02063178627445 ], [ 12.93995836167657, 66.00743515023072 ], [ 12.929699453403602, 66.000609527787049 ], [ 12.893972815711134, 65.986119857533623 ], [ 12.87745038648675, 65.977212724196335 ] ] } },
{ "type": "Feature", "properties": { "gml_id": "id181fd680-049d-4d46-9dd2-b23f27105881", "lokalid": "271c3804-c645-4c7f-bb18-14db9c4b7547", "navnerom": "https://data.geonorge.no/sosi/samferdsel/hovedled_og_biled", "versjonId": 20210101, "datauttaksdato": "2026-01-01T23:00:58", "farlednavn": "Vestfjorden - Ofotfjorden", "farlednummer": 1174, "farledtype": "Hovedled" }, "geometry": { "type": "LineString", "coordinates": [ [ 11.975732564509899, 67.339882104573618 ], [ 12.387847374532262, 67.4466774880853 ], [ 12.945745093963669, 67.588094074149936 ], [ 13.435663356659319, 67.709342375547124 ], [ 13.519246908842717, 67.72975806111576 ], [ 14.087206297495737, 67.866430507039041 ], [ 14.286243283644882, 67.913488150325179 ], [ 14.414440579664589, 67.943569746219509 ], [ 14.515788987930142, 67.96722567537573 ], [ 14.637705919989852, 67.995536304117095 ], [ 15.033361807783981, 68.086321014428805 ], [ 15.065018271958944, 68.093513109668592 ], [ 15.594792883020457, 68.212318372074222 ] ] } },
{ "type": "Feature", "properties": { "gml_id": "id6105e8fd-33e3-4520-9179-6a7c103a211f", "lokalid": "63f2c8ee-d555-487a-bc10-2bbe1273955d", "navnerom": "https://data.geonorge.no/sosi/samferdsel/hovedled_og_biled", "versjonId": 20210101, "datauttaksdato": "2026-01-01T23:00:58", "farlednavn": "Måløy Skarholmen - Moldøra", "farlednummer": 1181, "farledtype": "Hovedled" }, "geometry": { "type": "LineString", "coordinates": [ [ 14.889054100223918, 68.217571608885507 ], [ 14.816691983366987, 68.154125530046073 ], [ 14.801568500632461, 68.140817045168774 ], [ 14.787525951940996, 68.128444722298269 ], [ 14.637705919989852, 67.995536304117095 ], [ 14.507744269579328, 67.878884944611769 ] ] } },
{ "type": "Feature", "properties": { "gml_id": "id26a00a58-d86c-42d8-a656-fffa879a6971", "lokalid": "85392a4c-874b-4d46-a4e4-bf83dcde49ce", "navnerom": "https://data.geonorge.no/sosi/samferdsel/hovedled_og_biled", "versjonId": 20210101, "datauttaksdato": "2026-01-01T23:00:58", "farlednavn": "Innseilingen Støttvær", "farlednummer": 2651, "farledtype": "Biled" }, "geometry": { "type": "LineString", "coordinates": [ [ 13.424650551370254, 67.067952828910336 ], [ 13.341665388294043, 66.955747717495584 ], [ 13.328232196766228, 66.876463621043925 ], [ 13.328212874851729, 66.876349224782601 ] ] } },
{ "type": "Feature", "properties": { "gml_id": "idc854be48-3b97-4e0b-98b4-5b271026e84f", "lokalid": "bc5c65ba-25f8-4422-ad88-ab03232ac44d", "navnerom": "https://data.geonorge.no/sosi/samferdsel/hovedled_og_biled", "versjonId": 20210101, "datauttaksdato": "2026-01-01T23:00:58", "farlednavn": "Innseilingen Fugløyvær", "farlednummer": 2652, "farledtype": "Biled" }, "geometry": { "type": "LineString", "coordinates": [ [ 13.517928483104139, 67.083372460804085 ], [ 13.494656206459181, 66.982869711540602 ], [ 13.483220769808064, 66.957542839403033 ] ] } },
{ "type": "Feature", "properties": { "gml_id": "idb6c49a22-06f7-4d3f-bacd-5de68afec393", "lokalid": "aa807439-ae28-4140-9fd6-e15960951938", "navnerom": "https://data.geonorge.no/sosi/samferdsel/hovedled_og_biled", "versjonId": 20210101, "datauttaksdato": "2026-01-01T23:00:58", "farlednavn": "Landegode - Svolvær", "farlednummer": 2699, "farledtype": "Biled" }, "geometry": { "type": "LineString", "coordinates": [ [ 14.492860770315332, 67.379940993058057 ], [ 14.51763548555253, 67.452199069004223 ], [ 14.526610344670797, 67.47826691174032 ], [ 14.538951466384804, 67.514018643516422 ], [ 14.533752089736339, 67.526862489738576 ], [ 14.539435649825437, 67.543401120729357 ], [ 14.549072321788234, 67.556909422019331 ], [ 14.530671796886541, 67.62065732661209 ], [ 14.509501430070138, 67.693572234024344 ], [ 14.514455247011615, 67.720500119025886 ], [ 14.514042454144485, 67.765852169578508 ], [ 14.519741716751804, 67.7831131549502 ], [ 14.507484136724001, 67.789302695810804 ], [ 14.512937987006898, 67.798209132181341 ], [ 14.507744269579328, 67.878884944611769 ], [ 14.515788987930142, 67.96722567537573 ], [ 14.529408384463942, 68.115290388517209 ] ] } },
{ "type": "Feature", "properties": { "gml_id": "id28eccb08-fea2-4744-8b38-8a5814093e44", "lokalid": "6101f5b6-b294-4f37-9738-fce6471785a6", "navnerom": "https://data.geonorge.no/sosi/samferdsel/hovedled_og_biled", "versjonId": 20210101, "datauttaksdato": "2026-01-01T23:00:58", "farlednavn": "Ramsundet", "farlednummer": 2730, "farledtype": "Biled" }, "geometry": { "type": "LineString", "coordinates": [ [ 16.455797741991944, 68.416352260569809 ], [ 16.522062518856874, 68.468228402384923 ], [ 16.52177154534483, 68.475574725389833 ], [ 16.50873630250636, 68.487623132625956 ], [ 16.478579639081644, 68.498662726396361 ], [ 16.457068990683837, 68.502350520365496 ], [ 16.444265418883091, 68.509690297394485 ], [ 16.45442143016605, 68.513748052418052 ], [ 16.460433234516501, 68.519183728940376 ], [ 16.463857601695228, 68.522278654451455 ], [ 16.464049809477068, 68.527292135851056 ], [ 16.45677644508628, 68.531503660137659 ], [ 16.436758324538921, 68.534226324778601 ], [ 16.430123188723961, 68.536584766069538 ], [ 16.427247858304963, 68.538776674998402 ], [ 16.41938558966439, 68.5425058589489 ], [ 16.423511363586361, 68.543480733288931 ], [ 16.429546346321235, 68.546366343635384 ] ] } },
{ "type": "Feature", "properties": { "gml_id": "id35484c98-7a42-440b-80a7-6ada58fdc71b", "lokalid": "6739979c-e90d-4534-8e5d-b18687512b0a", "navnerom": "https://data.geonorge.no/sosi/samferdsel/hovedled_og_biled", "versjonId": 20210101, "datauttaksdato": "2026-01-01T23:00:58", "farlednavn": "Hemnesberget - Leirvik", "farlednummer": 2613, "farledtype": "Biled" }, "geometry": { "type": "LineString", "coordinates": [ [ 13.600340044287114, 66.223527015383311 ], [ 13.580137289126837, 66.205867995105351 ], [ 13.555897280100641, 66.202364308004761 ], [ 13.53196734925546, 66.195825590176383 ], [ 13.527681816137907, 66.194981515923146 ], [ 13.506953560992701, 66.19295167762354 ], [ 13.502594715630909, 66.193592527042924 ] ] } },
{ "type": "Feature", "properties": { "gml_id": "id62c5106e-63ec-42ab-896d-9f16f3c939d4", "lokalid": "c0760dd9-b75a-4896-be80-5aa7e8acbf47", "navnerom": "https://data.geonorge.no/sosi/samferdsel/hovedled_og_biled", "versjonId": 20210101, "datauttaksdato": "2026-01-01T23:00:58", "farlednavn": "Store Molla - Lødingen", "farlednummer": 2764, "farledtype": "Biled" }, "geometry": { "type": "LineString", "coordinates": [ [ 14.903727093944928, 68.22837384632507 ], [ 14.905141794808598, 68.228757972526509 ], [ 14.984892508664331, 68.250371994586345 ], [ 15.100647555686111, 68.286487992642037 ], [ 15.154527087214255, 68.303383277013666 ], [ 15.288834274107465, 68.344787832078339 ], [ 15.294668375620292, 68.345221896083771 ], [ 15.314465348110284, 68.343473526043951 ], [ 15.332834979723076, 68.341848870515179 ], [ 15.413804449363809, 68.334660857185554 ], [ 15.506458132251666, 68.320382343712268 ], [ 15.523244967492799, 68.31118203742605 ], [ 15.543034962283365, 68.307388572211721 ], [ 15.661579586030911, 68.29449966380119 ], [ 15.954079023936472, 68.354317009323623 ] ] } },
{ "type": "Feature", "properties": { "gml_id": "idf9e4852a-7b7e-47da-a911-43d64700b1f4", "lokalid": "33dca1ac-20c2-4c97-b3cf-b6cfbd9c0d51", "navnerom": "https://data.geonorge.no/sosi/samferdsel/hovedled_og_biled", "versjonId": 20210101, "datauttaksdato": "2026-01-01T23:00:58", "farlednavn": "Ferge Sund - SørArnøy", "farlednummer": 2657, "farledtype": "Biled" }, "geometry": { "type": "LineString", "coordinates": [ [ 14.066429508962555, 67.072688779626361 ], [ 14.068154899404657, 67.072783149816502 ], [ 14.069360111849205, 67.07563854192081 ], [ 14.062409765055119, 67.081579398411705 ], [ 14.05323943134252, 67.088133450100031 ], [ 14.051097586941998, 67.089869882563107 ], [ 14.04753036273404, 67.087410585582361 ], [ 14.039676999203527, 67.084801889607618 ], [ 14.022684188642842, 67.082812369280632 ], [ 13.996565275530797, 67.087487182236998 ], [ 13.97946316531007, 67.095931144909486 ], [ 13.978764484777123, 67.106986103605465 ], [ 13.978132298608195, 67.116979725241706 ], [ 13.976189721888572, 67.127618306074993 ], [ 13.972776187137992, 67.130495346914827 ] ] } },
{ "type": "Feature", "properties": { "gml_id": "idbce2b77e-7ac7-4fab-bb39-374caa3aea19", "lokalid": "2c07d036-e25c-49ac-836a-0be318462b82", "navnerom": "https://data.geonorge.no/sosi/samferdsel/hovedled_og_biled", "versjonId": 20210101, "datauttaksdato": "2026-01-01T23:00:58", "farlednavn": "ferge Meløy sør", "farlednummer": 2648, "farledtype": "Biled" }, "geometry": { "type": "LineString", "coordinates": [ [ 13.656606337863119, 66.831638732970788 ], [ 13.62594098655315, 66.820837752415343 ], [ 13.587831223520379, 66.807393178230953 ], [ 13.569629360024306, 66.82134419689045 ], [ 13.569607271122234, 66.821361115891108 ], [ 13.560247011442881, 66.828528357243599 ], [ 13.55674022260448, 66.831212312455619 ] ] } },
{ "type": "Feature", "properties": { "gml_id": "id57462643-faf4-45e0-b263-3cc43916493b", "lokalid": "3632c930-9c61-4cf0-b79a-5226c9fc8d76", "navnerom": "https://data.geonorge.no/sosi/samferdsel/hovedled_og_biled", "versjonId": 20210101, "datauttaksdato": "2026-01-01T23:00:58", "farlednavn": "ferge Onøy - Lovund", "farlednummer": 2614, "farledtype": "Biled" }, "geometry": { "type": "LineString", "coordinates": [ [ 12.629245783294829, 66.385159303472292 ], [ 12.656011357684225, 66.371669028198298 ], [ 12.699287547398274, 66.384866617337735 ], [ 12.749251516377846, 66.387713214945023 ], [ 12.807403743922777, 66.391005368310246 ] ] } },
{ "type": "Feature", "properties": { "gml_id": "id7458fdcc-7c7c-4cfc-a38c-8cdd3645a3f2", "lokalid": "a1dfe7e7-589e-497a-b1f6-b0e368e98c33", "navnerom": "https://data.geonorge.no/sosi/samferdsel/hovedled_og_biled", "versjonId": 20210101, "datauttaksdato": "2026-01-01T23:00:58", "farlednavn": "Kranfjorden", "farlednummer": 2073, "farledtype": "Biled" }, "geometry": { "type": "LineString", "coordinates": [ [ 9.25795292531647, 58.732928458673015 ], [ 9.238332752863528, 58.731737516917633 ], [ 9.231654708589362, 58.730326051339333 ], [ 9.225780996794123, 58.728298378680989 ], [ 9.220749535555511, 58.727298192471928 ], [ 9.217354560326553, 58.726197821488533 ] ] } },
{ "type": "Feature", "properties": { "gml_id": "id3fd039e9-3153-4ac4-9457-3b080e1e2ccf", "lokalid": "06218ffb-8904-49a7-82d8-f19d8901edb0", "navnerom": "https://data.geonorge.no/sosi/samferdsel/hovedled_og_biled", "versjonId": 20210101, "datauttaksdato": "2026-01-01T23:00:58", "farlednavn": "Midtsundet", "farlednummer": 2450, "farledtype": "Biled" }, "geometry": { "type": "LineString", "coordinates": [ [ 6.534076855941906, 62.742793893759114 ], [ 6.650513948869093, 62.707309773741656 ] ] } },
{ "type": "Feature", "properties": { "gml_id": "idf600cc7c-206e-400a-9611-709e4063c749", "lokalid": "3fd876a6-fbff-4248-aec3-4663045874e3", "navnerom": "https://data.geonorge.no/sosi/samferdsel/hovedled_og_biled", "versjonId": 20210101, "datauttaksdato": "2026-01-01T23:00:58", "farlednavn": "Østregapet - Lyngørleia - Bonden", "farlednummer": 2074, "farledtype": "Biled" }, "geometry": { "type": "LineString", "coordinates": [ [ 8.960615040367397, 58.518923723156028 ], [ 8.989116014178775, 58.535376323435358 ], [ 8.999056519928013, 58.552492740378298 ], [ 9.00009631367892, 58.553281305666843 ], [ 9.009257212774461, 58.560226954781065 ], [ 9.019586756147035, 58.566353442871325 ], [ 9.023091589723645, 58.568272215296744 ], [ 9.024668991061496, 58.578232475202974 ], [ 9.025713243790387, 58.580672328167942 ], [ 9.038678603933487, 58.595703595749356 ], [ 9.044306423697366, 58.607030474960489 ], [ 9.068171231427408, 58.618214877423696 ], [ 9.06977234211063, 58.619469168799419 ], [ 9.070396795460498, 58.62067437051158 ], [ 9.072445525864731, 58.621563074995564 ], [ 9.098376242729488, 58.631678904115986 ], [ 9.11903533097775, 58.638304059183255 ], [ 9.125874202247738, 58.640227491863769 ], [ 9.130288658399939, 58.642197128823 ], [ 9.140109503616001, 58.643662983058114 ], [ 9.148441757827468, 58.644905971317719 ], [ 9.16944825362626, 58.648467067036016 ], [ 9.187590254095783, 58.651551206241571 ], [ 9.203368068428913, 58.654197475520505 ], [ 9.243953423934293, 58.666954197181013 ], [ 9.262080368934424, 58.686698550943326 ] ] } },
{ "type": "Feature", "properties": { "gml_id": "id8628501c-4abc-408e-9975-0ccabc17c7ae", "lokalid": "9c5de9f2-b21f-4918-80fa-dc8c090a8465", "navnerom": "https://data.geonorge.no/sosi/samferdsel/hovedled_og_biled", "versjonId": 20210101, "datauttaksdato": "2026-01-01T23:00:58", "farlednavn": "Stangholmgapet - Risør", "farlednummer": 2070, "farledtype": "Biled" }, "geometry": { "type": "LineString", "coordinates": [ [ 9.294325868696379, 58.646390749645711 ], [ 9.27757399821537, 58.667233992448622 ], [ 9.262080368934424, 58.686698550943326 ], [ 9.254296457609152, 58.695773901690565 ], [ 9.245135798902853, 58.706454414724689 ], [ 9.243730367917978, 58.71200216633126 ], [ 9.244034370973992, 58.716518770941988 ], [ 9.244248158707359, 58.719695049868605 ], [ 9.245308424117079, 58.721663100568577 ], [ 9.245910865319388, 58.723050414935948 ], [ 9.24773353396772, 58.723889499990186 ], [ 9.247962995837153, 58.725618754967655 ] ] } },
{ "type": "Feature", "properties": { "gml_id": "id4fd4c48d-9b4c-496b-8106-8615b5187f48", "lokalid": "8c72c7d8-da3c-404a-85c9-dad1571bdf25", "navnerom": "https://data.geonorge.no/sosi/samferdsel/hovedled_og_biled", "versjonId": 20210101, "datauttaksdato": "2026-01-01T23:00:58", "farlednavn": "Bussesundet", "farlednummer": 1218, "farledtype": "Hovedled" }, "geometry": { "type": "LineString", "coordinates": [ [ 30.961632760449135, 70.459771617554239 ], [ 31.057996264884007, 70.387339743711891 ], [ 31.066024953866449, 70.367660152254061 ], [ 31.106405617748273, 70.268164340065042 ] ] } },
{ "type": "Feature", "properties": { "gml_id": "id8837ca76-234a-4ab3-b1b2-23f6606869d1", "lokalid": "a4310cfa-5b2b-4522-8afb-41461d9809e7", "navnerom": "https://data.geonorge.no/sosi/samferdsel/hovedled_og_biled", "versjonId": 20210101, "datauttaksdato": "2026-01-01T23:00:58", "farlednavn": "Trondheimsleden", "farlednummer": 1136, "farledtype": "Hovedled" }, "geometry": { "type": "LineString", "coordinates": [ [ 9.426582733770168, 63.58723981476772 ], [ 9.542903111058271, 63.619765146304957 ], [ 9.567233183383838, 63.624848827753858 ], [ 9.632609023779468, 63.638545209572186 ], [ 9.685311760666542, 63.64955552278461 ], [ 9.744148001726234, 63.661814546886752 ], [ 9.769756280128048, 63.651233994324727 ], [ 9.776856383572683, 63.637728771676286 ], [ 9.785467341660887, 63.621331197310298 ], [ 9.887293436890015, 63.523302056163047 ], [ 9.915092404183147, 63.496406243477601 ], [ 9.982181303932107, 63.479472925334186 ], [ 10.179542063815589, 63.474556230327877 ], [ 10.272117704513866, 63.472155406099446 ], [ 10.368939654346576, 63.448590204719693 ], [ 10.386126931925103, 63.444396032968548 ] ] } },
{ "type": "Feature", "properties": { "gml_id": "id6f3b9dbc-3794-49dd-8f36-ea558ba56971", "lokalid": "8c887b20-e16e-4a6e-9cc7-eaa9220b3e99", "navnerom": "https://data.geonorge.no/sosi/samferdsel/hovedled_og_biled", "versjonId": 20210101, "datauttaksdato": "2026-01-01T23:00:58", "farlednavn": "Innseiling Landersfjord", "farlednummer": 2116, "farledtype": "Biled" }, "geometry": { "type": "LineString", "coordinates": [ [ 26.751869880661577, 70.639743066387254 ], [ 26.684781007205068, 70.523962229481924 ], [ 26.70888622415378, 70.421659685436865 ] ] } },
{ "type": "Feature", "properties": { "gml_id": "idb3f34dcd-9269-4f30-a77b-e8cc10808b64", "lokalid": "65f368b0-1cb4-4a01-8674-bf6787201c51", "navnerom": "https://data.geonorge.no/sosi/samferdsel/hovedled_og_biled", "versjonId": 20210101, "datauttaksdato": "2026-01-01T23:00:58", "farlednavn": "Lindøysundet - Byøyane - Usken", "farlednummer": 2116, "farledtype": "Biled" }, "geometry": { "type": "LineString", "coordinates": [ [ 5.798371683754559, 58.98871001713605 ], [ 5.810881286863204, 58.984768130387231 ], [ 5.817291267108704, 58.985594799132002 ], [ 5.820722917630669, 58.982288127888488 ], [ 5.815001260649133, 58.975096469482992 ], [ 5.819579575785441, 58.971906467795336 ], [ 5.839635918445194, 58.96777368191686 ], [ 5.847616147052575, 58.966128118421572 ], [ 5.851051123713093, 58.956566457057676 ], [ 5.84303947365257, 58.948718120156656 ], [ 5.840131569422168, 58.938866762533486 ], [ 5.828265333933252, 58.936394176645159 ], [ 5.823413746696051, 58.936666998484313 ], [ 5.788122364082514, 58.952576236516876 ] ] } },
{ "type": "Feature", "properties": { "gml_id": "ide640593e-9774-4a2a-ba1a-31a2f6ed6086", "lokalid": "07555c74-da88-4687-98bc-60088e693f2c", "navnerom": "https://data.geonorge.no/sosi/samferdsel/hovedled_og_biled", "versjonId": 20210101, "datauttaksdato": "2026-01-01T23:00:58", "farlednavn": "Trondheimsfjorden - Levanger", "farlednummer": 2520, "farledtype": "Biled" }, "geometry": { "type": "LineString", "coordinates": [ [ 10.877607649763483, 63.709734898712668 ], [ 11.056501339557979, 63.738828535520994 ], [ 11.203155975810558, 63.762470100255513 ], [ 11.269573138308552, 63.76941627972019 ], [ 11.278231233001797, 63.770675643843092 ] ] } },
{ "type": "Feature", "properties": { "gml_id": "id1e6cfa3b-1b73-4880-9be3-0041955b5252", "lokalid": "31bb88d1-075a-492d-aabf-bde5f71c8e2d", "navnerom": "https://data.geonorge.no/sosi/samferdsel/hovedled_og_biled", "versjonId": 20210101, "datauttaksdato": "2026-01-01T23:00:58", "farlednavn": "Ytterøen - Verdalsøren", "farlednummer": 2521, "farledtype": "Biled" }, "geometry": { "type": "LineString", "coordinates": [ [ 11.278232454673935, 63.770674054069957 ], [ 11.380411587465597, 63.7872867533288 ], [ 11.418480416138275, 63.787682230414056 ] ] } },
{ "type": "Feature", "properties": { "gml_id": "idc3903f31-4ccb-4775-a1ee-059ce7202ae9", "lokalid": "b66d8f71-cb3d-439e-b1aa-9e3800d520e0", "navnerom": "https://data.geonorge.no/sosi/samferdsel/hovedled_og_biled", "versjonId": 20210101, "datauttaksdato": "2026-01-01T23:00:58", "farlednavn": "Ofotfjorden", "farlednummer": 1183, "farledtype": "Hovedled" }, "geometry": { "type": "LineString", "coordinates": [ [ 15.594792883020457, 68.212318372074222 ], [ 16.011874580605195, 68.347830715999294 ], [ 16.059485954600103, 68.363131625986995 ], [ 16.145674928920329, 68.374986308884147 ], [ 16.376444475776466, 68.406447553054349 ], [ 16.455797741991944, 68.416352260569809 ], [ 16.615625343836655, 68.436161143451017 ], [ 16.77533147844137, 68.435231683762908 ], [ 17.345124389674769, 68.430702750351642 ] ] } },
{ "type": "Feature", "properties": { "gml_id": "ide91a2c89-8a19-48eb-93e8-00fe0c2aa1a5", "lokalid": "a052dd14-ae84-4f02-b1e9-d6b676fa22f3", "navnerom": "https://data.geonorge.no/sosi/samferdsel/hovedled_og_biled", "versjonId": 20210101, "datauttaksdato": "2026-01-01T23:00:58", "farlednavn": "Ranfjorden", "farlednummer": 1164, "farledtype": "Hovedled" }, "geometry": { "type": "LineString", "coordinates": [ [ 12.793980666819072, 66.132791851308653 ], [ 13.041013330058401, 66.164592039918375 ], [ 13.075529812608437, 66.168997649321526 ], [ 13.180530139792026, 66.190569286644021 ], [ 13.29849429577715, 66.231799461130251 ], [ 13.333848815507494, 66.240018570453003 ], [ 13.358090534917631, 66.238377525449238 ], [ 13.383456630325513, 66.228315650779422 ], [ 13.478996213036117, 66.239253702110119 ], [ 13.515316912009023, 66.24720293083584 ], [ 13.548284900025951, 66.247277374563438 ], [ 13.609206492755916, 66.23669814568153 ], [ 13.646772031677857, 66.238789538839427 ], [ 13.700792308682658, 66.249286456891937 ], [ 13.78438374889434, 66.25449976246712 ], [ 13.909796966982515, 66.262232989472778 ], [ 13.968652570077644, 66.281949185736138 ], [ 14.085620979222087, 66.308016417710519 ], [ 14.085622849002522, 66.308015687237898 ], [ 14.09755455661754, 66.310765367948832 ] ] } },
{ "type": "Feature", "properties": { "gml_id": "id67354cf1-0505-4b4f-9a08-69dc194dc335", "lokalid": "6bb16772-a4ee-4d54-8a41-6e5152974616", "navnerom": "https://data.geonorge.no/sosi/samferdsel/hovedled_og_biled", "versjonId": 20210101, "datauttaksdato": "2026-01-01T23:00:58", "farlednavn": "Innseiling Hekkingen", "farlednummer": 1195, "farledtype": "Hovedled" }, "geometry": { "type": "LineString", "coordinates": [ [ 17.825523863530098, 69.632809217624086 ], [ 17.887212825386751, 69.601710549622595 ], [ 17.906759465987655, 69.591556038606981 ], [ 17.912377255904119, 69.58863758725397 ], [ 17.937677478865627, 69.575494079597405 ], [ 17.938633185509651, 69.574998158378349 ], [ 17.977374004283245, 69.554871669022049 ], [ 18.15146847599177, 69.473391060127327 ] ] } },
{ "type": "Feature", "properties": { "gml_id": "idb16ddb01-cff8-4c7f-99df-10bf5d757b03", "lokalid": "413f7d73-e381-43b0-85f8-c8a0a3b63272", "navnerom": "https://data.geonorge.no/sosi/samferdsel/hovedled_og_biled", "versjonId": 20210101, "datauttaksdato": "2026-01-01T23:00:58", "farlednavn": "Ferge Sjona - Husøy", "farlednummer": 2622, "farledtype": "Biled" }, "geometry": { "type": "LineString", "coordinates": [ [ 12.309509091515787, 66.469256202810726 ], [ 12.098761041251873, 66.477954097812457 ], [ 12.08158918369114, 66.484543176236784 ] ] } },
{ "type": "Feature", "properties": { "gml_id": "id85e38905-293f-4fcd-825c-2ed77b2b9915", "lokalid": "121084bf-4ce8-43a8-b09d-7d3e9518c4ad", "navnerom": "https://data.geonorge.no/sosi/samferdsel/hovedled_og_biled", "versjonId": 20210101, "datauttaksdato": "2026-01-01T23:00:58", "farlednavn": "Innseiling Lillesand", "farlednummer": 2091, "farledtype": "Biled" }, "geometry": { "type": "LineString", "coordinates": [ [ 8.474631240330229, 58.184419924815735 ], [ 8.425058758746415, 58.219709306461127 ], [ 8.408242708344256, 58.230321209153452 ], [ 8.39750462208363, 58.236940712084646 ] ] } },
{ "type": "Feature", "properties": { "gml_id": "id13ba0c25-ae2e-404e-8fd3-4fea79318890", "lokalid": "a412c37c-c222-4e21-98b6-c142b738f24d", "navnerom": "https://data.geonorge.no/sosi/samferdsel/hovedled_og_biled", "versjonId": 20210101, "datauttaksdato": "2026-01-01T23:00:58", "farlednavn": "Langsundet - Hamrefjorden", "farlednummer": 1196, "farledtype": "Hovedled" }, "geometry": { "type": "LineString", "coordinates": [ [ 19.260196962429848, 69.784841982709423 ], [ 19.362054221649316, 69.820127147775167 ], [ 19.396404263881475, 69.850016024750914 ], [ 19.461489280185646, 69.888562494277224 ], [ 19.487146005859515, 69.903757637348164 ], [ 19.514233715391619, 69.92150169555805 ], [ 19.518245855648004, 69.924129884694452 ], [ 19.626620011254971, 69.95572238808144 ], [ 19.629790286359384, 69.956646565066507 ], [ 19.643535879946757, 69.961891267654195 ], [ 19.665005215920793, 69.970075557163156 ], [ 19.680282143099891, 69.975893725791451 ], [ 19.68462376366525, 69.99769659066483 ], [ 19.663856804464348, 70.044779655488597 ], [ 19.64181542276452, 70.094752102260543 ], [ 19.457807132913807, 70.231650493939767 ], [ 19.402813164080296, 70.304189227611872 ], [ 19.372292024528683, 70.34422422611442 ] ] } },
{ "type": "Feature", "properties": { "gml_id": "id4d4262ca-2982-4eea-b95a-5edf209c9a1f", "lokalid": "9c4ef300-f811-459c-9b71-fa19040270b8", "navnerom": "https://data.geonorge.no/sosi/samferdsel/hovedled_og_biled", "versjonId": 20210101, "datauttaksdato": "2026-01-01T23:00:58", "farlednavn": "Langesundsbkt - Dypingen-Skien", "farlednummer": 1023, "farledtype": "Hovedled" }, "geometry": { "type": "LineString", "coordinates": [ [ 9.761186394952519, 59.014685183004595 ], [ 9.749841114322924, 59.021826703224825 ], [ 9.709945256850771, 59.047004374763183 ] ] } },
{ "type": "Feature", "properties": { "gml_id": "idab3aef26-14ac-447b-80bc-cc76ae0c4a82", "lokalid": "976dae39-2fca-4a02-a205-aeb5d408a183", "navnerom": "https://data.geonorge.no/sosi/samferdsel/hovedled_og_biled", "versjonId": 20210101, "datauttaksdato": "2026-01-01T23:00:58", "farlednavn": "Innseiling Gamle Langesund", "farlednummer": 1023, "farledtype": "Hovedled" }, "geometry": { "type": "LineString", "coordinates": [ [ 9.778116301883367, 58.971132078508397 ], [ 9.765402453388388, 58.9947367698609 ], [ 9.763708422864241, 59.00283430860982 ], [ 9.762590913496448, 59.008050616781986 ], [ 9.761465810388982, 59.013314231894142 ], [ 9.761187829480312, 59.014683837417721 ] ] } },
{ "type": "Feature", "properties": { "gml_id": "ida653a9c4-2510-4360-aa42-501d198f9e8f", "lokalid": "b4462083-ab37-48fa-a10d-f29c4977f6ef", "navnerom": "https://data.geonorge.no/sosi/samferdsel/hovedled_og_biled", "versjonId": 20210101, "datauttaksdato": "2026-01-01T23:00:58", "farlednavn": "Langesundsbukta", "farlednummer": 1023, "farledtype": "Hovedled" }, "geometry": { "type": "LineString", "coordinates": [ [ 9.782658920615827, 58.98579124058196 ], [ 9.778113969253718, 58.971136483738583 ], [ 9.772336675754689, 58.953252289153966 ] ] } },
{ "type": "Feature", "properties": { "gml_id": "id1d33b20d-53b0-4813-8e53-de8273d4c0b0", "lokalid": "600a0f36-05aa-4d65-b23c-d66b50fe6372", "navnerom": "https://data.geonorge.no/sosi/samferdsel/hovedled_og_biled", "versjonId": 20210101, "datauttaksdato": "2026-01-01T23:00:58", "farlednavn": "Langesundsbukta - Dypingen - Porsgrunn", "farlednummer": 1023, "farledtype": "Hovedled" }, "geometry": { "type": "LineString", "coordinates": [ [ 9.709945256850771, 59.047004374763183 ], [ 9.708164555375458, 59.046951605811643 ], [ 9.692856343803836, 59.049243250241858 ], [ 9.68292581133082, 59.052179423553966 ], [ 9.682906157267377, 59.052181144954126 ], [ 9.677739334827626, 59.053323369360641 ], [ 9.673610527363753, 59.053638392033285 ], [ 9.670425517825812, 59.053938294954783 ], [ 9.667386017129326, 59.053974659470207 ], [ 9.663560509882448, 59.053874405344295 ], [ 9.663503530928383, 59.053879388021166 ], [ 9.652739717801426, 59.059062704962116 ], [ 9.628811938006523, 59.092084945298446 ], [ 9.602270301721896, 59.120276615325551 ], [ 9.604261996128743, 59.121273829603069 ], [ 9.62965705478706, 59.134629546629839 ] ] } }
]
}
